TAP version 13
# Subtest: composed city query is repeatable, read-only and stable after load; includes every current site
not ok 1 - composed city query is repeatable, read-only and stable after load; includes every current site
  ---
  duration_ms: 2579.505903
  type: 'test'
  location: '/mnt/e/Factorio2/packages/sim/test/campaignCityValidation.test.ts:6:1'
  failureType: 'testCodeFailure'
  error: |-
    Expected values to be strictly equal:
    
    14 !== 13
    
  code: 'ERR_ASSERTION'
  name: 'AssertionError'
  expected: 13
  actual: 14
  operator: 'strictEqual'
  stack: |-
    TestContext.<anonymous> (/mnt/e/Factorio2/packages/sim/test/campaignCityValidation.test.ts:9:9)
    Test.runInAsyncScope (node:async_hooks:214:14)
    Test.run (node:internal/test_runner/test:1047:25)
    Test.start (node:internal/test_runner/test:944:17)
    startSubtestAfterBootstrap (node:internal/test_runner/harness:296:17)
  ...
# Subtest: physical survey uses ordinary placement geometry without granting the tram unlock or pocket stock
not ok 2 - physical survey uses ordinary placement geometry without granting the tram unlock or pocket stock
  ---
  duration_ms: 558.781703
  type: 'test'
  location: '/mnt/e/Factorio2/packages/sim/test/campaignCityValidation.test.ts:13:1'
  failureType: 'testCodeFailure'
  error: |-
    Expected values to be strictly deep-equal:
    + actual - expected
    ... Skipped lines
    
      {
        acc: 0,
        asmManual: 0,
        asmTrack: {
          at: -1,
    ...
          stats: {
    +       beltDelivered: 0,
            chestTrips: 0,
            coalBurned: 0,
            consumed: {
              board: 0,
              coal: 0,
    ...
            reachRefused: 0,
    +       tramMoved: 0,
            turretFed: 0
          },
          store: {
            board: 0,
            coal: 40,
    
  code: 'ERR_ASSERTION'
  name: 'AssertionError'
  expected:
    version: 3
    seed: 3
    t: 0
    rng: 4293106050
    speed: 1
    acc: 0
    ruleset: 'exploration-v2'
    campaign:
      version: 10
      opening: 'culdesac-v1'
      homeBlock: 356
      expansion:
        station:
          block: 353
          x: 386
          y: 632
          size: 3
          delivered:
            steel: 0
            copper: 0
          restoredAt: -1
        radio:
          block: 353
          x: 376
          y: 621
          size: 1
          delivered:
            steel: 0
            copper: 0
          restoredAt: -1
        route:
          0: 508436
          1: 507636
          2: 506836
          3: 506036
          4: 505236
          5: 504436
          6: 503636
          7: 502836
          8: 502036
          9: 501236
          10: 500436
          11: 499636
          12: 498836
          13: 498036
          14: 497236
          15: 496436
          16: 495636
          17: 495635
          18: 495634
          19: 495633
          20: 495632
          21: 495631
          22: 495630
          23: 495629
          24: 495628
          25: 495627
          26: 495626
          27: 495625
          28: 495624
          29: 495623
          30: 495622
          31: 495621
          32: 495620
          33: 495619
          34: 495618
          35: 495617
          36: 495616
          37: 495615
          38: 495614
          39: 495613
          40: 495612
          41: 495611
          42: 495610
          43: 495609
          44: 495608
          45: 495607
          46: 495606
          47: 495605
        stops:
          0:
            0: 434
            1: 635
          1:
            0: 403
            1: 619
        reward:
          track: 0
          tramstop: 0
          tram: 0
        grantedAt: -1
      defence:
        version: 2
        bases:
          0:
            block: 356
            x: 418
            y: 632
            size: 6
            hp: 300
            commissionedAt: 0
        nextId: 1
        nextDawn: 2400
        lastMajorEnd: -1
        lastMinorSlot: -1
        nominations:
        major: ~
        minor: ~
        radioUpgrade: false
        warning: ~
        repair: ~
        sites:
          0:
            id: 1
            block: 0
            tile: 8008
            spawned: false
          1:
            id: 2
            block: 1
            tile: 6460
            spawned: false
          2:
            id: 3
            block: 2
            tile: 6504
            spawned: false
        history:
        raidsStarted: 0
        majorSpawned: 0
        notice: ''
      districts:
        version: 1
        station:
          block: 332
          x: 390
          y: 596
          size: 3
          delivered:
            steel: 0
            copper: 0
          restoredAt: -1
        workshop:
          block: 332
          x: 378
          y: 585
          size: 1
          delivered:
            steel: 0
            copper: 0
          restoredAt: -1
        route:
          0: 495605
          1: 494805
          2: 494005
          3: 493205
          4: 492405
        stop:
          0: 403
          1: 615
        sources:
          0:
            block: 353
            x: 377
            y: 621
            size: 5
            item: 'steel'
          1:
            block: 332
            x: 379
            y: 585
            size: 5
            item: 'copper'
          2:
            block: 334
            x: 414
            y: 586
            size: 5
            item: 'coal'
        repair: ~
        repairs: 0
        supplied:
          steel: 0
          copper: 0
          magazine: 0
        visits: 0
        lastVisit: -1
        resuppliedAt: -1
      discovery:
        version: 1
        id: '3:workshop-field-repair-v1'
        block: 332
        x: 378
        y: 599
        seenAt: -1
        recoveredAt: -1
        guardian:
          cand:
            perception: 5
            leash: 8
            hpMul: 2
            speedMul: 1.2
            windupS: 1.2
            attackS: 1.2
            attackHp: 5
            investigateS: 6
            lostS: 2
            hysteresis: 2
            respawnS: 0
          next: 2
          stalkers:
            0:
              id: 1
              kind: 'stalker'
              site: 332
              hx: 378.5
              hy: 599.5
              x: 378.5
              y: 599.5
              hp: 24
              mode: 'guard'
              modeT: 0
              px: 378.5
              py: 599.5
              windup: 0
              atk: 0
              warmed: false
              lost: 0
              stuck: 0
              born: 0
              dir:
                0: 0
                1: 0
              path:
              goal: -1
              planT: -1
          sites:
            332:
              restored: false
              diedAt: -1
              spawned: 1
          ex: 421.5
          ey: 638.5
          shotAt: -1
          machineId: 3
          stats:
            spawned: 1
            pursuits: 0
            attacks: 0
            hits: 0
            dodged: 0
            kills: 0
            retired: 0
            contactS: 0
      recruits:
        version: 4
        sites:
          0:
            id: '3:recruit:electricians:v1'
            kind: 'electricians'
            block: 355
            x: 443
            y: 635
            seenAt: -1
            recruitedAt: -1
            inherited: false
          1:
            id: '3:recruit:concrete:v1'
            kind: 'concrete'
            block: 334
            x: 433
            y: 613
            seenAt: -1
            recruitedAt: -1
            inherited: false
          2:
            id: '3:recruit:lamplighters:v1'
            kind: 'lamplighters'
            block: 355
            x: 465
            y: 645
            seenAt: -1
            recruitedAt: -1
            inherited: false
          3:
            id: '3:recruit:surveyors:v1'
            kind: 'surveyors'
            block: 334
            x: 434
            y: 588
            seenAt: -1
            recruitedAt: -1
            inherited: false
          4:
            id: '3:recruit:foreman:v1'
            kind: 'foreman'
            block: 353
            x: 398
            y: 621
            seenAt: -1
            recruitedAt: -1
            inherited: false
      turbine:
        id: '3:turbine:v1'
        block: 363
        x: 517
        y: 656
        size: 4
        seenAt: -1
        restoredAt: -1
        enabled: false
        delivered:
          steel: 0
          copper: 0
          concrete: 0
      knowledge:
        version: 1
        sites:
          station: 0
    w: 800
    h: 800
    start:
      0: 421
      1: 634
    target:
      0: 615
      1: 487
    wells:
      0:
        0: 653
        1: 441
      1:
        0: 18
        1: 86
      2:
        0: 782
        1: 40
      3:
        0: 39
        1: 660
      4:
        0: 643
        1: 673
    facilities:
      0:
        name: 'Foundry'
        x: 615
        y: 487
      1:
        name: 'Arsenal'
        x: 727
        y: 688
      2:
        name: 'Turbine hall'
        x: 500
        y: 311
      3:
        name: 'Refinery'
        x: 125
        y: 636
      4:
        name: 'Power station'
        x: 236
        y: 60
      5:
        name: 'Tram depot'
        x: 521
        y: 588
    survivors:
      0:
        name: 'Electricians'
        tag: 'E'
        x: 313
        y: 658
      1:
        name: 'Concrete crew'
        tag: 'N'
        x: 331
        y: 498
      2:
        name: 'Gunsmith'
        tag: 'G'
        x: 455
        y: 376
      3:
        name: 'Rail crew'
        tag: 'K'
        x: 282
        y: 500
      4:
        name: 'Foreman'
        tag: 'M'
        x: 434
        y: 237
    config:
      production: true
      asmSchedule:
      startAssemblers: 1
      asmRate: 20
      asmEarlyRate: ~
      startAsmRate: 10
      hopper: 100
      bufferCap: 4000
      startRounds: 200
      unfed: 'substation'
      unfedN: 40
      starveQuiet: false
      scatter: true
      scatterFrac: 0.09
      validator: 'none'
      shadeThr: 0.3
      hulkThr: 0.5
      wakeCap: true
      bloomBase: 4
      jitter: 0.1
      fallTiles: 30
      hulkRoll: 'hash'
      bloomT: 120
      bloomDrop: 0.9
      relight: ~
      power: true
      supply: 'generators'
      headroom: 500
      shortfall: ~
      draw: 'half'
      interiorGrace: 0
      asmTrack: 0
      wellDeath: false
      interleave: false
      economy: true
      walk: true
      eco:
        yieldPerMin: 32
        claimCost:
          copper: 5
          steel: 10
        assemblerCost:
          copper: 20
          steel: 40
        startStock:
          stone: 0
          copper: 40
          steel: 80
        startPatch:
          steel: 7680
          perMin: 64
          copper: 3840
          copperPerMin: 32
        magazineCost:
          steel: 2
          copper: 1
        pool:
          civ: 3840
          res: 3840
          ind: 3840
    blocks:
      0:
        x: 29
        y: 29
        state: 0
        d: 0.44316524300049054
        dmax: 0.9779999999999999
        g: 0.00195
        name: 'ind'
        well: true
        base: 0.7529999999999999
        gBase: 0.0006
        timer: -1
        contestUntil: 0
        upto: 0
        awake: false
        subOn: true
        creep: 0
        unfed: 0
        fedTimer: 0
        shadeOff: 0
        unfedSince: -1
        starveSince: -1
        machines: 0
        slots: 3
        area: 2036
        pool: 13573.333333333334
        exposed: true
        exposedAt: 0
      1:
        x: 72
        y: 20
        state: 0
        d: 0.47896710034303824
        dmax: 0.9029999999999999
        g: 0.0014999999999999998
        name: 'ind'
        well: true
        base: 0.7529999999999999
        gBase: 0.0006
        timer: -1
        contestUntil: 0
        upto: 0
        awake: false
        subOn: true
        creep: 0
        unfed: 0
        fedTimer: 0
        shadeOff: 0
        unfedSince: -1
        starveSince: -1
        machines: 0
        slots: 1
        area: 701
        pool: 4673.333333333333
        exposed: true
        exposedAt: 0
      2:
        x: 112
        y: 17
        state: 0
        d: 0.40684931739850433
        dmax: 0.819
        g: 0.00105
        name: 'ind'
        well: true
        base: 0.744
        gBase: 0.0006
        timer: -1
        contestUntil: 0
        upto: 0
        awake: false
        subOn: true
        creep: 0
        unfed: 0
        fedTimer: 0
        shadeOff: 0
        unfedSince: -1
        starveSince: -1
        machines: 0
        slots: 1
        area: 558
        pool: 3720
        exposed: true
        exposedAt: 0
      3:
        x: 143
        y: 22
        state: 0
        d: 0.5385006292490289
        dmax: 1
        g: 0.0008
        name: 'out'
        well: false
        base: 1
        gBase: 0.0008
        timer: -1
        contestUntil: 0
        upto: 0
        awake: false
        subOn: true
        creep: 0
        unfed: 0
        fedTimer: 0
        shadeOff: 0
        unfedSince: -1
        starveSince: -1
        machines: 0
        slots: 2
        area: 1268
        pool: 0
        exposed: true
        exposedAt: 0
      4:
        x: 174
        y: 16
        state: 0
        d: 0.4668991052079946
        dmax: 1
        g: 0.0008
        name: 'out'
        well: false
        base: 1
        gBase: 0.0008
        timer: -1
        contestUntil: 0
        upto: 0
        awake: false
        subOn: true
        creep: 0
        unfed: 0
        fedTimer: 0
        shadeOff: 0
        unfedSince: -1
        starveSince: -1
        machines: 0
        slots: 1
        area: 690
        pool: 0
        exposed: true
        exposedAt: 0
      5:
        x: 207
        y: 24
        state: 0
        d: 0.46512542171403765
        dmax: 1
        g: 0.0008
        name: 'out'
        well: false
        base: 1
        gBase: 0.0008
        timer: -1
        contestUntil: 0
        upto: 0
        awake: false
        subOn: true
        creep: 0
        unfed: 0
        fedTimer: 0
        shadeOff: 0
        unfedSince: -1
        starveSince: -1
        machines: 0
        slots: 2
        area: 1239
        pool: 0
        exposed: true
        exposedAt: 0
      6:
        x: 243
        y: 19
        state: 0
        d: 0.4817041707923636
        dmax: 1
        g: 0.0008
        name: 'out'
        well: false
        base: 1
        gBase: 0.0008
        timer: -1
        contestUntil: 0
        upto: 0
        awake: false
        subOn: true
        creep: 0
        unfed: 0
        fedTimer: 0
        shadeOff: 0
        unfedSince: -1
        starveSince: -1
        machines: 0
        slots: 1
        area: 749
        pool: 0
        exposed: true
        exposedAt: 0
      7:
        x: 275
        y: 38
        state: 0
        d: 0.48371578196529297
        dmax: 1
        g: 0.0008
        name: 'out'
        well: false
        base: 1
        gBase: 0.0008
        timer: -1
        contestUntil: 0
        upto: 0
        awake: false
        subOn: true
        creep: 0
        unfed: 0
        fedTimer: 0
        shadeOff: 0
        unfedSince: -1
        starveSince: -1
        machines: 0
        slots: 1
        area: 797
        pool: 0
        exposed: true
        exposedAt: 0
      8:
        x: 298
        y: 15
        state: 0
        d: 0.5251796968281269
        dmax: 1
        g: 0.0008
        name: 'out'
        well: false
        base: 1
        gBase: 0.0008
        timer: -1
        contestUntil: 0
        upto: 0
        awake: false
        subOn: true
        creep: 0
        unfed: 0
        fedTimer: 0
        shadeOff: 0
        unfedSince: -1
        starveSince: -1
        machines: 0
        slots: 1
        area: 565
        pool: 0
        exposed: true
        exposedAt: 0
      9:
        x: 327
        y: 33
        state: 0
        d: 0.5381930499337614
        dmax: 1
        g: 0.0008
        name: 'out'
        well: false
        base: 1
        gBase: 0.0008
        timer: -1
        contestUntil: 0
        upto: 0
        awake: false
        subOn: true
        creep: 0
        unfed: 0
        fedTimer: 0
        shadeOff: 0
        unfedSince: -1
        starveSince: -1
        machines: 0
        slots: 2
        area: 1405
        pool: 0
        exposed: true
        exposedAt: 0
      10:
        x: 359
        y: 18
        state: 0
        d: 0.5275515437591821
        dmax: 1
        g: 0.0008
        name: 'out'
        well: false
        base: 1
        gBase: 0.0008
        timer: -1
        contestUntil: 0
        upto: 0
        awake: false
        subOn: true
        creep: 0
        unfed: 0
        fedTimer: 0
        shadeOff: 0
        unfedSince: -1
        starveSince: -1
        machines: 0
        slots: 1
        area: 750
        pool: 0
        exposed: true
        exposedAt: 0
      11:
        x: 410
        y: 17
        state: 0
        d: 0.517765131755732
        dmax: 1
        g: 0.0008
        name: 'out'
        well: false
        base: 1
        gBase: 0.0008
        timer: -1
        contestUntil: 0
        upto: 0
        awake: false
        subOn: true
        creep: 0
        unfed: 0
        fedTimer: 0
        shadeOff: 0
        unfedSince: -1
        starveSince: -1
        machines: 0
        slots: 1
        area: 619
        pool: 0
        exposed: true
        exposedAt: 0
      12:
        x: 444
        y: 17
        state: 0
        d: 0.5223967312136665
        dmax: 1
        g: 0.0008
        name: 'out'
        well: false
        base: 1
        gBase: 0.0008
        timer: -1
        contestUntil: 0
        upto: 0
        awake: false
        subOn: true
        creep: 0
        unfed: 0
        fedTimer: 0
        shadeOff: 0
        unfedSince: -1
        starveSince: -1
        machines: 0
        slots: 1
        area: 787
        pool: 0
        exposed: true
        exposedAt: 0
      13:
        x: 497
        y: 22
        state: 0
        d: 0.46493337778374555
        dmax: 1
        g: 0.0008
        name: 'out'
        well: false
        base: 1
        gBase: 0.0008
        timer: -1
        contestUntil: 0
        upto: 0
        awake: false
        subOn: true
        creep: 0
        unfed: 0
        fedTimer: 0
        shadeOff: 0
        unfedSince: -1
        starveSince: -1
        machines: 0
        slots: 2
        area: 1485
        pool: 0
        exposed: true
        exposedAt: 0
      14:
        x: 540
        y: 17
        state: 0
        d: 0.5064395461929962
        dmax: 1
        g: 0.0008
        name: 'out'
        well: false
        base: 1
        gBase: 0.0008
        timer: -1
        contestUntil: 0
        upto: 0
        awake: false
        subOn: true
        creep: 0
        unfed: 0
        fedTimer: 0
        shadeOff: 0
        unfedSince: -1
        starveSince: -1
        machines: 0
        slots: 1
        area: 628
        pool: 0
        exposed: true
        exposedAt: 0
      15:
        x: 571
        y: 26
        state: 0
        d: 0.4544519920134917
        dmax: 1
        g: 0.0008
        name: 'out'
        well: false
        base: 1
        gBase: 0.0008
        timer: -1
        contestUntil: 0
        upto: 0
        awake: false
        subOn: true
        creep: 0
        unfed: 0
        fedTimer: 0
        shadeOff: 0
        unfedSince: -1
        starveSince: -1
        machines: 0
        slots: 1
        area: 630
        pool: 0
        exposed: true
        exposedAt: 0
      16:
        x: 597
        y: 17
        state: 3
        d: 0.5083317574579269
        dmax: 1
        g: 0.0008
        name: 'out'
        well: false
        base: 1
        gBase: 0.0008
        timer: -1
        contestUntil: 0
        upto: 0
        awake: false
        subOn: true
        creep: 0
        unfed: 0
        fedTimer: 0
        shadeOff: 0
        unfedSince: -1
        starveSince: -1
        machines: 0
        slots: 1
        area: 568
        pool: 0
        exposed: true
        exposedAt: 0
      17:
        x: 631
        y: 16
        state: 0
        d: 0.48860267663840207
        dmax: 1
        g: 0.0008
        name: 'out'
        well: false
        base: 1
        gBase: 0.0008
        timer: -1
        contestUntil: 0
        upto: 0
        awake: false
        subOn: true
        creep: 0
        unfed: 0
        fedTimer: 0
        shadeOff: 0
        unfedSince: -1
        starveSince: -1
        machines: 0
        slots: 1
        area: 540
        pool: 0
        exposed: true
        exposedAt: 0
      18:
        x: 674
        y: 22
        state: 0
        d: 0.5497169138630852
        dmax: 1
        g: 0.0014
        name: 'out'
        well: true
        base: 1
        gBase: 0.0008
        timer: -1
        contestUntil: 0
        upto: 0
        awake: false
        subOn: true
        creep: 0
        unfed: 0
        fedTimer: 0
        shadeOff: 0
        unfedSince: -1
        starveSince: -1
        machines: 0
        slots: 2
        area: 1432
        pool: 0
        exposed: true
        exposedAt: 0
      19:
        x: 712
        y: 16
        state: 0
        d: 0.4686209978699684
        dmax: 0.912
        g: 0.0014999999999999998
        name: 'ind'
        well: true
        base: 0.762
        gBase: 0.0006
        timer: -1
        contestUntil: 0
        upto: 0
        awake: false
        subOn: true
        creep: 0
        unfed: 0
        fedTimer: 0
        shadeOff: 0
        unfedSince: -1
        starveSince: -1
        machines: 0
        slots: 1
        area: 615
        pool: 4100
        exposed: true
        exposedAt: 0
      20:
        x: 751
        y: 20
        state: 0
        d: 0.4641280342424288
        dmax: 0.987
        g: 0.00195
        name: 'ind'
        well: true
        base: 0.762
        gBase: 0.0006
        timer: -1
        contestUntil: 0
        upto: 0
        awake: false
        subOn: true
        creep: 0
        unfed: 0
        fedTimer: 0
        shadeOff: 0
        unfedSince: -1
        starveSince: -1
        machines: 0
        slots: 1
        area: 748
        pool: 4986.666666666667
        exposed: true
        exposedAt: 0
      21:
        x: 782
        y: 40
        state: 0
        d: 0.5303495201747864
        dmax: 1
        g: 0.0024
        name: 'ind'
        well: true
        base: 0.762
        gBase: 0.0006
        timer: -1
        contestUntil: 0
        upto: 0
        awake: false
        subOn: true
        creep: 0
        unfed: 0
        fedTimer: 0
        shadeOff: 0
        unfedSince: -1
        starveSince: -1
        machines: 0
        slots: 1
        area: 830
        pool: 5533.333333333333
        exposed: true
        exposedAt: 0
      22:
        x: 708
        y: 44
        state: 0
        d: 0.5190834458218887
        dmax: 1
        g: 0.002
        name: 'out'
        well: true
        base: 1
        gBase: 0.0008
        timer: -1
        contestUntil: 0
        upto: 0
        awake: false
        subOn: true
        creep: 0
        unfed: 0
        fedTimer: 0
        shadeOff: 0
        unfedSince: -1
        starveSince: -1
        machines: 0
        slots: 1
        area: 984
        pool: 0
        exposed: true
        exposedAt: 0
      23:
        x: 636
        y: 45
        state: 0
        d: 0.4778599068289623
        dmax: 1
        g: 0.0008
        name: 'out'
        well: false
        base: 1
        gBase: 0.0008
        timer: -1
        contestUntil: 0
        upto: 0
        awake: false
        subOn: true
        creep: 0
        unfed: 0
        fedTimer: 0
        shadeOff: 0
        unfedSince: -1
        starveSince: -1
        machines: 0
        slots: 1
        area: 981
        pool: 0
        exposed: true
        exposedAt: 0
      24:
        x: 402
        y: 47
        state: 0
        d: 0.539961589127779
        dmax: 1
        g: 0.0008
        name: 'out'
        well: false
        base: 1
        gBase: 0.0008
        timer: -1
        contestUntil: 0
        upto: 0
        awake: false
        subOn: true
        creep: 0
        unfed: 0
        fedTimer: 0
        shadeOff: 0
        unfedSince: -1
        starveSince: -1
        machines: 0
        slots: 1
        area: 965
        pool: 0
        exposed: true
        exposedAt: 0
      25:
        x: 449
        y: 49
        state: 0
        d: 0.5117248089751228
        dmax: 1
        g: 0.0008
        name: 'out'
        well: false
        base: 1
        gBase: 0.0008
        timer: -1
        contestUntil: 0
        upto: 0
        awake: false
        subOn: true
        creep: 0
        unfed: 0
        fedTimer: 0
        shadeOff: 0
        unfedSince: -1
        starveSince: -1
        machines: 0
        slots: 2
        area: 1217
        pool: 0
        exposed: true
        exposedAt: 0
      26:
        x: 368
        y: 47
        state: 0
        d: 0.5361515667522326
        dmax: 1
        g: 0.0008
        name: 'out'
        well: false
        base: 1
        gBase: 0.0008
        timer: -1
        contestUntil: 0
        upto: 0
        awake: false
        subOn: true
        creep: 0
        unfed: 0
        fedTimer: 0
        shadeOff: 0
        unfedSince: -1
        starveSince: -1
        machines: 0
        slots: 1
        area: 611
        pool: 0
        exposed: true
        exposedAt: 0
      27:
        x: 610
        y: 51
        state: 0
        d: 0.538417428242974
        dmax: 1
        g: 0.0008
        name: 'out'
        well: false
        base: 1
        gBase: 0.0008
        timer: -1
        contestUntil: 0
        upto: 0
        awake: false
        subOn: true
        creep: 0
        unfed: 0
        fedTimer: 0
        shadeOff: 0
        unfedSince: -1
        starveSince: -1
        machines: 0
        slots: 1
        area: 246
        pool: 0
        exposed: true
        exposedAt: 0
      28:
        x: 746
        y: 48
        state: 0
        d: 0.44911632962243164
        dmax: 0.987
        g: 0.00195
        name: 'ind'
        well: true
        base: 0.762
        gBase: 0.0006
        timer: -1
        contestUntil: 0
        upto: 0
        awake: false
        subOn: true
        creep: 0
        unfed: 0
        fedTimer: 0
        shadeOff: 0
        unfedSince: -1
        starveSince: -1
        machines: 0
        slots: 1
        area: 549
        pool: 3660
        exposed: true
        exposedAt: 0
      29:
        x: 68
        y: 50
        state: 0
        d: 0.48809491899702695
        dmax: 0.9029999999999999
        g: 0.0014999999999999998
        name: 'ind'
        well: true
        base: 0.7529999999999999
        gBase: 0.0006
        timer: -1
        contestUntil: 0
        upto: 0
        awake: false
        subOn: true
        creep: 0
        unfed: 0
        fedTimer: 0
        shadeOff: 0
        unfedSince: -1
        starveSince: -1
        machines: 0
        slots: 1
        area: 430
        pool: 2866.6666666666665
        exposed: true
        exposedAt: 0
      30:
        x: 109
        y: 52
        state: 0
        d: 0.5253275593509897
        dmax: 1
        g: 0.0014
        name: 'out'
        well: true
        base: 1
        gBase: 0.0008
        timer: -1
        contestUntil: 0
        upto: 0
        awake: false
        subOn: true
        creep: 0
        unfed: 0
        fedTimer: 0
        shadeOff: 0
        unfedSince: -1
        starveSince: -1
        machines: 0
        slots: 1
        area: 235
        pool: 0
        exposed: true
        exposedAt: 0
      31:
        x: 205
        y: 62
        state: 3
        d: 0.4545697818510234
        dmax: 1
        g: 0.0008
        name: 'out'
        well: false
        base: 1
        gBase: 0.0008
        timer: -1
        contestUntil: 0
        upto: 0
        awake: false
        subOn: true
        creep: 0
        unfed: 0
        fedTimer: 0
        shadeOff: 0
        unfedSince: -1
        starveSince: -1
        machines: 0
        slots: 1
        area: 930
        pool: 0
        exposed: true
        exposedAt: 0
      32:
        x: 236
        y: 60
        state: 0
        d: 0.5251784273656085
        dmax: 1
        g: 0.0008
        name: 'out'
        well: false
        base: 1
        gBase: 0.0008
        timer: -1
        contestUntil: 0
        upto: 0
        awake: false
        subOn: true
        creep: 0
        unfed: 0
        fedTimer: 0
        shadeOff: 0
        unfedSince: -1
        starveSince: -1
        machines: 0
        slots: 1
        area: 683
        pool: 0
        exposed: true
        exposedAt: 0
      33:
        x: 531
        y: 61
        state: 0
        d: 0.5367918828502297
        dmax: 1
        g: 0.0008
        name: 'out'
        well: false
        base: 1
        gBase: 0.0008
        timer: -1
        contestUntil: 0
        upto: 0
        awake: false
        subOn: true
        creep: 0
        unfed: 0
        fedTimer: 0
        shadeOff: 0
        unfedSince: -1
        starveSince: -1
        machines: 0
        slots: 1
        area: 574
        pool: 0
        exposed: true
        exposedAt: 0
      34:
        x: 567
        y: 65
        state: 0
        d: 0.5447966257575899
        dmax: 1
        g: 0.0008
        name: 'out'
        well: false
        base: 1
        gBase: 0.0008
        timer: -1
        contestUntil: 0
        upto: 0
        awake: false
        subOn: true
        creep: 0
        unfed: 0
        fedTimer: 0
        shadeOff: 0
        unfedSince: -1
        starveSince: -1
        machines: 0
        slots: 1
        area: 765
        pool: 0
        exposed: true
        exposedAt: 0
      35:
        x: 169
        y: 74
        state: 0
        d: 0.5287807842716574
        dmax: 1
        g: 0.0008
        name: 'out'
        well: false
        base: 1
        gBase: 0.0008
        timer: -1
        contestUntil: 0
        upto: 0
        awake: false
        subOn: true
        creep: 0
        unfed: 0
        fedTimer: 0
        shadeOff: 0
        unfedSince: -1
        starveSince: -1
        machines: 0
        slots: 2
        area: 1216
        pool: 0
        exposed: true
        exposedAt: 0
      36:
        x: 497
        y: 72
        state: 0
        d: 0.47234131277073177
        dmax: 1
        g: 0.0008
        name: 'out'
        well: false
        base: 1
        gBase: 0.0008
        timer: -1
        contestUntil: 0
        upto: 0
        awake: false
        subOn: true
        creep: 0
        unfed: 0
        fedTimer: 0
        shadeOff: 0
        unfedSince: -1
        starveSince: -1
        machines: 0
        slots: 1
        area: 997
        pool: 0
        exposed: true
        exposedAt: 0
      37:
        x: 132
        y: 80
        state: 0
        d: 0.5493692262331024
        dmax: 1
        g: 0.0014
        name: 'out'
        well: true
        base: 1
        gBase: 0.0008
        timer: -1
        contestUntil: 0
        upto: 0
        awake: false
        subOn: true
        creep: 0
        unfed: 0
        fedTimer: 0
        shadeOff: 0
        unfedSince: -1
        starveSince: -1
        machines: 0
        slots: 1
        area: 811
        pool: 0
        exposed: true
        exposedAt: 0
      38:
        x: 778
        y: 74
        state: 0
        d: 0.4578728263033087
        dmax: 0.9779999999999999
        g: 0.00195
        name: 'ind'
        well: true
        base: 0.7529999999999999
        gBase: 0.0006
        timer: -1
        contestUntil: 0
        upto: 0
        awake: false
        subOn: true
        creep: 0
        unfed: 0
        fedTimer: 0
        shadeOff: 0
        unfedSince: -1
        starveSince: -1
        machines: 0
        slots: 1
        area: 755
        pool: 5033.333333333333
        exposed: true
        exposedAt: 0
      39:
        x: 18
        y: 86
        state: 0
        d: 0.5479543107328937
        dmax: 1
        g: 0.0024
        name: 'ind'
        well: true
        base: 0.744
        gBase: 0.0006
        timer: -1
        contestUntil: 0
        upto: 0
        awake: false
        subOn: true
        creep: 0
        unfed: 0
        fedTimer: 0
        shadeOff: 0
        unfedSince: -1
        starveSince: -1
        machines: 0
        slots: 1
        area: 733
        pool: 4886.666666666667
        exposed: true
        exposedAt: 0
      40:
        x: 273
        y: 76
        state: 0
        d: 0.49229934518225493
        dmax: 1
        g: 0.0008
        name: 'out'
        well: false
        base: 1
        gBase: 0.0008
        timer: -1
        contestUntil: 0
        upto: 0
        awake: false
        subOn: true
        creep: 0
        unfed: 0
        fedTimer: 0
        shadeOff: 0
        unfedSince: -1
        starveSince: -1
        machines: 0
        slots: 1
        area: 1162
        pool: 0
        exposed: true
        exposedAt: 0
      41:
        x: 50
        y: 78
        state: 0
        d: 0.4725331404944882
        dmax: 1
        g: 0.0026000000000000003
        name: 'out'
        well: true
        base: 1
        gBase: 0.0008
        timer: -1
        contestUntil: 0
        upto: 0
        awake: false
        subOn: true
        creep: 0
        unfed: 0
        fedTimer: 0
        shadeOff: 0
        unfedSince: -1
        starveSince: -1
        machines: 0
        slots: 1
        area: 1161
        pool: 0
        exposed: true
        exposedAt: 0
      42:
        x: 666
        y: 73
        state: 0
        d: 0.45963594757486137
        dmax: 1
        g: 0.0008
        name: 'out'
        well: false
        base: 1
        gBase: 0.0008
        timer: -1
        contestUntil: 0
        upto: 0
        awake: false
        subOn: true
        creep: 0
        unfed: 0
        fedTimer: 0
        shadeOff: 0
        unfedSince: -1
        starveSince: -1
        machines: 0
        slots: 1
        area: 651
        pool: 0
        exposed: true
        exposedAt: 0
      43:
        x: 376
        y: 83
        state: 0
        d: 0.46693959364201876
        dmax: 1
        g: 0.0008
        name: 'out'
        well: false
        base: 1
        gBase: 0.0008
        timer: -1
        contestUntil: 0
        upto: 0
        awake: false
        subOn: true
        creep: 0
        unfed: 0
        fedTimer: 0
        shadeOff: 0
        unfedSince: -1
        starveSince: -1
        machines: 0
        slots: 2
        area: 1517
        pool: 0
        exposed: true
        exposedAt: 0
      44:
        x: 699
        y: 78
        state: 3
        d: 0.47330247887875887
        dmax: 1
        g: 0.0014
        name: 'out'
        well: true
        base: 1
        gBase: 0.0008
        timer: -1
        contestUntil: 0
        upto: 0
        awake: false
        subOn: true
        creep: 0
        unfed: 0
        fedTimer: 0
        shadeOff: 0
        unfedSince: -1
        starveSince: -1
        machines: 0
        slots: 1
        area: 1132
        pool: 0
        exposed: true
        exposedAt: 0
      45:
        x: 89
        y: 75
        state: 0
        d: 0.46816220418550075
        dmax: 1
        g: 0.002
        name: 'out'
        well: true
        base: 1
        gBase: 0.0008
        timer: -1
        contestUntil: 0
        upto: 0
        awake: false
        subOn: true
        creep: 0
        unfed: 0
        fedTimer: 0
        shadeOff: 0
        unfedSince: -1
        starveSince: -1
        machines: 0
        slots: 1
        area: 720
        pool: 0
        exposed: true
        exposedAt: 0
      46:
        x: 307
        y: 72
        state: 0
        d: 0.5211188030662015
        dmax: 1
        g: 0.0008
        name: 'out'
        well: false
        base: 1
        gBase: 0.0008
        timer: -1
        contestUntil: 0
        upto: 0
        awake: false
        subOn: true
        creep: 0
        unfed: 0
        fedTimer: 0
        shadeOff: 0
        unfedSince: -1
        starveSince: -1
        machines: 0
        slots: 1
        area: 371
        pool: 0
        exposed: true
        exposedAt: 0
      47:
        x: 334
        y: 79
        state: 0
        d: 0.5255583442514762
        dmax: 1
        g: 0.0008
        name: 'out'
        well: false
        base: 1
        gBase: 0.0008
        timer: -1
        contestUntil: 0
        upto: 0
        awake: false
        subOn: true
        creep: 0
        unfed: 0
        fedTimer: 0
        shadeOff: 0
        unfedSince: -1
        starveSince: -1
        machines: 0
        slots: 1
        area: 849
        pool: 0
        exposed: true
        exposedAt: 0
      48:
        x: 745
        y: 76
        state: 0
        d: 0.4542944168439135
        dmax: 1
        g: 0.002
        name: 'out'
        well: true
        base: 1
        gBase: 0.0008
        timer: -1
        contestUntil: 0
        upto: 0
        awake: false
        subOn: true
        creep: 0
        unfed: 0
        fedTimer: 0
        shadeOff: 0
        unfedSince: -1
        starveSince: -1
        machines: 0
        slots: 1
        area: 500
        pool: 0
        exposed: true
        exposedAt: 0
      49:
        x: 416
        y: 79
        state: 0
        d: 0.539211445627734
        dmax: 1
        g: 0.0008
        name: 'out'
        well: false
        base: 1
        gBase: 0.0008
        timer: -1
        contestUntil: 0
        upto: 0
        awake: false
        subOn: true
        creep: 0
        unfed: 0
        fedTimer: 0
        shadeOff: 0
        unfedSince: -1
        starveSince: -1
        machines: 0
        slots: 1
        area: 795
        pool: 0
        exposed: true
        exposedAt: 0
      50:
        x: 462
        y: 85
        state: 0
        d: 0.469073262042366
        dmax: 1
        g: 0.0008
        name: 'out'
        well: false
        base: 1
        gBase: 0.0008
        timer: -1
        contestUntil: 0
        upto: 0
        awake: false
        subOn: true
        creep: 0
        unfed: 0
        fedTimer: 0
        shadeOff: 0
        unfedSince: -1
        starveSince: -1
        machines: 0
        slots: 1
        area: 869
        pool: 0
        exposed: true
        exposedAt: 0
      51:
        x: 593
        y: 98
        state: 0
        d: 0.4803879184881225
        dmax: 1
        g: 0.0008
        name: 'out'
        well: false
        base: 1
        gBase: 0.0008
        timer: -1
        contestUntil: 0
        upto: 0
        awake: false
        subOn: true
        creep: 0
        unfed: 0
        fedTimer: 0
        shadeOff: 0
        unfedSince: -1
        starveSince: -1
        machines: 0
        slots: 1
        area: 1136
        pool: 0
        exposed: true
        exposedAt: 0
      52:
        x: 624
        y: 88
        state: 3
        d: 0.4865096595836803
        dmax: 1
        g: 0.0008
        name: 'out'
        well: false
        base: 1
        gBase: 0.0008
        timer: -1
        contestUntil: 0
        upto: 0
        awake: false
        subOn: true
        creep: 0
        unfed: 0
        fedTimer: 0
        shadeOff: 0
        unfedSince: -1
        starveSince: -1
        machines: 0
        slots: 1
        area: 697
        pool: 0
        exposed: true
        exposedAt: 0
      53:
        x: 555
        y: 96
        state: 0
        d: 0.48351806434802713
        dmax: 1
        g: 0.0008
        name: 'out'
        well: false
        base: 1
        gBase: 0.0008
        timer: -1
        contestUntil: 0
        upto: 0
        awake: false
        subOn: true
        creep: 0
        unfed: 0
        fedTimer: 0
        shadeOff: 0
        unfedSince: -1
        starveSince: -1
        machines: 0
        slots: 1
        area: 595
        pool: 0
        exposed: true
        exposedAt: 0
      54:
        x: 85
        y: 120
        state: 0
        d: 0.4570110882865265
        dmax: 1
        g: 0.002
        name: 'out'
        well: true
        base: 1
        gBase: 0.0008
        timer: -1
        contestUntil: 0
        upto: 0
        awake: false
        subOn: true
        creep: 0
        unfed: 0
        fedTimer: 0
        shadeOff: 0
        unfedSince: -1
        starveSince: -1
        machines: 0
        slots: 1
        area: 1084
        pool: 0
        exposed: true
        exposedAt: 0
      55:
        x: 227
        y: 105
        state: 0
        d: 0.5438602950889617
        dmax: 1
        g: 0.0008
        name: 'out'
        well: false
        base: 1
        gBase: 0.0008
        timer: -1
        contestUntil: 0
        upto: 0
        awake: false
        subOn: true
        creep: 0
        unfed: 0
        fedTimer: 0
        shadeOff: 0
        unfedSince: -1
        starveSince: -1
        machines: 0
        slots: 1
        area: 854
        pool: 0
        exposed: true
        exposedAt: 0
      56:
        x: 505
        y: 119
        state: 0
        d: 0.5414271281799301
        dmax: 1
        g: 0.0008
        name: 'out'
        well: false
        base: 1
        gBase: 0.0008
        timer: -1
        contestUntil: 0
        upto: 0
        awake: false
        subOn: true
        creep: 0
        unfed: 0
        fedTimer: 0
        shadeOff: 0
        unfedSince: -1
        starveSince: -1
        machines: 0
        slots: 3
        area: 1876
        pool: 0
        exposed: true
        exposedAt: 0
      57:
        x: 777
        y: 105
        state: 0
        d: 0.48846674145399593
        dmax: 0.894
        g: 0.0014999999999999998
        name: 'ind'
        well: true
        base: 0.744
        gBase: 0.0006
        timer: -1
        contestUntil: 0
        upto: 0
        awake: false
        subOn: true
        creep: 0
        unfed: 0
        fedTimer: 0
        shadeOff: 0
        unfedSince: -1
        starveSince: -1
        machines: 0
        slots: 1
        area: 472
        pool: 3146.6666666666665
        exposed: true
        exposedAt: 0
      58:
        x: 195
        y: 111
        state: 3
        d: 0.5286179482704029
        dmax: 1
        g: 0.0008
        name: 'out'
        well: false
        base: 1
        gBase: 0.0008
        timer: -1
        contestUntil: 0
        upto: 0
        awake: false
        subOn: true
        creep: 0
        unfed: 0
        fedTimer: 0
        shadeOff: 0
        unfedSince: -1
        starveSince: -1
        machines: 0
        slots: 2
        area: 1301
        pool: 0
        exposed: true
        exposedAt: 0
      59:
        x: 422
        y: 118
        state: 0
        d: 0.3699555393515853
        dmax: 0.717
        g: 0.0006
        name: 'ind'
        well: false
        base: 0.717
        gBase: 0.0006
        timer: -1
        contestUntil: 0
        upto: 0
        awake: false
        subOn: true
        creep: 0
        unfed: 0
        fedTimer: 0
        shadeOff: 0
        unfedSince: -1
        starveSince: -1
        machines: 0
        slots: 2
        area: 1768
        pool: 11786.666666666666
        exposed: true
        exposedAt: 0
      60:
        x: 744
        y: 109
        state: 0
        d: 0.45194247900508344
        dmax: 1
        g: 0.002
        name: 'out'
        well: true
        base: 1
        gBase: 0.0008
        timer: -1
        contestUntil: 0
        upto: 0
        awake: false
        subOn: true
        creep: 0
        unfed: 0
        fedTimer: 0
        shadeOff: 0
        unfedSince: -1
        starveSince: -1
        machines: 0
        slots: 1
        area: 705
        pool: 0
        exposed: true
        exposedAt: 0
      61:
        x: 706
        y: 116
        state: 0
        d: 0.5375239967834204
        dmax: 1
        g: 0.0014
        name: 'out'
        well: true
        base: 1
        gBase: 0.0008
        timer: -1
        contestUntil: 0
        upto: 0
        awake: false
        subOn: true
        creep: 0
        unfed: 0
        fedTimer: 0
        shadeOff: 0
        unfedSince: -1
        starveSince: -1
        machines: 0
        slots: 2
        area: 1710
        pool: 0
        exposed: true
        exposedAt: 0
      62:
        x: 157
        y: 115
        state: 0
        d: 0.48907623609993606
        dmax: 1
        g: 0.0008
        name: 'out'
        well: false
        base: 1
        gBase: 0.0008
        timer: -1
        contestUntil: 0
        upto: 0
        awake: false
        subOn: true
        creep: 0
        unfed: 0
        fedTimer: 0
        shadeOff: 0
        unfedSince: -1
        starveSince: -1
        machines: 0
        slots: 1
        area: 1106
        pool: 0
        exposed: true
        exposedAt: 0
      63:
        x: 259
        y: 116
        state: 0
        d: 0.5041798619786277
        dmax: 1
        g: 0.0008
        name: 'out'
        well: false
        base: 1
        gBase: 0.0008
        timer: -1
        contestUntil: 0
        upto: 0
        awake: false
        subOn: true
        creep: 0
        unfed: 0
        fedTimer: 0
        shadeOff: 0
        unfedSince: -1
        starveSince: -1
        machines: 0
        slots: 1
        area: 670
        pool: 0
        exposed: true
        exposedAt: 0
      64:
        x: 667
        y: 114
        state: 0
        d: 0.46803706309292464
        dmax: 1
        g: 0.0008
        name: 'out'
        well: false
        base: 1
        gBase: 0.0008
        timer: -1
        contestUntil: 0
        upto: 0
        awake: false
        subOn: true
        creep: 0
        unfed: 0
        fedTimer: 0
        shadeOff: 0
        unfedSince: -1
        starveSince: -1
        machines: 0
        slots: 2
        area: 1362
        pool: 0
        exposed: true
        exposedAt: 0
      65:
        x: 293
        y: 111
        state: 0
        d: 0.46432411873247476
        dmax: 1
        g: 0.0008
        name: 'out'
        well: false
        base: 1
        gBase: 0.0008
        timer: -1
        contestUntil: 0
        upto: 0
        awake: false
        subOn: true
        creep: 0
        unfed: 0
        fedTimer: 0
        shadeOff: 0
        unfedSince: -1
        starveSince: -1
        machines: 0
        slots: 1
        area: 636
        pool: 0
        exposed: true
        exposedAt: 0
      66:
        x: 125
        y: 116
        state: 0
        d: 0.47822210618760436
        dmax: 1
        g: 0.0014
        name: 'out'
        well: true
        base: 1
        gBase: 0.0008
        timer: -1
        contestUntil: 0
        upto: 0
        awake: false
        subOn: true
        creep: 0
        unfed: 0
        fedTimer: 0
        shadeOff: 0
        unfedSince: -1
        starveSince: -1
        machines: 0
        slots: 1
        area: 545
        pool: 0
        exposed: true
        exposedAt: 0
      67:
        x: 25
        y: 114
        state: 0
        d: 0.46717460427898916
        dmax: 1
        g: 0.0026000000000000003
        name: 'out'
        well: true
        base: 1
        gBase: 0.0008
        timer: -1
        contestUntil: 0
        upto: 0
        awake: false
        subOn: true
        creep: 0
        unfed: 0
        fedTimer: 0
        shadeOff: 0
        unfedSince: -1
        starveSince: -1
        machines: 0
        slots: 1
        area: 634
        pool: 0
        exposed: true
        exposedAt: 0
      68:
        x: 331
        y: 123
        state: 0
        d: 0.46142115285620094
        dmax: 1
        g: 0.0008
        name: 'out'
        well: false
        base: 1
        gBase: 0.0008
        timer: -1
        contestUntil: 0
        upto: 0
        awake: false
        subOn: true
        creep: 0
        unfed: 0
        fedTimer: 0
        shadeOff: 0
        unfedSince: -1
        starveSince: -1
        machines: 0
        slots: 3
        area: 1834
        pool: 0
        exposed: true
        exposedAt: 0
      69:
        x: 53
        y: 113
        state: 0
        d: 0.4915486690355465
        dmax: 1
        g: 0.002
        name: 'out'
        well: true
        base: 1
        gBase: 0.0008
        timer: -1
        contestUntil: 0
        upto: 0
        awake: false
        subOn: true
        creep: 0
        unfed: 0
        fedTimer: 0
        shadeOff: 0
        unfedSince: -1
        starveSince: -1
        machines: 0
        slots: 1
        area: 331
        pool: 0
        exposed: true
        exposedAt: 0
      70:
        x: 376
        y: 124
        state: 0
        d: 0.3713044016739121
        dmax: 0.717
        g: 0.0006
        name: 'ind'
        well: false
        base: 0.717
        gBase: 0.0006
        timer: -1
        contestUntil: 0
        upto: 0
        awake: false
        subOn: true
        creep: 0
        unfed: 0
        fedTimer: 0
        shadeOff: 0
        unfedSince: -1
        starveSince: -1
        machines: 0
        slots: 1
        area: 789
        pool: 5260
        exposed: true
        exposedAt: 0
      71:
        x: 631
        y: 121
        state: 0
        d: 0.3623585166946985
        dmax: 0.726
        g: 0.0006
        name: 'ind'
        well: false
        base: 0.726
        gBase: 0.0006
        timer: -1
        contestUntil: 0
        upto: 0
        awake: false
        subOn: true
        creep: 0
        unfed: 0
        fedTimer: 0
        shadeOff: 0
        unfedSince: -1
        starveSince: -1
        machines: 0
        slots: 1
        area: 693
        pool: 4620
        exposed: true
        exposedAt: 0
      72:
        x: 463
        y: 122
        state: 0
        d: 0.3466556850466412
        dmax: 0.717
        g: 0.0006
        name: 'ind'
        well: false
        base: 0.717
        gBase: 0.0006
        timer: -1
        contestUntil: 0
        upto: 0
        awake: false
        subOn: true
        creep: 0
        unfed: 0
        fedTimer: 0
        shadeOff: 0
        unfedSince: -1
        starveSince: -1
        machines: 0
        slots: 1
        area: 681
        pool: 4540
        exposed: true
        exposedAt: 0
      73:
        x: 778
        y: 154
        state: 3
        d: 0.4540908076334745
        dmax: 1
        g: 0.0014
        name: 'out'
        well: true
        base: 1
        gBase: 0.0008
        timer: -1
        contestUntil: 0
        upto: 0
        awake: false
        subOn: true
        creep: 0
        unfed: 0
        fedTimer: 0
        shadeOff: 0
        unfedSince: -1
        starveSince: -1
        machines: 0
        slots: 1
        area: 1110
        pool: 0
        exposed: true
        exposedAt: 0
      74:
        x: 591
        y: 130
        state: 0
        d: 0.3580285229351604
        dmax: 0.717
        g: 0.0006
        name: 'ind'
        well: false
        base: 0.717
        gBase: 0.0006
        timer: -1
        contestUntil: 0
        upto: 0
        awake: false
        subOn: true
        creep: 0
        unfed: 0
        fedTimer: 0
        shadeOff: 0
        unfedSince: -1
        starveSince: -1
        machines: 0
        slots: 1
        area: 437
        pool: 2913.3333333333335
        exposed: true
        exposedAt: 0
      75:
        x: 568
        y: 130
        state: 0
        d: 0.3326451920956839
        dmax: 0.717
        g: 0.0006
        name: 'ind'
        well: false
        base: 0.717
        gBase: 0.0006
        timer: -1
        contestUntil: 0
        upto: 0
        awake: false
        subOn: true
        creep: 0
        unfed: 0
        fedTimer: 0
        shadeOff: 0
        unfedSince: -1
        starveSince: -1
        machines: 0
        slots: 1
        area: 201
        pool: 1340
        exposed: true
        exposedAt: 0
      76:
        x: 745
        y: 144
        state: 0
        d: 0.4905854715500027
        dmax: 1
        g: 0.0014
        name: 'out'
        well: true
        base: 1
        gBase: 0.0008
        timer: -1
        contestUntil: 0
        upto: 0
        awake: false
        subOn: true
        creep: 0
        unfed: 0
        fedTimer: 0
        shadeOff: 0
        unfedSince: -1
        starveSince: -1
        machines: 0
        slots: 1
        area: 1150
        pool: 0
        exposed: true
        exposedAt: 0
      77:
        x: 18
        y: 154
        state: 0
        d: 0.4564342309953645
        dmax: 1
        g: 0.002
        name: 'out'
        well: true
        base: 1
        gBase: 0.0008
        timer: -1
        contestUntil: 0
        upto: 0
        awake: false
        subOn: true
        creep: 0
        unfed: 0
        fedTimer: 0
        shadeOff: 0
        unfedSince: -1
        starveSince: -1
        machines: 0
        slots: 1
        area: 747
        pool: 0
        exposed: true
        exposedAt: 0
      78:
        x: 47
        y: 144
        state: 3
        d: 0.4921141542028636
        dmax: 1
        g: 0.002
        name: 'out'
        well: true
        base: 1
        gBase: 0.0008
        timer: -1
        contestUntil: 0
        upto: 0
        awake: false
        subOn: true
        creep: 0
        unfed: 0
        fedTimer: 0
        shadeOff: 0
        unfedSince: -1
        starveSince: -1
        machines: 0
        slots: 1
        area: 833
        pool: 0
        exposed: true
        exposedAt: 0
      79:
        x: 76
        y: 146
        state: 0
        d: 0.49666753618512305
        dmax: 1
        g: 0.0014
        name: 'out'
        well: true
        base: 1
        gBase: 0.0008
        timer: -1
        contestUntil: 0
        upto: 0
        awake: false
        subOn: true
        creep: 0
        unfed: 0
        fedTimer: 0
        shadeOff: 0
        unfedSince: -1
        starveSince: -1
        machines: 0
        slots: 1
        area: 704
        pool: 0
        exposed: true
        exposedAt: 0
      80:
        x: 254
        y: 146
        state: 0
        d: 0.33145114981576335
        dmax: 0.717
        g: 0.0006
        name: 'ind'
        well: false
        base: 0.717
        gBase: 0.0006
        timer: -1
        contestUntil: 0
        upto: 0
        awake: false
        subOn: true
        creep: 0
        unfed: 0
        fedTimer: 0
        shadeOff: 0
        unfedSince: -1
        starveSince: -1
        machines: 0
        slots: 1
        area: 462
        pool: 3080
        exposed: true
        exposedAt: 0
      81:
        x: 119
        y: 147
        state: 0
        d: 0.3987342685002833
        dmax: 0.726
        g: 0.0006
        name: 'ind'
        well: false
        base: 0.726
        gBase: 0.0006
        timer: -1
        contestUntil: 0
        upto: 0
        awake: false
        subOn: true
        creep: 0
        unfed: 0
        fedTimer: 0
        shadeOff: 0
        unfedSince: -1
        starveSince: -1
        machines: 0
        slots: 1
        area: 450
        pool: 3000
        exposed: true
        exposedAt: 0
      82:
        x: 281
        y: 150
        state: 0
        d: 0.36740598115569445
        dmax: 0.717
        g: 0.0006
        name: 'ind'
        well: false
        base: 0.717
        gBase: 0.0006
        timer: -1
        contestUntil: 0
        upto: 0
        awake: false
        subOn: true
        creep: 0
        unfed: 0
        fedTimer: 0
        shadeOff: 0
        unfedSince: -1
        starveSince: -1
        machines: 0
        slots: 1
        area: 473
        pool: 3153.3333333333335
        exposed: true
        exposedAt: 0
      83:
        x: 144
        y: 152
        state: 0
        d: 0.39008209826122037
        dmax: 0.726
        g: 0.0006
        name: 'ind'
        well: false
        base: 0.726
        gBase: 0.0006
        timer: -1
        contestUntil: 0
        upto: 0
        awake: false
        subOn: true
        creep: 0
        unfed: 0
        fedTimer: 0
        shadeOff: 0
        unfedSince: -1
        starveSince: -1
        machines: 0
        slots: 1
        area: 732
        pool: 4880
        exposed: true
        exposedAt: 0
      84:
        x: 628
        y: 156
        state: 0
        d: 0.39849956521340646
        dmax: 0.726
        g: 0.0006
        name: 'ind'
        well: false
        base: 0.726
        gBase: 0.0006
        timer: -1
        contestUntil: 0
        upto: 0
        awake: false
        subOn: true
        creep: 0
        unfed: 0
        fedTimer: 0
        shadeOff: 0
        unfedSince: -1
        starveSince: -1
        machines: 0
        slots: 1
        area: 958
        pool: 6386.666666666667
        exposed: true
        exposedAt: 0
      85:
        x: 380
        y: 157
        state: 0
        d: 0.3550222645048052
        dmax: 0.708
        g: 0.0006
        name: 'ind'
        well: false
        base: 0.708
        gBase: 0.0006
        timer: -1
        contestUntil: 0
        upto: 0
        awake: false
        subOn: true
        creep: 0
        unfed: 0
        fedTimer: 0
        shadeOff: 0
        unfedSince: -1
        starveSince: -1
        machines: 0
        slots: 1
        area: 759
        pool: 5060
        exposed: true
        exposedAt: 0
      86:
        x: 598
        y: 159
        state: 0
        d: 0.3542916857823729
        dmax: 0.717
        g: 0.0006
        name: 'ind'
        well: false
        base: 0.717
        gBase: 0.0006
        timer: -1
        contestUntil: 0
        upto: 0
        awake: false
        subOn: true
        creep: 0
        unfed: 0
        fedTimer: 0
        shadeOff: 0
        unfedSince: -1
        starveSince: -1
        machines: 0
        slots: 1
        area: 760
        pool: 5066.666666666667
        exposed: true
        exposedAt: 0
      87:
        x: 412
        y: 154
        state: 0
        d: 0.3529985220554285
        dmax: 0.708
        g: 0.0006
        name: 'ind'
        well: false
        base: 0.708
        gBase: 0.0006
        timer: -1
        contestUntil: 0
        upto: 0
        awake: false
        subOn: true
        creep: 0
        unfed: 0
        fedTimer: 0
        shadeOff: 0
        unfedSince: -1
        starveSince: -1
        machines: 0
        slots: 1
        area: 456
        pool: 3040
        exposed: true
        exposedAt: 0
      88:
        x: 442
        y: 160
        state: 0
        d: 0.3479862415566109
        dmax: 0.708
        g: 0.0006
        name: 'ind'
        well: false
        base: 0.708
        gBase: 0.0006
        timer: -1
        contestUntil: 0
        upto: 0
        awake: false
        subOn: true
        creep: 0
        unfed: 0
        fedTimer: 0
        shadeOff: 0
        unfedSince: -1
        starveSince: -1
        machines: 0
        slots: 2
        area: 1334
        pool: 8893.333333333334
        exposed: true
        exposedAt: 0
      89:
        x: 570
        y: 164
        state: 0
        d: 0.3583363412900828
        dmax: 0.708
        g: 0.0006
        name: 'ind'
        well: false
        base: 0.708
        gBase: 0.0006
        timer: -1
        contestUntil: 0
        upto: 0
        awake: false
        subOn: true
        creep: 0
        unfed: 0
        fedTimer: 0
        shadeOff: 0
        unfedSince: -1
        starveSince: -1
        machines: 0
        slots: 1
        area: 910
        pool: 6066.666666666667
        exposed: true
        exposedAt: 0
      90:
        x: 542
        y: 178
        state: 0
        d: 0.38209780752696093
        dmax: 0.708
        g: 0.0006
        name: 'ind'
        well: false
        base: 0.708
        gBase: 0.0006
        timer: -1
        contestUntil: 0
        upto: 0
        awake: false
        subOn: true
        creep: 0
        unfed: 0
        fedTimer: 0
        shadeOff: 0
        unfedSince: -1
        starveSince: -1
        machines: 0
        slots: 1
        area: 320
        pool: 2133.3333333333335
        exposed: true
        exposedAt: 0
      91:
        x: 214
        y: 165
        state: 0
        d: 0.36746876628901803
        dmax: 0.708
        g: 0.0006
        name: 'ind'
        well: false
        base: 0.708
        gBase: 0.0006
        timer: -1
        contestUntil: 0
        upto: 0
        awake: false
        subOn: true
        creep: 0
        unfed: 0
        fedTimer: 0
        shadeOff: 0
        unfedSince: -1
        starveSince: -1
        machines: 0
        slots: 2
        area: 1406
        pool: 9373.333333333334
        exposed: true
        exposedAt: 0
      92:
        x: 498
        y: 162
        state: 0
        d: 0.3288976941305212
        dmax: 0.708
        g: 0.0006
        name: 'ind'
        well: false
        base: 0.708
        gBase: 0.0006
        timer: -1
        contestUntil: 0
        upto: 0
        awake: false
        subOn: true
        creep: 0
        unfed: 0
        fedTimer: 0
        shadeOff: 0
        unfedSince: -1
        starveSince: -1
        machines: 0
        slots: 1
        area: 1027
        pool: 6846.666666666667
        exposed: true
        exposedAt: 0
      93:
        x: 304
        y: 191
        state: 0
        d: 0.3437482521719299
        dmax: 0.708
        g: 0.0006
        name: 'ind'
        well: false
        base: 0.708
        gBase: 0.0006
        timer: -1
        contestUntil: 0
        upto: 0
        awake: false
        subOn: true
        creep: 0
        unfed: 0
        fedTimer: 0
        shadeOff: 0
        unfedSince: -1
        starveSince: -1
        machines: 0
        slots: 1
        area: 431
        pool: 2873.3333333333335
        exposed: true
        exposedAt: 0
      94:
        x: 183
        y: 162
        state: 0
        d: 0.33823561558616344
        dmax: 0.717
        g: 0.0006
        name: 'ind'
        well: false
        base: 0.717
        gBase: 0.0006
        timer: -1
        contestUntil: 0
        upto: 0
        awake: false
        subOn: true
        creep: 0
        unfed: 0
        fedTimer: 0
        shadeOff: 0
        unfedSince: -1
        starveSince: -1
        machines: 0
        slots: 1
        area: 788
        pool: 5253.333333333333
        exposed: true
        exposedAt: 0
      95:
        x: 340
        y: 176
        state: 0
        d: 0.3406405151408398
        dmax: 0.699
        g: 0.0006
        name: 'ind'
        well: false
        base: 0.699
        gBase: 0.0006
        timer: -1
        contestUntil: 0
        upto: 0
        awake: false
        subOn: true
        creep: 0
        unfed: 0
        fedTimer: 0
        shadeOff: 0
        unfedSince: -1
        starveSince: -1
        machines: 0
        slots: 3
        area: 1972
        pool: 13146.666666666666
        exposed: true
        exposedAt: 0
      96:
        x: 660
        y: 165
        state: 0
        d: 0.37591163726882076
        dmax: 0.726
        g: 0.0006
        name: 'ind'
        well: false
        base: 0.726
        gBase: 0.0006
        timer: -1
        contestUntil: 0
        upto: 0
        awake: false
        subOn: true
        creep: 0
        unfed: 0
        fedTimer: 0
        shadeOff: 0
        unfedSince: -1
        starveSince: -1
        machines: 0
        slots: 1
        area: 726
        pool: 4840
        exposed: true
        exposedAt: 0
      97:
        x: 697
        y: 164
        state: 3
        d: 0.5046800554962829
        dmax: 1
        g: 0.0008
        name: 'out'
        well: false
        base: 1
        gBase: 0.0008
        timer: -1
        contestUntil: 0
        upto: 0
        awake: false
        subOn: true
        creep: 0
        unfed: 0
        fedTimer: 0
        shadeOff: 0
        unfedSince: -1
        starveSince: -1
        machines: 0
        slots: 1
        area: 746
        pool: 0
        exposed: true
        exposedAt: 0
      98:
        x: 84
        y: 177
        state: 0
        d: 0.51616799258627
        dmax: 1
        g: 0.0014
        name: 'out'
        well: true
        base: 1
        gBase: 0.0008
        timer: -1
        contestUntil: 0
        upto: 0
        awake: false
        subOn: true
        creep: 0
        unfed: 0
        fedTimer: 0
        shadeOff: 0
        unfedSince: -1
        starveSince: -1
        machines: 0
        slots: 1
        area: 1185
        pool: 0
        exposed: true
        exposedAt: 0
      99:
        x: 250
        y: 174
        state: 0
        d: 0.36944895829651503
        dmax: 0.708
        g: 0.0006
        name: 'ind'
        well: false
        base: 0.708
        gBase: 0.0006
        timer: -1
        contestUntil: 0
        upto: 0
        awake: false
        subOn: true
        creep: 0
        unfed: 0
        fedTimer: 0
        shadeOff: 0
        unfedSince: -1
        starveSince: -1
        machines: 0
        slots: 1
        area: 465
        pool: 3100
        exposed: true
        exposedAt: 0
      100:
        x: 278
        y: 178
        state: 0
        d: 0.3729460623054765
        dmax: 0.708
        g: 0.0006
        name: 'ind'
        well: false
        base: 0.708
        gBase: 0.0006
        timer: -1
        contestUntil: 0
        upto: 0
        awake: false
        subOn: true
        creep: 0
        unfed: 0
        fedTimer: 0
        shadeOff: 0
        unfedSince: -1
        starveSince: -1
        machines: 0
        slots: 1
        area: 772
        pool: 5146.666666666667
        exposed: true
        exposedAt: 0
      101:
        x: 145
        y: 183
        state: 0
        d: 0.3758886884468375
        dmax: 0.717
        g: 0.0006
        name: 'ind'
        well: false
        base: 0.717
        gBase: 0.0006
        timer: -1
        contestUntil: 0
        upto: 0
        awake: false
        subOn: true
        creep: 0
        unfed: 0
        fedTimer: 0
        shadeOff: 0
        unfedSince: -1
        starveSince: -1
        machines: 0
        slots: 1
        area: 789
        pool: 5260
        exposed: true
        exposedAt: 0
      102:
        x: 773
        y: 192
        state: 0
        d: 0.4882168505107984
        dmax: 1
        g: 0.0008
        name: 'out'
        well: false
        base: 1
        gBase: 0.0008
        timer: -1
        contestUntil: 0
        upto: 0
        awake: false
        subOn: true
        creep: 0
        unfed: 0
        fedTimer: 0
        shadeOff: 0
        unfedSince: -1
        starveSince: -1
        machines: 0
        slots: 2
        area: 1420
        pool: 0
        exposed: true
        exposedAt: 0
      103:
        x: 17
        y: 185
        state: 0
        d: 0.4517806879710406
        dmax: 1
        g: 0.0014
        name: 'out'
        well: true
        base: 1
        gBase: 0.0008
        timer: -1
        contestUntil: 0
        upto: 0
        awake: false
        subOn: true
        creep: 0
        unfed: 0
        fedTimer: 0
        shadeOff: 0
        unfedSince: -1
        starveSince: -1
        machines: 0
        slots: 1
        area: 565
        pool: 0
        exposed: true
        exposedAt: 0
      104:
        x: 115
        y: 184
        state: 0
        d: 0.32602394402911883
        dmax: 0.717
        g: 0.0006
        name: 'ind'
        well: false
        base: 0.717
        gBase: 0.0006
        timer: -1
        contestUntil: 0
        upto: 0
        awake: false
        subOn: true
        creep: 0
        unfed: 0
        fedTimer: 0
        shadeOff: 0
        unfedSince: -1
        starveSince: -1
        machines: 0
        slots: 1
        area: 403
        pool: 2686.6666666666665
        exposed: true
        exposedAt: 0
      105:
        x: 47
        y: 190
        state: 0
        d: 0.46683927467092873
        dmax: 1
        g: 0.0014
        name: 'out'
        well: true
        base: 1
        gBase: 0.0008
        timer: -1
        contestUntil: 0
        upto: 0
        awake: false
        subOn: true
        creep: 0
        unfed: 0
        fedTimer: 0
        shadeOff: 0
        unfedSince: -1
        starveSince: -1
        machines: 0
        slots: 1
        area: 757
        pool: 0
        exposed: true
        exposedAt: 0
      106:
        x: 381
        y: 186
        state: 0
        d: 0.351089540007594
        dmax: 0.699
        g: 0.0006
        name: 'ind'
        well: false
        base: 0.699
        gBase: 0.0006
        timer: -1
        contestUntil: 0
        upto: 0
        awake: false
        subOn: true
        creep: 0
        unfed: 0
        fedTimer: 0
        shadeOff: 0
        unfedSince: -1
        starveSince: -1
        machines: 0
        slots: 1
        area: 572
        pool: 3813.3333333333335
        exposed: true
        exposedAt: 0
      107:
        x: 716
        y: 190
        state: 0
        d: 0.5454706403426826
        dmax: 1
        g: 0.0008
        name: 'out'
        well: false
        base: 1
        gBase: 0.0008
        timer: -1
        contestUntil: 0
        upto: 0
        awake: false
        subOn: true
        creep: 0
        unfed: 0
        fedTimer: 0
        shadeOff: 0
        unfedSince: -1
        starveSince: -1
        machines: 0
        slots: 1
        area: 752
        pool: 0
        exposed: true
        exposedAt: 0
      108:
        x: 411
        y: 189
        state: 0
        d: 0.35053317187211935
        dmax: 0.699
        g: 0.0006
        name: 'ind'
        well: false
        base: 0.699
        gBase: 0.0006
        timer: -1
        contestUntil: 0
        upto: 0
        awake: false
        subOn: true
        creep: 0
        unfed: 0
        fedTimer: 0
        shadeOff: 0
        unfedSince: -1
        starveSince: -1
        machines: 0
        slots: 1
        area: 608
        pool: 4053.3333333333335
        exposed: true
        exposedAt: 0
      109:
        x: 690
        y: 202
        state: 0
        d: 0.5028256713412702
        dmax: 1
        g: 0.0008
        name: 'out'
        well: false
        base: 1
        gBase: 0.0008
        timer: -1
        contestUntil: 0
        upto: 0
        awake: false
        subOn: true
        creep: 0
        unfed: 0
        fedTimer: 0
        shadeOff: 0
        unfedSince: -1
        starveSince: -1
        machines: 0
        slots: 1
        area: 465
        pool: 0
        exposed: true
        exposedAt: 0
      110:
        x: 450
        y: 203
        state: 0
        d: 0.3712350049363682
        dmax: 0.699
        g: 0.0006
        name: 'ind'
        well: false
        base: 0.699
        gBase: 0.0006
        timer: -1
        contestUntil: 0
        upto: 0
        awake: false
        subOn: true
        creep: 0
        unfed: 0
        fedTimer: 0
        shadeOff: 0
        unfedSince: -1
        starveSince: -1
        machines: 0
        slots: 2
        area: 1303
        pool: 8686.666666666666
        exposed: true
        exposedAt: 0
      111:
        x: 661
        y: 198
        state: 0
        d: 0.3528009158429224
        dmax: 0.717
        g: 0.0006
        name: 'ind'
        well: false
        base: 0.717
        gBase: 0.0006
        timer: -1
        contestUntil: 0
        upto: 0
        awake: false
        subOn: true
        creep: 0
        unfed: 0
        fedTimer: 0
        shadeOff: 0
        unfedSince: -1
        starveSince: -1
        machines: 0
        slots: 1
        area: 944
        pool: 6293.333333333333
        exposed: true
        exposedAt: 0
      112:
        x: 493
        y: 200
        state: 0
        d: 0.37929763910758774
        dmax: 0.699
        g: 0.0006
        name: 'ind'
        well: false
        base: 0.699
        gBase: 0.0006
        timer: -1
        contestUntil: 0
        upto: 0
        awake: false
        subOn: true
        creep: 0
        unfed: 0
        fedTimer: 0
        shadeOff: 0
        unfedSince: -1
        starveSince: -1
        machines: 0
        slots: 1
        area: 1143
        pool: 7620
        exposed: true
        exposedAt: 0
      113:
        x: 630
        y: 195
        state: 0
        d: 0.3347866839208407
        dmax: 0.717
        g: 0.0006
        name: 'ind'
        well: false
        base: 0.717
        gBase: 0.0006
        timer: -1
        contestUntil: 0
        upto: 0
        awake: false
        subOn: true
        creep: 0
        unfed: 0
        fedTimer: 0
        shadeOff: 0
        unfedSince: -1
        starveSince: -1
        machines: 0
        slots: 1
        area: 266
        pool: 1773.3333333333333
        exposed: true
        exposedAt: 0
      114:
        x: 598
        y: 211
        state: 0
        d: 0.3345853233994916
        dmax: 0.708
        g: 0.0006
        name: 'ind'
        well: false
        base: 0.708
        gBase: 0.0006
        timer: -1
        contestUntil: 0
        upto: 0
        awake: false
        subOn: true
        creep: 0
        unfed: 0
        fedTimer: 0
        shadeOff: 0
        unfedSince: -1
        starveSince: -1
        machines: 0
        slots: 1
        area: 471
        pool: 3140
        exposed: true
        exposedAt: 0
      115:
        x: 533
        y: 226
        state: 0
        d: 0.3812232813154812
        dmax: 0.699
        g: 0.0006
        name: 'ind'
        well: false
        base: 0.699
        gBase: 0.0006
        timer: -1
        contestUntil: 0
        upto: 0
        awake: false
        subOn: true
        creep: 0
        unfed: 0
        fedTimer: 0
        shadeOff: 0
        unfedSince: -1
        starveSince: -1
        machines: 0
        slots: 1
        area: 773
        pool: 5153.333333333333
        exposed: true
        exposedAt: 0
      116:
        x: 183
        y: 213
        state: 0
        d: 0.34528616987736893
        dmax: 0.708
        g: 0.0006
        name: 'ind'
        well: false
        base: 0.708
        gBase: 0.0006
        timer: -1
        contestUntil: 0
        upto: 0
        awake: false
        subOn: true
        creep: 0
        unfed: 0
        fedTimer: 0
        shadeOff: 0
        unfedSince: -1
        starveSince: -1
        machines: 0
        slots: 1
        area: 355
        pool: 2366.6666666666665
        exposed: true
        exposedAt: 0
      117:
        x: 216
        y: 217
        state: 0
        d: 0.35041653434671455
        dmax: 0.699
        g: 0.0006
        name: 'ind'
        well: false
        base: 0.699
        gBase: 0.0006
        timer: -1
        contestUntil: 0
        upto: 0
        awake: false
        subOn: true
        creep: 0
        unfed: 0
        fedTimer: 0
        shadeOff: 0
        unfedSince: -1
        starveSince: -1
        machines: 0
        slots: 1
        area: 791
        pool: 5273.333333333333
        exposed: true
        exposedAt: 0
      118:
        x: 154
        y: 214
        state: 0
        d: 0.3517962862727232
        dmax: 0.708
        g: 0.0006
        name: 'ind'
        well: false
        base: 0.708
        gBase: 0.0006
        timer: -1
        contestUntil: 0
        upto: 0
        awake: false
        subOn: true
        creep: 0
        unfed: 0
        fedTimer: 0
        shadeOff: 0
        unfedSince: -1
        starveSince: -1
        machines: 0
        slots: 1
        area: 409
        pool: 2726.6666666666665
        exposed: true
        exposedAt: 0
      119:
        x: 258
        y: 218
        state: 3
        d: 0.35093841746554244
        dmax: 0.699
        g: 0.0006
        name: 'ind'
        well: false
        base: 0.699
        gBase: 0.0006
        timer: -1
        contestUntil: 0
        upto: 0
        awake: false
        subOn: true
        creep: 0
        unfed: 0
        fedTimer: 0
        shadeOff: 0
        unfedSince: -1
        starveSince: -1
        machines: 0
        slots: 1
        area: 1186
        pool: 7906.666666666667
        exposed: true
        exposedAt: 0
      120:
        x: 288
        y: 216
        state: 0
        d: 0.3734220319576794
        dmax: 0.699
        g: 0.0006
        name: 'ind'
        well: false
        base: 0.699
        gBase: 0.0006
        timer: -1
        contestUntil: 0
        upto: 0
        awake: false
        subOn: true
        creep: 0
        unfed: 0
        fedTimer: 0
        shadeOff: 0
        unfedSince: -1
        starveSince: -1
        machines: 0
        slots: 1
        area: 842
        pool: 5613.333333333333
        exposed: true
        exposedAt: 0
      121:
        x: 619
        y: 212
        state: 0
        d: 0.35626738009415565
        dmax: 0.708
        g: 0.0006
        name: 'ind'
        well: false
        base: 0.708
        gBase: 0.0006
        timer: -1
        contestUntil: 0
        upto: 0
        awake: false
        subOn: true
        creep: 0
        unfed: 0
        fedTimer: 0
        shadeOff: 0
        unfedSince: -1
        starveSince: -1
        machines: 0
        slots: 1
        area: 232
        pool: 1546.6666666666667
        exposed: true
        exposedAt: 0
      122:
        x: 119
        y: 221
        state: 0
        d: 0.4983968022745103
        dmax: 1
        g: 0.0008
        name: 'out'
        well: false
        base: 1
        gBase: 0.0008
        timer: -1
        contestUntil: 0
        upto: 0
        awake: false
        subOn: true
        creep: 0
        unfed: 0
        fedTimer: 0
        shadeOff: 0
        unfedSince: -1
        starveSince: -1
        machines: 0
        slots: 1
        area: 1171
        pool: 0
        exposed: true
        exposedAt: 0
      123:
        x: 572
        y: 218
        state: 3
        d: 0.33515483464265705
        dmax: 0.699
        g: 0.0006
        name: 'ind'
        well: false
        base: 0.699
        gBase: 0.0006
        timer: -1
        contestUntil: 0
        upto: 0
        awake: false
        subOn: true
        creep: 0
        unfed: 0
        fedTimer: 0
        shadeOff: 0
        unfedSince: -1
        starveSince: -1
        machines: 0
        slots: 1
        area: 992
        pool: 6613.333333333333
        exposed: true
        exposedAt: 0
      124:
        x: 315
        y: 219
        state: 0
        d: 0.3411862163737183
        dmax: 0.699
        g: 0.0006
        name: 'ind'
        well: false
        base: 0.699
        gBase: 0.0006
        timer: -1
        contestUntil: 0
        upto: 0
        awake: false
        subOn: true
        creep: 0
        unfed: 0
        fedTimer: 0
        shadeOff: 0
        unfedSince: -1
        starveSince: -1
        machines: 0
        slots: 1
        area: 986
        pool: 6573.333333333333
        exposed: true
        exposedAt: 0
      125:
        x: 723
        y: 230
        state: 3
        d: 0.5187595796771347
        dmax: 1
        g: 0.0008
        name: 'out'
        well: false
        base: 1
        gBase: 0.0008
        timer: -1
        contestUntil: 0
        upto: 0
        awake: false
        subOn: true
        creep: 0
        unfed: 0
        fedTimer: 0
        shadeOff: 0
        unfedSince: -1
        starveSince: -1
        machines: 0
        slots: 2
        area: 1430
        pool: 0
        exposed: true
        exposedAt: 0
      126:
        x: 73
        y: 223
        state: 0
        d: 0.47693968259263786
        dmax: 1
        g: 0.0008
        name: 'out'
        well: false
        base: 1
        gBase: 0.0008
        timer: -1
        contestUntil: 0
        upto: 0
        awake: false
        subOn: true
        creep: 0
        unfed: 0
        fedTimer: 0
        shadeOff: 0
        unfedSince: -1
        starveSince: -1
        machines: 0
        slots: 1
        area: 1145
        pool: 0
        exposed: true
        exposedAt: 0
      127:
        x: 355
        y: 223
        state: 0
        d: 0.33673730977415106
        dmax: 0.69
        g: 0.0006
        name: 'ind'
        well: false
        base: 0.69
        gBase: 0.0006
        timer: -1
        contestUntil: 0
        upto: 0
        awake: false
        subOn: true
        creep: 0
        unfed: 0
        fedTimer: 0
        shadeOff: 0
        unfedSince: -1
        starveSince: -1
        machines: 0
        slots: 1
        area: 808
        pool: 5386.666666666667
        exposed: true
        exposedAt: 0
      128:
        x: 24
        y: 242
        state: 0
        d: 0.4533966922434047
        dmax: 1
        g: 0.0008
        name: 'out'
        well: false
        base: 1
        gBase: 0.0008
        timer: -1
        contestUntil: 0
        upto: 0
        awake: false
        subOn: true
        creep: 0
        unfed: 0
        fedTimer: 0
        shadeOff: 0
        unfedSince: -1
        starveSince: -1
        machines: 0
        slots: 2
        area: 1408
        pool: 0
        exposed: true
        exposedAt: 0
      129:
        x: 388
        y: 231
        state: 0
        d: 0.3722328550096135
        dmax: 0.69
        g: 0.0006
        name: 'ind'
        well: false
        base: 0.69
        gBase: 0.0006
        timer: -1
        contestUntil: 0
        upto: 0
        awake: false
        subOn: true
        creep: 0
        unfed: 0
        fedTimer: 0
        shadeOff: 0
        unfedSince: -1
        starveSince: -1
        machines: 0
        slots: 1
        area: 1112
        pool: 7413.333333333333
        exposed: true
        exposedAt: 0
      130:
        x: 765
        y: 230
        state: 0
        d: 0.4882121144561097
        dmax: 1
        g: 0.0008
        name: 'out'
        well: false
        base: 1
        gBase: 0.0008
        timer: -1
        contestUntil: 0
        upto: 0
        awake: false
        subOn: true
        creep: 0
        unfed: 0
        fedTimer: 0
        shadeOff: 0
        unfedSince: -1
        starveSince: -1
        machines: 0
        slots: 1
        area: 717
        pool: 0
        exposed: true
        exposedAt: 0
      131:
        x: 434
        y: 237
        state: 0
        d: 0.3261744237206876
        dmax: 0.69
        g: 0.0006
        name: 'ind'
        well: false
        base: 0.69
        gBase: 0.0006
        timer: -1
        contestUntil: 0
        upto: 0
        awake: false
        subOn: true
        creep: 0
        unfed: 0
        fedTimer: 0
        shadeOff: 0
        unfedSince: -1
        starveSince: -1
        machines: 0
        slots: 1
        area: 509
        pool: 3393.3333333333335
        exposed: true
        exposedAt: 0
      132:
        x: 618
        y: 241
        state: 0
        d: 0.32494652269904034
        dmax: 0.699
        g: 0.0006
        name: 'ind'
        well: false
        base: 0.699
        gBase: 0.0006
        timer: -1
        contestUntil: 0
        upto: 0
        awake: false
        subOn: true
        creep: 0
        unfed: 0
        fedTimer: 0
        shadeOff: 0
        unfedSince: -1
        starveSince: -1
        machines: 0
        slots: 2
        area: 1290
        pool: 8600
        exposed: true
        exposedAt: 0
      133:
        x: 657
        y: 239
        state: 0
        d: 0.3215807930144481
        dmax: 0.708
        g: 0.0006
        name: 'ind'
        well: false
        base: 0.708
        gBase: 0.0006
        timer: -1
        contestUntil: 0
        upto: 0
        awake: false
        subOn: true
        creep: 0
        unfed: 0
        fedTimer: 0
        shadeOff: 0
        unfedSince: -1
        starveSince: -1
        machines: 0
        slots: 1
        area: 749
        pool: 4993.333333333333
        exposed: true
        exposedAt: 0
      134:
        x: 689
        y: 239
        state: 0
        d: 0.5242186422925442
        dmax: 1
        g: 0.0008
        name: 'out'
        well: false
        base: 1
        gBase: 0.0008
        timer: -1
        contestUntil: 0
        upto: 0
        awake: false
        subOn: true
        creep: 0
        unfed: 0
        fedTimer: 0
        shadeOff: 0
        unfedSince: -1
        starveSince: -1
        machines: 0
        slots: 1
        area: 519
        pool: 0
        exposed: true
        exposedAt: 0
      135:
        x: 162
        y: 244
        state: 0
        d: 0.3254846157919848
        dmax: 0.699
        g: 0.0006
        name: 'ind'
        well: false
        base: 0.699
        gBase: 0.0006
        timer: -1
        contestUntil: 0
        upto: 0
        awake: false
        subOn: true
        creep: 0
        unfed: 0
        fedTimer: 0
        shadeOff: 0
        unfedSince: -1
        starveSince: -1
        machines: 0
        slots: 1
        area: 1082
        pool: 7213.333333333333
        exposed: true
        exposedAt: 0
      136:
        x: 462
        y: 242
        state: 0
        d: 0.34786235676356586
        dmax: 0.69
        g: 0.0006
        name: 'ind'
        well: false
        base: 0.69
        gBase: 0.0006
        timer: -1
        contestUntil: 0
        upto: 0
        awake: false
        subOn: true
        creep: 0
        unfed: 0
        fedTimer: 0
        shadeOff: 0
        unfedSince: -1
        starveSince: -1
        machines: 0
        slots: 1
        area: 363
        pool: 2420
        exposed: true
        exposedAt: 0
      137:
        x: 222
        y: 252
        state: 0
        d: 0.32462280212645417
        dmax: 0.69
        g: 0.0006
        name: 'ind'
        well: false
        base: 0.69
        gBase: 0.0006
        timer: -1
        contestUntil: 0
        upto: 0
        awake: false
        subOn: true
        creep: 0
        unfed: 0
        fedTimer: 0
        shadeOff: 0
        unfedSince: -1
        starveSince: -1
        machines: 0
        slots: 1
        area: 972
        pool: 6480
        exposed: true
        exposedAt: 0
      138:
        x: 123
        y: 253
        state: 0
        d: 0.5193596094846725
        dmax: 1
        g: 0.0008
        name: 'out'
        well: false
        base: 1
        gBase: 0.0008
        timer: -1
        contestUntil: 0
        upto: 0
        awake: false
        subOn: true
        creep: 0
        unfed: 0
        fedTimer: 0
        shadeOff: 0
        unfedSince: -1
        starveSince: -1
        machines: 0
        slots: 1
        area: 849
        pool: 0
        exposed: true
        exposedAt: 0
      139:
        x: 499
        y: 263
        state: 0
        d: 0.37030979250208473
        dmax: 0.69
        g: 0.0006
        name: 'ind'
        well: false
        base: 0.69
        gBase: 0.0006
        timer: -1
        contestUntil: 0
        upto: 0
        awake: false
        subOn: true
        creep: 0
        unfed: 0
        fedTimer: 0
        shadeOff: 0
        unfedSince: -1
        starveSince: -1
        machines: 0
        slots: 1
        area: 586
        pool: 3906.6666666666665
        exposed: true
        exposedAt: 0
      140:
        x: 778
        y: 265
        state: 0
        d: 0.5066017435165122
        dmax: 1
        g: 0.0008
        name: 'out'
        well: false
        base: 1
        gBase: 0.0008
        timer: -1
        contestUntil: 0
        upto: 0
        awake: false
        subOn: true
        creep: 0
        unfed: 0
        fedTimer: 0
        shadeOff: 0
        unfedSince: -1
        starveSince: -1
        machines: 0
        slots: 1
        area: 836
        pool: 0
        exposed: true
        exposedAt: 0
      141:
        x: 395
        y: 272
        state: 3
        d: 0.32668245853786354
        dmax: 0.6809999999999999
        g: 0.0006
        name: 'ind'
        well: false
        base: 0.6809999999999999
        gBase: 0.0006
        timer: -1
        contestUntil: 0
        upto: 0
        awake: false
        subOn: true
        creep: 0
        unfed: 0
        fedTimer: 0
        shadeOff: 0
        unfedSince: -1
        starveSince: -1
        machines: 0
        slots: 3
        area: 1883
        pool: 12553.333333333334
        exposed: true
        exposedAt: 0
      142:
        x: 538
        y: 271
        state: 0
        d: 0.3455407946461346
        dmax: 0.69
        g: 0.0006
        name: 'ind'
        well: false
        base: 0.69
        gBase: 0.0006
        timer: -1
        contestUntil: 0
        upto: 0
        awake: false
        subOn: true
        creep: 0
        unfed: 0
        fedTimer: 0
        shadeOff: 0
        unfedSince: -1
        starveSince: -1
        machines: 0
        slots: 1
        area: 1126
        pool: 7506.666666666667
        exposed: true
        exposedAt: 0
      143:
        x: 741
        y: 267
        state: 0
        d: 0.4712032337207347
        dmax: 1
        g: 0.0008
        name: 'out'
        well: false
        base: 1
        gBase: 0.0008
        timer: -1
        contestUntil: 0
        upto: 0
        awake: false
        subOn: true
        creep: 0
        unfed: 0
        fedTimer: 0
        shadeOff: 0
        unfedSince: -1
        starveSince: -1
        machines: 0
        slots: 1
        area: 1154
        pool: 0
        exposed: true
        exposedAt: 0
      144:
        x: 319
        y: 266
        state: 0
        d: 0.31205078039830547
        dmax: 0.69
        g: 0.0006
        name: 'ind'
        well: false
        base: 0.69
        gBase: 0.0006
        timer: -1
        contestUntil: 0
        upto: 0
        awake: false
        subOn: true
        creep: 0
        unfed: 0
        fedTimer: 0
        shadeOff: 0
        unfedSince: -1
        starveSince: -1
        machines: 0
        slots: 1
        area: 639
        pool: 4260
        exposed: true
        exposedAt: 0
      145:
        x: 351
        y: 268
        state: 0
        d: 0.33399420728534457
        dmax: 0.69
        g: 0.0006
        name: 'ind'
        well: false
        base: 0.69
        gBase: 0.0006
        timer: -1
        contestUntil: 0
        upto: 0
        awake: false
        subOn: true
        creep: 0
        unfed: 0
        fedTimer: 0
        shadeOff: 0
        unfedSince: -1
        starveSince: -1
        machines: 0
        slots: 1
        area: 739
        pool: 4926.666666666667
        exposed: true
        exposedAt: 0
      146:
        x: 460
        y: 267
        state: 0
        d: 0.3540350135305663
        dmax: 0.6809999999999999
        g: 0.0006
        name: 'ind'
        well: false
        base: 0.6809999999999999
        gBase: 0.0006
        timer: -1
        contestUntil: 0
        upto: 0
        awake: false
        subOn: true
        creep: 0
        unfed: 0
        fedTimer: 0
        shadeOff: 0
        unfedSince: -1
        starveSince: -1
        machines: 0
        slots: 1
        area: 647
        pool: 4313.333333333333
        exposed: true
        exposedAt: 0
      147:
        x: 281
        y: 272
        state: 0
        d: 0.3788680998233612
        dmax: 0.69
        g: 0.0006
        name: 'ind'
        well: false
        base: 0.69
        gBase: 0.0006
        timer: -1
        contestUntil: 0
        upto: 0
        awake: false
        subOn: true
        creep: 0
        unfed: 0
        fedTimer: 0
        shadeOff: 0
        unfedSince: -1
        starveSince: -1
        machines: 0
        slots: 1
        area: 1196
        pool: 7973.333333333333
        exposed: true
        exposedAt: 0
      148:
        x: 432
        y: 266
        state: 0
        d: 0.35769186523393726
        dmax: 0.6809999999999999
        g: 0.0006
        name: 'ind'
        well: false
        base: 0.6809999999999999
        gBase: 0.0006
        timer: -1
        contestUntil: 0
        upto: 0
        awake: false
        subOn: true
        creep: 0
        unfed: 0
        fedTimer: 0
        shadeOff: 0
        unfedSince: -1
        starveSince: -1
        machines: 0
        slots: 1
        area: 642
        pool: 4280
        exposed: true
        exposedAt: 0
      149:
        x: 692
        y: 273
        state: 3
        d: 0.5040529706981033
        dmax: 1
        g: 0.0008
        name: 'out'
        well: false
        base: 1
        gBase: 0.0008
        timer: -1
        contestUntil: 0
        upto: 0
        awake: false
        subOn: true
        creep: 0
        unfed: 0
        fedTimer: 0
        shadeOff: 0
        unfedSince: -1
        starveSince: -1
        machines: 0
        slots: 1
        area: 729
        pool: 0
        exposed: true
        exposedAt: 0
      150:
        x: 163
        y: 276
        state: 0
        d: 0.3589346357965842
        dmax: 0.699
        g: 0.0006
        name: 'ind'
        well: false
        base: 0.699
        gBase: 0.0006
        timer: -1
        contestUntil: 0
        upto: 0
        awake: false
        subOn: true
        creep: 0
        unfed: 0
        fedTimer: 0
        shadeOff: 0
        unfedSince: -1
        starveSince: -1
        machines: 0
        slots: 1
        area: 736
        pool: 4906.666666666667
        exposed: true
        exposedAt: 0
      151:
        x: 592
        y: 285
        state: 0
        d: 0.3543348532912787
        dmax: 0.69
        g: 0.0006
        name: 'ind'
        well: false
        base: 0.69
        gBase: 0.0006
        timer: -1
        contestUntil: 0
        upto: 0
        awake: false
        subOn: true
        creep: 0
        unfed: 0
        fedTimer: 0
        shadeOff: 0
        unfedSince: -1
        starveSince: -1
        machines: 0
        slots: 3
        area: 1889
        pool: 12593.333333333334
        exposed: true
        exposedAt: 0
      152:
        x: 657
        y: 275
        state: 0
        d: 0.34107457239506767
        dmax: 0.708
        g: 0.0006
        name: 'ind'
        well: false
        base: 0.708
        gBase: 0.0006
        timer: -1
        contestUntil: 0
        upto: 0
        awake: false
        subOn: true
        creep: 0
        unfed: 0
        fedTimer: 0
        shadeOff: 0
        unfedSince: -1
        starveSince: -1
        machines: 0
        slots: 1
        area: 628
        pool: 4186.666666666667
        exposed: true
        exposedAt: 0
      153:
        x: 28
        y: 277
        state: 0
        d: 0.4970476718386635
        dmax: 1
        g: 0.0008
        name: 'out'
        well: false
        base: 1
        gBase: 0.0008
        timer: -1
        contestUntil: 0
        upto: 0
        awake: false
        subOn: true
        creep: 0
        unfed: 0
        fedTimer: 0
        shadeOff: 0
        unfedSince: -1
        starveSince: -1
        machines: 0
        slots: 1
        area: 912
        pool: 0
        exposed: true
        exposedAt: 0
      154:
        x: 68
        y: 280
        state: 0
        d: 0.5380803300533443
        dmax: 1
        g: 0.0008
        name: 'out'
        well: false
        base: 1
        gBase: 0.0008
        timer: -1
        contestUntil: 0
        upto: 0
        awake: false
        subOn: true
        creep: 0
        unfed: 0
        fedTimer: 0
        shadeOff: 0
        unfedSince: -1
        starveSince: -1
        machines: 0
        slots: 1
        area: 1144
        pool: 0
        exposed: true
        exposedAt: 0
      155:
        x: 629
        y: 293
        state: 0
        d: 0.3483046317465836
        dmax: 0.699
        g: 0.0006
        name: 'ind'
        well: false
        base: 0.699
        gBase: 0.0006
        timer: -1
        contestUntil: 0
        upto: 0
        awake: false
        subOn: true
        creep: 0
        unfed: 0
        fedTimer: 0
        shadeOff: 0
        unfedSince: -1
        starveSince: -1
        machines: 0
        slots: 1
        area: 834
        pool: 5560
        exposed: true
        exposedAt: 0
      156:
        x: 192
        y: 282
        state: 0
        d: 0.36499643801143394
        dmax: 0.699
        g: 0.0006
        name: 'ind'
        well: false
        base: 0.699
        gBase: 0.0006
        timer: -1
        contestUntil: 0
        upto: 0
        awake: false
        subOn: true
        creep: 0
        unfed: 0
        fedTimer: 0
        shadeOff: 0
        unfedSince: -1
        starveSince: -1
        machines: 0
        slots: 1
        area: 435
        pool: 2900
        exposed: true
        exposedAt: 0
      157:
        x: 110
        y: 280
        state: 0
        d: 0.45304158837534486
        dmax: 1
        g: 0.0008
        name: 'out'
        well: false
        base: 1
        gBase: 0.0008
        timer: -1
        contestUntil: 0
        upto: 0
        awake: false
        subOn: true
        creep: 0
        unfed: 0
        fedTimer: 0
        shadeOff: 0
        unfedSince: -1
        starveSince: -1
        machines: 0
        slots: 1
        area: 526
        pool: 0
        exposed: true
        exposedAt: 0
      158:
        x: 136
        y: 281
        state: 0
        d: 0.34681330351503564
        dmax: 0.708
        g: 0.0006
        name: 'ind'
        well: false
        base: 0.708
        gBase: 0.0006
        timer: -1
        contestUntil: 0
        upto: 0
        awake: false
        subOn: true
        creep: 0
        unfed: 0
        fedTimer: 0
        shadeOff: 0
        unfedSince: -1
        starveSince: -1
        machines: 0
        slots: 1
        area: 266
        pool: 1773.3333333333333
        exposed: true
        exposedAt: 0
      159:
        x: 220
        y: 282
        state: 0
        d: 0.35646212141588324
        dmax: 0.69
        g: 0.0006
        name: 'ind'
        well: false
        base: 0.69
        gBase: 0.0006
        timer: -1
        contestUntil: 0
        upto: 0
        awake: false
        subOn: true
        creep: 0
        unfed: 0
        fedTimer: 0
        shadeOff: 0
        unfedSince: -1
        starveSince: -1
        machines: 0
        slots: 1
        area: 937
        pool: 6246.666666666667
        exposed: true
        exposedAt: 0
      160:
        x: 249
        y: 306
        state: 0
        d: 0.31761330470899113
        dmax: 0.6809999999999999
        g: 0.0006
        name: 'ind'
        well: false
        base: 0.6809999999999999
        gBase: 0.0006
        timer: -1
        contestUntil: 0
        upto: 0
        awake: false
        subOn: true
        creep: 0
        unfed: 0
        fedTimer: 0
        shadeOff: 0
        unfedSince: -1
        starveSince: -1
        machines: 0
        slots: 1
        area: 491
        pool: 3273.3333333333335
        exposed: true
        exposedAt: 0
      161:
        x: 476
        y: 293
        state: 0
        d: 0.3425921163315419
        dmax: 0.6809999999999999
        g: 0.0006
        name: 'ind'
        well: false
        base: 0.6809999999999999
        gBase: 0.0006
        timer: -1
        contestUntil: 0
        upto: 0
        awake: false
        subOn: true
        creep: 0
        unfed: 0
        fedTimer: 0
        shadeOff: 0
        unfedSince: -1
        starveSince: -1
        machines: 0
        slots: 1
        area: 257
        pool: 1713.3333333333333
        exposed: true
        exposedAt: 0
      162:
        x: 500
        y: 311
        state: 0
        d: 0.32576653992393984
        dmax: 0.6809999999999999
        g: 0.0006
        name: 'ind'
        well: false
        base: 0.6809999999999999
        gBase: 0.0006
        timer: -1
        contestUntil: 0
        upto: 0
        awake: false
        subOn: true
        creep: 0
        unfed: 0
        fedTimer: 0
        shadeOff: 0
        unfedSince: -1
        starveSince: -1
        machines: 0
        slots: 1
        area: 958
        pool: 6386.666666666667
        exposed: true
        exposedAt: 0
      163:
        x: 355
        y: 296
        state: 3
        d: 0.334697271696059
        dmax: 0.69
        g: 0.0006
        name: 'ind'
        well: false
        base: 0.69
        gBase: 0.0006
        timer: -1
        contestUntil: 0
        upto: 0
        awake: false
        subOn: true
        creep: 0
        unfed: 0
        fedTimer: 0
        shadeOff: 0
        unfedSince: -1
        starveSince: -1
        machines: 0
        slots: 1
        area: 515
        pool: 3433.3333333333335
        exposed: true
        exposedAt: 0
      164:
        x: 775
        y: 305
        state: 0
        d: 0.45463835396803914
        dmax: 1
        g: 0.0008
        name: 'out'
        well: false
        base: 1
        gBase: 0.0008
        timer: -1
        contestUntil: 0
        upto: 0
        awake: false
        subOn: true
        creep: 0
        unfed: 0
        fedTimer: 0
        shadeOff: 0
        unfedSince: -1
        starveSince: -1
        machines: 0
        slots: 2
        area: 1457
        pool: 0
        exposed: true
        exposedAt: 0
      165:
        x: 318
        y: 299
        state: 0
        d: 0.33193646090494
        dmax: 0.6809999999999999
        g: 0.0006
        name: 'ind'
        well: false
        base: 0.6809999999999999
        gBase: 0.0006
        timer: -1
        contestUntil: 0
        upto: 0
        awake: false
        subOn: true
        creep: 0
        unfed: 0
        fedTimer: 0
        shadeOff: 0
        unfedSince: -1
        starveSince: -1
        machines: 0
        slots: 1
        area: 332
        pool: 2213.3333333333335
        exposed: true
        exposedAt: 0
      166:
        x: 725
        y: 303
        state: 0
        d: 0.481544173322618
        dmax: 1
        g: 0.0008
        name: 'out'
        well: false
        base: 1
        gBase: 0.0008
        timer: -1
        contestUntil: 0
        upto: 0
        awake: false
        subOn: true
        creep: 0
        unfed: 0
        fedTimer: 0
        shadeOff: 0
        unfedSince: -1
        starveSince: -1
        machines: 0
        slots: 1
        area: 932
        pool: 0
        exposed: true
        exposedAt: 0
      167:
        x: 658
        y: 302
        state: 0
        d: 0.3554926756173838
        dmax: 0.699
        g: 0.0006
        name: 'ind'
        well: false
        base: 0.699
        gBase: 0.0006
        timer: -1
        contestUntil: 0
        upto: 0
        awake: false
        subOn: true
        creep: 0
        unfed: 0
        fedTimer: 0
        shadeOff: 0
        unfedSince: -1
        starveSince: -1
        machines: 0
        slots: 1
        area: 521
        pool: 3473.3333333333335
        exposed: true
        exposedAt: 0
      168:
        x: 294
        y: 302
        state: 0
        d: 0.3696331118165748
        dmax: 0.6809999999999999
        g: 0.0006
        name: 'ind'
        well: false
        base: 0.6809999999999999
        gBase: 0.0006
        timer: -1
        contestUntil: 0
        upto: 0
        awake: false
        subOn: true
        creep: 0
        unfed: 0
        fedTimer: 0
        shadeOff: 0
        unfedSince: -1
        starveSince: -1
        machines: 0
        slots: 1
        area: 530
        pool: 3533.3333333333335
        exposed: true
        exposedAt: 0
      169:
        x: 532
        y: 301
        state: 0
        d: 0.36211044299136846
        dmax: 0.6809999999999999
        g: 0.0006
        name: 'ind'
        well: false
        base: 0.6809999999999999
        gBase: 0.0006
        timer: -1
        contestUntil: 0
        upto: 0
        awake: false
        subOn: true
        creep: 0
        unfed: 0
        fedTimer: 0
        shadeOff: 0
        unfedSince: -1
        starveSince: -1
        machines: 0
        slots: 1
        area: 579
        pool: 3860
        exposed: true
        exposedAt: 0
      170:
        x: 18
        y: 306
        state: 0
        d: 0.4721172937890515
        dmax: 1
        g: 0.0008
        name: 'out'
        well: false
        base: 1
        gBase: 0.0008
        timer: -1
        contestUntil: 0
        upto: 0
        awake: false
        subOn: true
        creep: 0
        unfed: 0
        fedTimer: 0
        shadeOff: 0
        unfedSince: -1
        starveSince: -1
        machines: 0
        slots: 1
        area: 815
        pool: 0
        exposed: true
        exposedAt: 0
      171:
        x: 692
        y: 305
        state: 0
        d: 0.5118041967041791
        dmax: 1
        g: 0.0008
        name: 'out'
        well: false
        base: 1
        gBase: 0.0008
        timer: -1
        contestUntil: 0
        upto: 0
        awake: false
        subOn: true
        creep: 0
        unfed: 0
        fedTimer: 0
        shadeOff: 0
        unfedSince: -1
        starveSince: -1
        machines: 0
        slots: 1
        area: 254
        pool: 0
        exposed: true
        exposedAt: 0
      172:
        x: 135
        y: 322
        state: 3
        d: 0.33475815504617057
        dmax: 0.699
        g: 0.0006
        name: 'ind'
        well: false
        base: 0.699
        gBase: 0.0006
        timer: -1
        contestUntil: 0
        upto: 0
        awake: false
        subOn: true
        creep: 0
        unfed: 0
        fedTimer: 0
        shadeOff: 0
        unfedSince: -1
        starveSince: -1
        machines: 0
        slots: 1
        area: 748
        pool: 4986.666666666667
        exposed: true
        exposedAt: 0
      173:
        x: 170
        y: 327
        state: 0
        d: 0.34962880252115425
        dmax: 0.69
        g: 0.0006
        name: 'ind'
        well: false
        base: 0.69
        gBase: 0.0006
        timer: -1
        contestUntil: 0
        upto: 0
        awake: false
        subOn: true
        creep: 0
        unfed: 0
        fedTimer: 0
        shadeOff: 0
        unfedSince: -1
        starveSince: -1
        machines: 0
        slots: 2
        area: 1457
        pool: 9713.333333333334
        exposed: true
        exposedAt: 0
      174:
        x: 79
        y: 314
        state: 0
        d: 0.45279428230132907
        dmax: 1
        g: 0.0008
        name: 'out'
        well: false
        base: 1
        gBase: 0.0008
        timer: -1
        contestUntil: 0
        upto: 0
        awake: false
        subOn: true
        creep: 0
        unfed: 0
        fedTimer: 0
        shadeOff: 0
        unfedSince: -1
        starveSince: -1
        machines: 0
        slots: 1
        area: 948
        pool: 0
        exposed: true
        exposedAt: 0
      175:
        x: 110
        y: 309
        state: 0
        d: 0.48353389084804804
        dmax: 1
        g: 0.0008
        name: 'out'
        well: false
        base: 1
        gBase: 0.0008
        timer: -1
        contestUntil: 0
        upto: 0
        awake: false
        subOn: true
        creep: 0
        unfed: 0
        fedTimer: 0
        shadeOff: 0
        unfedSince: -1
        starveSince: -1
        machines: 0
        slots: 1
        area: 403
        pool: 0
        exposed: true
        exposedAt: 0
      176:
        x: 425
        y: 318
        state: 0
        d: 0.25311860713418577
        dmax: 0.5040000000000001
        g: 0.0005
        name: 'res'
        well: false
        base: 0.5040000000000001
        gBase: 0.0005
        timer: -1
        contestUntil: 0
        upto: 0
        awake: false
        subOn: true
        creep: 0
        unfed: 0
        fedTimer: 0
        shadeOff: 0
        unfedSince: -1
        starveSince: -1
        machines: 0
        slots: 1
        area: 969
        pool: 6460
        exposed: true
        exposedAt: 0
      177:
        x: 387
        y: 321
        state: 3
        d: 0.26732534206733116
        dmax: 0.5040000000000001
        g: 0.0005
        name: 'res'
        well: false
        base: 0.5040000000000001
        gBase: 0.0005
        timer: -1
        contestUntil: 0
        upto: 0
        awake: false
        subOn: true
        creep: 0
        unfed: 0
        fedTimer: 0
        shadeOff: 0
        unfedSince: -1
        starveSince: -1
        machines: 0
        slots: 1
        area: 1099
        pool: 7326.666666666667
        exposed: true
        exposedAt: 0
      178:
        x: 463
        y: 320
        state: 0
        d: 0.24479179116301242
        dmax: 0.5040000000000001
        g: 0.0005
        name: 'res'
        well: false
        base: 0.5040000000000001
        gBase: 0.0005
        timer: -1
        contestUntil: 0
        upto: 0
        awake: false
        subOn: true
        creep: 0
        unfed: 0
        fedTimer: 0
        shadeOff: 0
        unfedSince: -1
        starveSince: -1
        machines: 0
        slots: 1
        area: 503
        pool: 3353.3333333333335
        exposed: true
        exposedAt: 0
      179:
        x: 351
        y: 323
        state: 0
        d: 0.32394348939126355
        dmax: 0.6809999999999999
        g: 0.0006
        name: 'ind'
        well: false
        base: 0.6809999999999999
        gBase: 0.0006
        timer: -1
        contestUntil: 0
        upto: 0
        awake: false
        subOn: true
        creep: 0
        unfed: 0
        fedTimer: 0
        shadeOff: 0
        unfedSince: -1
        starveSince: -1
        machines: 0
        slots: 1
        area: 758
        pool: 5053.333333333333
        exposed: true
        exposedAt: 0
      180:
        x: 308
        y: 335
        state: 0
        d: 0.2457451619826258
        dmax: 0.5040000000000001
        g: 0.0005
        name: 'res'
        well: false
        base: 0.5040000000000001
        gBase: 0.0005
        timer: -1
        contestUntil: 0
        upto: 0
        awake: false
        subOn: true
        creep: 0
        unfed: 0
        fedTimer: 0
        shadeOff: 0
        unfedSince: -1
        starveSince: -1
        machines: 0
        slots: 2
        area: 1559
        pool: 10393.333333333334
        exposed: true
        exposedAt: 0
      181:
        x: 545
        y: 336
        state: 0
        d: 0.2705276031346992
        dmax: 0.5040000000000001
        g: 0.0005
        name: 'res'
        well: false
        base: 0.5040000000000001
        gBase: 0.0005
        timer: -1
        contestUntil: 0
        upto: 0
        awake: false
        subOn: true
        creep: 0
        unfed: 0
        fedTimer: 0
        shadeOff: 0
        unfedSince: -1
        starveSince: -1
        machines: 0
        slots: 2
        area: 1575
        pool: 10500
        exposed: true
        exposedAt: 0
      182:
        x: 586
        y: 332
        state: 0
        d: 0.3487000134458765
        dmax: 0.7559999999999999
        g: 0.00105
        name: 'ind'
        well: true
        base: 0.6809999999999999
        gBase: 0.0006
        timer: -1
        contestUntil: 0
        upto: 0
        awake: false
        subOn: true
        creep: 0
        unfed: 0
        fedTimer: 0
        shadeOff: 0
        unfedSince: -1
        starveSince: -1
        machines: 0
        slots: 1
        area: 1048
        pool: 6986.666666666667
        exposed: true
        exposedAt: 0
      183:
        x: 622
        y: 332
        state: 0
        d: 0.354822451677639
        dmax: 0.7649999999999999
        g: 0.00105
        name: 'ind'
        well: true
        base: 0.69
        gBase: 0.0006
        timer: -1
        contestUntil: 0
        upto: 0
        awake: false
        subOn: true
        creep: 0
        unfed: 0
        fedTimer: 0
        shadeOff: 0
        unfedSince: -1
        starveSince: -1
        machines: 0
        slots: 1
        area: 1120
        pool: 7466.666666666667
        exposed: true
        exposedAt: 0
      184:
        x: 681
        y: 333
        state: 0
        d: 0.46663379173260183
        dmax: 1
        g: 0.0014
        name: 'out'
        well: true
        base: 1
        gBase: 0.0008
        timer: -1
        contestUntil: 0
        upto: 0
        awake: false
        subOn: true
        creep: 0
        unfed: 0
        fedTimer: 0
        shadeOff: 0
        unfedSince: -1
        starveSince: -1
        machines: 0
        slots: 1
        area: 575
        pool: 0
        exposed: true
        exposedAt: 0
      185:
        x: 713
        y: 331
        state: 0
        d: 0.5276537169935182
        dmax: 1
        g: 0.0008
        name: 'out'
        well: false
        base: 1
        gBase: 0.0008
        timer: -1
        contestUntil: 0
        upto: 0
        awake: false
        subOn: true
        creep: 0
        unfed: 0
        fedTimer: 0
        shadeOff: 0
        unfedSince: -1
        starveSince: -1
        machines: 0
        slots: 1
        area: 587
        pool: 0
        exposed: true
        exposedAt: 0
      186:
        x: 254
        y: 339
        state: 0
        d: 0.22835736319832511
        dmax: 0.5040000000000001
        g: 0.0005
        name: 'res'
        well: false
        base: 0.5040000000000001
        gBase: 0.0005
        timer: -1
        contestUntil: 0
        upto: 0
        awake: false
        subOn: true
        creep: 0
        unfed: 0
        fedTimer: 0
        shadeOff: 0
        unfedSince: -1
        starveSince: -1
        machines: 0
        slots: 1
        area: 987
        pool: 6580
        exposed: true
        exposedAt: 0
      187:
        x: 18
        y: 336
        state: 0
        d: 0.5104366709245369
        dmax: 1
        g: 0.0008
        name: 'out'
        well: false
        base: 1
        gBase: 0.0008
        timer: -1
        contestUntil: 0
        upto: 0
        awake: false
        subOn: true
        creep: 0
        unfed: 0
        fedTimer: 0
        shadeOff: 0
        unfedSince: -1
        starveSince: -1
        machines: 0
        slots: 1
        area: 866
        pool: 0
        exposed: true
        exposedAt: 0
      188:
        x: 211
        y: 335
        state: 3
        d: 0.3086818944137776
        dmax: 0.6809999999999999
        g: 0.0006
        name: 'ind'
        well: false
        base: 0.6809999999999999
        gBase: 0.0006
        timer: -1
        contestUntil: 0
        upto: 0
        awake: false
        subOn: true
        creep: 0
        unfed: 0
        fedTimer: 0
        shadeOff: 0
        unfedSince: -1
        starveSince: -1
        machines: 0
        slots: 1
        area: 526
        pool: 3506.6666666666665
        exposed: true
        exposedAt: 0
      189:
        x: 496
        y: 348
        state: 0
        d: 0.23842766001317656
        dmax: 0.5040000000000001
        g: 0.0005
        name: 'res'
        well: false
        base: 0.5040000000000001
        gBase: 0.0005
        timer: -1
        contestUntil: 0
        upto: 0
        awake: false
        subOn: true
        creep: 0
        unfed: 0
        fedTimer: 0
        shadeOff: 0
        unfedSince: -1
        starveSince: -1
        machines: 0
        slots: 1
        area: 1119
        pool: 7460
        exposed: true
        exposedAt: 0
      190:
        x: 69
        y: 340
        state: 0
        d: 0.47695204108022154
        dmax: 1
        g: 0.0008
        name: 'out'
        well: false
        base: 1
        gBase: 0.0008
        timer: -1
        contestUntil: 0
        upto: 0
        awake: false
        subOn: true
        creep: 0
        unfed: 0
        fedTimer: 0
        shadeOff: 0
        unfedSince: -1
        starveSince: -1
        machines: 0
        slots: 1
        area: 315
        pool: 0
        exposed: true
        exposedAt: 0
      191:
        x: 460
        y: 349
        state: 0
        d: 0.2628401678401977
        dmax: 0.5040000000000001
        g: 0.0005
        name: 'res'
        well: false
        base: 0.5040000000000001
        gBase: 0.0005
        timer: -1
        contestUntil: 0
        upto: 0
        awake: false
        subOn: true
        creep: 0
        unfed: 0
        fedTimer: 0
        shadeOff: 0
        unfedSince: -1
        starveSince: -1
        machines: 0
        slots: 1
        area: 589
        pool: 3926.6666666666665
        exposed: true
        exposedAt: 0
      192:
        x: 778
        y: 354
        state: 0
        d: 0.3532828282881528
        dmax: 0.708
        g: 0.0006
        name: 'ind'
        well: false
        base: 0.708
        gBase: 0.0006
        timer: -1
        contestUntil: 0
        upto: 0
        awake: false
        subOn: true
        creep: 0
        unfed: 0
        fedTimer: 0
        shadeOff: 0
        unfedSince: -1
        starveSince: -1
        machines: 0
        slots: 1
        area: 900
        pool: 6000
        exposed: true
        exposedAt: 0
      193:
        x: 343
        y: 353
        state: 0
        d: 0.23956037104055292
        dmax: 0.5040000000000001
        g: 0.0005
        name: 'res'
        well: false
        base: 0.5040000000000001
        gBase: 0.0005
        timer: -1
        contestUntil: 0
        upto: 0
        awake: false
        subOn: true
        creep: 0
        unfed: 0
        fedTimer: 0
        shadeOff: 0
        unfedSince: -1
        starveSince: -1
        machines: 0
        slots: 1
        area: 807
        pool: 5380
        exposed: true
        exposedAt: 0
      194:
        x: 749
        y: 356
        state: 0
        d: 0.49995731718372555
        dmax: 1
        g: 0.0014
        name: 'out'
        well: true
        base: 1
        gBase: 0.0008
        timer: -1
        contestUntil: 0
        upto: 0
        awake: false
        subOn: true
        creep: 0
        unfed: 0
        fedTimer: 0
        shadeOff: 0
        unfedSince: -1
        starveSince: -1
        machines: 0
        slots: 1
        area: 431
        pool: 0
        exposed: true
        exposedAt: 0
      195:
        x: 428
        y: 372
        state: 0
        d: 0.25933189975128623
        dmax: 0.49725
        g: 0.0005
        name: 'res'
        well: false
        base: 0.49725
        gBase: 0.0005
        timer: -1
        contestUntil: 0
        upto: 0
        awake: false
        subOn: true
        creep: 0
        unfed: 0
        fedTimer: 0
        shadeOff: 0
        unfedSince: -1
        starveSince: -1
        machines: 0
        slots: 1
        area: 450
        pool: 3000
        exposed: true
        exposedAt: 0
      196:
        x: 721
        y: 356
        state: 0
        d: 0.5306552744470536
        dmax: 1
        g: 0.0014
        name: 'out'
        well: true
        base: 1
        gBase: 0.0008
        timer: -1
        contestUntil: 0
        upto: 0
        awake: false
        subOn: true
        creep: 0
        unfed: 0
        fedTimer: 0
        shadeOff: 0
        unfedSince: -1
        starveSince: -1
        machines: 0
        slots: 1
        area: 591
        pool: 0
        exposed: true
        exposedAt: 0
      197:
        x: 685
        y: 381
        state: 0
        d: 0.4703336035599932
        dmax: 1
        g: 0.002
        name: 'out'
        well: true
        base: 1
        gBase: 0.0008
        timer: -1
        contestUntil: 0
        upto: 0
        awake: false
        subOn: true
        creep: 0
        unfed: 0
        fedTimer: 0
        shadeOff: 0
        unfedSince: -1
        starveSince: -1
        machines: 0
        slots: 1
        area: 1009
        pool: 0
        exposed: true
        exposedAt: 0
      198:
        x: 167
        y: 361
        state: 0
        d: 0.37289237915701234
        dmax: 0.69
        g: 0.0006
        name: 'ind'
        well: false
        base: 0.69
        gBase: 0.0006
        timer: -1
        contestUntil: 0
        upto: 0
        awake: false
        subOn: true
        creep: 0
        unfed: 0
        fedTimer: 0
        shadeOff: 0
        unfedSince: -1
        starveSince: -1
        machines: 0
        slots: 1
        area: 395
        pool: 2633.3333333333335
        exposed: true
        exposedAt: 0
      199:
        x: 641
        y: 363
        state: 0
        d: 0.43795723145361987
        dmax: 0.84
        g: 0.0014999999999999998
        name: 'ind'
        well: true
        base: 0.69
        gBase: 0.0006
        timer: -1
        contestUntil: 0
        upto: 0
        awake: false
        subOn: true
        creep: 0
        unfed: 0
        fedTimer: 0
        shadeOff: 0
        unfedSince: -1
        starveSince: -1
        machines: 0
        slots: 1
        area: 601
        pool: 4006.6666666666665
        exposed: true
        exposedAt: 0
      200:
        x: 91
        y: 369
        state: 3
        d: 0.5394845757633447
        dmax: 1
        g: 0.0008
        name: 'out'
        well: false
        base: 1
        gBase: 0.0008
        timer: -1
        contestUntil: 0
        upto: 0
        awake: false
        subOn: true
        creep: 0
        unfed: 0
        fedTimer: 0
        shadeOff: 0
        unfedSince: -1
        starveSince: -1
        machines: 0
        slots: 1
        area: 1198
        pool: 0
        exposed: true
        exposedAt: 0
      201:
        x: 134
        y: 363
        state: 0
        d: 0.3546457461537793
        dmax: 0.699
        g: 0.0006
        name: 'ind'
        well: false
        base: 0.699
        gBase: 0.0006
        timer: -1
        contestUntil: 0
        upto: 0
        awake: false
        subOn: true
        creep: 0
        unfed: 0
        fedTimer: 0
        shadeOff: 0
        unfedSince: -1
        starveSince: -1
        machines: 0
        slots: 1
        area: 423
        pool: 2820
        exposed: true
        exposedAt: 0
      202:
        x: 21
        y: 368
        state: 0
        d: 0.5141199383884668
        dmax: 1
        g: 0.0008
        name: 'out'
        well: false
        base: 1
        gBase: 0.0008
        timer: -1
        contestUntil: 0
        upto: 0
        awake: false
        subOn: true
        creep: 0
        unfed: 0
        fedTimer: 0
        shadeOff: 0
        unfedSince: -1
        starveSince: -1
        machines: 0
        slots: 1
        area: 982
        pool: 0
        exposed: true
        exposedAt: 0
      203:
        x: 54
        y: 368
        state: 0
        d: 0.4871820824453607
        dmax: 1
        g: 0.0008
        name: 'out'
        well: false
        base: 1
        gBase: 0.0008
        timer: -1
        contestUntil: 0
        upto: 0
        awake: false
        subOn: true
        creep: 0
        unfed: 0
        fedTimer: 0
        shadeOff: 0
        unfedSince: -1
        starveSince: -1
        machines: 0
        slots: 1
        area: 971
        pool: 0
        exposed: true
        exposedAt: 0
      204:
        x: 193
        y: 361
        state: 3
        d: 0.32189579611408986
        dmax: 0.6809999999999999
        g: 0.0006
        name: 'ind'
        well: false
        base: 0.6809999999999999
        gBase: 0.0006
        timer: -1
        contestUntil: 0
        upto: 0
        awake: false
        subOn: true
        creep: 0
        unfed: 0
        fedTimer: 0
        shadeOff: 0
        unfedSince: -1
        starveSince: -1
        machines: 0
        slots: 1
        area: 262
        pool: 1746.6666666666667
        exposed: true
        exposedAt: 0
      205:
        x: 607
        y: 372
        state: 0
        d: 0.44261321928610553
        dmax: 0.831
        g: 0.0014999999999999998
        name: 'ind'
        well: true
        base: 0.6809999999999999
        gBase: 0.0006
        timer: -1
        contestUntil: 0
        upto: 0
        awake: false
        subOn: true
        creep: 0
        unfed: 0
        fedTimer: 0
        shadeOff: 0
        unfedSince: -1
        starveSince: -1
        machines: 0
        slots: 1
        area: 680
        pool: 4533.333333333333
        exposed: true
        exposedAt: 0
      206:
        x: 311
        y: 375
        state: 0
        d: 0.22719503529203358
        dmax: 0.49725
        g: 0.0005
        name: 'res'
        well: false
        base: 0.49725
        gBase: 0.0005
        timer: -1
        contestUntil: 0
        upto: 0
        awake: false
        subOn: true
        creep: 0
        unfed: 0
        fedTimer: 0
        shadeOff: 0
        unfedSince: -1
        starveSince: -1
        machines: 0
        slots: 1
        area: 1131
        pool: 7540
        exposed: true
        exposedAt: 0
      207:
        x: 391
        y: 372
        state: 0
        d: 0.2513774619659234
        dmax: 0.49725
        g: 0.0005
        name: 'res'
        well: false
        base: 0.49725
        gBase: 0.0005
        timer: -1
        contestUntil: 0
        upto: 0
        awake: false
        subOn: true
        creep: 0
        unfed: 0
        fedTimer: 0
        shadeOff: 0
        unfedSince: -1
        starveSince: -1
        machines: 0
        slots: 1
        area: 520
        pool: 3466.6666666666665
        exposed: true
        exposedAt: 0
      208:
        x: 575
        y: 377
        state: 0
        d: 0.28895413536352577
        dmax: 0.5790000000000001
        g: 0.000875
        name: 'res'
        well: true
        base: 0.5040000000000001
        gBase: 0.0005
        timer: -1
        contestUntil: 0
        upto: 0
        awake: false
        subOn: true
        creep: 0
        unfed: 0
        fedTimer: 0
        shadeOff: 0
        unfedSince: -1
        starveSince: -1
        machines: 0
        slots: 1
        area: 641
        pool: 4273.333333333333
        exposed: true
        exposedAt: 0
      209:
        x: 455
        y: 376
        state: 0
        d: 0.2395240912221023
        dmax: 0.49725
        g: 0.0005
        name: 'res'
        well: false
        base: 0.49725
        gBase: 0.0005
        timer: -1
        contestUntil: 0
        upto: 0
        awake: false
        subOn: true
        creep: 0
        unfed: 0
        fedTimer: 0
        shadeOff: 0
        unfedSince: -1
        starveSince: -1
        machines: 0
        slots: 1
        area: 792
        pool: 5280
        exposed: true
        exposedAt: 0
      210:
        x: 262
        y: 384
        state: 0
        d: 0.2651741385709495
        dmax: 0.5040000000000001
        g: 0.0005
        name: 'res'
        well: false
        base: 0.5040000000000001
        gBase: 0.0005
        timer: -1
        contestUntil: 0
        upto: 0
        awake: false
        subOn: true
        creep: 0
        unfed: 0
        fedTimer: 0
        shadeOff: 0
        unfedSince: -1
        starveSince: -1
        machines: 0
        slots: 2
        area: 1360
        pool: 9066.666666666666
        exposed: true
        exposedAt: 0
      211:
        x: 540
        y: 383
        state: 0
        d: 0.2377750280390843
        dmax: 0.49725
        g: 0.0005
        name: 'res'
        well: false
        base: 0.49725
        gBase: 0.0005
        timer: -1
        contestUntil: 0
        upto: 0
        awake: false
        subOn: true
        creep: 0
        unfed: 0
        fedTimer: 0
        shadeOff: 0
        unfedSince: -1
        starveSince: -1
        machines: 0
        slots: 1
        area: 674
        pool: 4493.333333333333
        exposed: true
        exposedAt: 0
      212:
        x: 224
        y: 384
        state: 0
        d: 0.32800559218581765
        dmax: 0.6809999999999999
        g: 0.0006
        name: 'ind'
        well: false
        base: 0.6809999999999999
        gBase: 0.0006
        timer: -1
        contestUntil: 0
        upto: 0
        awake: false
        subOn: true
        creep: 0
        unfed: 0
        fedTimer: 0
        shadeOff: 0
        unfedSince: -1
        starveSince: -1
        machines: 0
        slots: 1
        area: 1182
        pool: 7880
        exposed: true
        exposedAt: 0
      213:
        x: 356
        y: 386
        state: 0
        d: 0.24193265094118543
        dmax: 0.49725
        g: 0.0005
        name: 'res'
        well: false
        base: 0.49725
        gBase: 0.0005
        timer: -1
        contestUntil: 0
        upto: 0
        awake: false
        subOn: true
        creep: 0
        unfed: 0
        fedTimer: 0
        shadeOff: 0
        unfedSince: -1
        starveSince: -1
        machines: 0
        slots: 2
        area: 1360
        pool: 9066.666666666666
        exposed: true
        exposedAt: 0
      214:
        x: 504
        y: 381
        state: 0
        d: 0.24464701986329165
        dmax: 0.49725
        g: 0.0005
        name: 'res'
        well: false
        base: 0.49725
        gBase: 0.0005
        timer: -1
        contestUntil: 0
        upto: 0
        awake: false
        subOn: true
        creep: 0
        unfed: 0
        fedTimer: 0
        shadeOff: 0
        unfedSince: -1
        starveSince: -1
        machines: 0
        slots: 1
        area: 383
        pool: 2553.3333333333335
        exposed: true
        exposedAt: 0
      215:
        x: 715
        y: 387
        state: 0
        d: 0.475653809052892
        dmax: 1
        g: 0.002
        name: 'out'
        well: true
        base: 1
        gBase: 0.0008
        timer: -1
        contestUntil: 0
        upto: 0
        awake: false
        subOn: true
        creep: 0
        unfed: 0
        fedTimer: 0
        shadeOff: 0
        unfedSince: -1
        starveSince: -1
        machines: 0
        slots: 1
        area: 728
        pool: 0
        exposed: true
        exposedAt: 0
      216:
        x: 173
        y: 385
        state: 0
        d: 0.354535082773352
        dmax: 0.6809999999999999
        g: 0.0006
        name: 'ind'
        well: false
        base: 0.6809999999999999
        gBase: 0.0006
        timer: -1
        contestUntil: 0
        upto: 0
        awake: false
        subOn: true
        creep: 0
        unfed: 0
        fedTimer: 0
        shadeOff: 0
        unfedSince: -1
        starveSince: -1
        machines: 0
        slots: 1
        area: 420
        pool: 2800
        exposed: true
        exposedAt: 0
      217:
        x: 144
        y: 394
        state: 0
        d: 0.3630918095747474
        dmax: 0.69
        g: 0.0006
        name: 'ind'
        well: false
        base: 0.69
        gBase: 0.0006
        timer: -1
        contestUntil: 0
        upto: 0
        awake: false
        subOn: true
        creep: 0
        unfed: 0
        fedTimer: 0
        shadeOff: 0
        unfedSince: -1
        starveSince: -1
        machines: 0
        slots: 1
        area: 730
        pool: 4866.666666666667
        exposed: true
        exposedAt: 0
      218:
        x: 756
        y: 391
        state: 3
        d: 0.5155035499716177
        dmax: 1
        g: 0.0014
        name: 'out'
        well: true
        base: 1
        gBase: 0.0008
        timer: -1
        contestUntil: 0
        upto: 0
        awake: false
        subOn: true
        creep: 0
        unfed: 0
        fedTimer: 0
        shadeOff: 0
        unfedSince: -1
        starveSince: -1
        machines: 0
        slots: 1
        area: 1024
        pool: 0
        exposed: true
        exposedAt: 0
      219:
        x: 109
        y: 397
        state: 0
        d: 0.5083401970099658
        dmax: 1
        g: 0.0008
        name: 'out'
        well: false
        base: 1
        gBase: 0.0008
        timer: -1
        contestUntil: 0
        upto: 0
        awake: false
        subOn: true
        creep: 0
        unfed: 0
        fedTimer: 0
        shadeOff: 0
        unfedSince: -1
        starveSince: -1
        machines: 0
        slots: 1
        area: 745
        pool: 0
        exposed: true
        exposedAt: 0
      220:
        x: 422
        y: 404
        state: 0
        d: 0.23867215079187884
        dmax: 0.49050000000000005
        g: 0.0005
        name: 'res'
        well: false
        base: 0.49050000000000005
        gBase: 0.0005
        timer: -1
        contestUntil: 0
        upto: 0
        awake: false
        subOn: true
        creep: 0
        unfed: 0
        fedTimer: 0
        shadeOff: 0
        unfedSince: -1
        starveSince: -1
        machines: 0
        slots: 1
        area: 996
        pool: 6640
        exposed: true
        exposedAt: 0
      221:
        x: 644
        y: 405
        state: 0
        d: 0.48341455685519613
        dmax: 0.9059999999999999
        g: 0.00195
        name: 'ind'
        well: true
        base: 0.6809999999999999
        gBase: 0.0006
        timer: -1
        contestUntil: 0
        upto: 0
        awake: false
        subOn: true
        creep: 0
        unfed: 0
        fedTimer: 0
        shadeOff: 0
        unfedSince: -1
        starveSince: -1
        machines: 0
        slots: 1
        area: 888
        pool: 5920
        exposed: true
        exposedAt: 0
      222:
        x: 454
        y: 408
        state: 0
        d: 0.24167559895600427
        dmax: 0.49050000000000005
        g: 0.0005
        name: 'res'
        well: false
        base: 0.49050000000000005
        gBase: 0.0005
        timer: -1
        contestUntil: 0
        upto: 0
        awake: false
        subOn: true
        creep: 0
        unfed: 0
        fedTimer: 0
        shadeOff: 0
        unfedSince: -1
        starveSince: -1
        machines: 0
        slots: 1
        area: 897
        pool: 5980
        exposed: true
        exposedAt: 0
      223:
        x: 606
        y: 410
        state: 0
        d: 0.4057013534527738
        dmax: 0.8220000000000001
        g: 0.0014999999999999998
        name: 'ind'
        well: true
        base: 0.672
        gBase: 0.0006
        timer: -1
        contestUntil: 0
        upto: 0
        awake: false
        subOn: true
        creep: 0
        unfed: 0
        fedTimer: 0
        shadeOff: 0
        unfedSince: -1
        starveSince: -1
        machines: 0
        slots: 1
        area: 1122
        pool: 7480
        exposed: true
        exposedAt: 0
      224:
        x: 501
        y: 409
        state: 0
        d: 0.26347075947396226
        dmax: 0.49050000000000005
        g: 0.0005
        name: 'res'
        well: false
        base: 0.49050000000000005
        gBase: 0.0005
        timer: -1
        contestUntil: 0
        upto: 0
        awake: false
        subOn: true
        creep: 0
        unfed: 0
        fedTimer: 0
        shadeOff: 0
        unfedSince: -1
        starveSince: -1
        machines: 0
        slots: 1
        area: 608
        pool: 4053.3333333333335
        exposed: true
        exposedAt: 0
      225:
        x: 54
        y: 407
        state: 0
        d: 0.5440990902017802
        dmax: 1
        g: 0.0008
        name: 'out'
        well: false
        base: 1
        gBase: 0.0008
        timer: -1
        contestUntil: 0
        upto: 0
        awake: false
        subOn: true
        creep: 0
        unfed: 0
        fedTimer: 0
        shadeOff: 0
        unfedSince: -1
        starveSince: -1
        machines: 0
        slots: 1
        area: 434
        pool: 0
        exposed: true
        exposedAt: 0
      226:
        x: 568
        y: 413
        state: 0
        d: 0.28047981223786483
        dmax: 0.57225
        g: 0.000875
        name: 'res'
        well: true
        base: 0.49725
        gBase: 0.0005
        timer: -1
        contestUntil: 0
        upto: 0
        awake: false
        subOn: true
        creep: 0
        unfed: 0
        fedTimer: 0
        shadeOff: 0
        unfedSince: -1
        starveSince: -1
        machines: 0
        slots: 1
        area: 880
        pool: 5866.666666666667
        exposed: true
        exposedAt: 0
      227:
        x: 18
        y: 410
        state: 0
        d: 0.4659596103010699
        dmax: 1
        g: 0.0008
        name: 'out'
        well: false
        base: 1
        gBase: 0.0008
        timer: -1
        contestUntil: 0
        upto: 0
        awake: false
        subOn: true
        creep: 0
        unfed: 0
        fedTimer: 0
        shadeOff: 0
        unfedSince: -1
        starveSince: -1
        machines: 0
        slots: 1
        area: 678
        pool: 0
        exposed: true
        exposedAt: 0
      228:
        x: 537
        y: 416
        state: 0
        d: 0.25316900104534584
        dmax: 0.49050000000000005
        g: 0.0005
        name: 'res'
        well: false
        base: 0.49050000000000005
        gBase: 0.0005
        timer: -1
        contestUntil: 0
        upto: 0
        awake: false
        subOn: true
        creep: 0
        unfed: 0
        fedTimer: 0
        shadeOff: 0
        unfedSince: -1
        starveSince: -1
        machines: 0
        slots: 1
        area: 692
        pool: 4613.333333333333
        exposed: true
        exposedAt: 0
      229:
        x: 686
        y: 414
        state: 3
        d: 0.5463590073399246
        dmax: 1
        g: 0.0026000000000000003
        name: 'out'
        well: true
        base: 1
        gBase: 0.0008
        timer: -1
        contestUntil: 0
        upto: 0
        awake: false
        subOn: true
        creep: 0
        unfed: 0
        fedTimer: 0
        shadeOff: 0
        unfedSince: -1
        starveSince: -1
        machines: 0
        slots: 1
        area: 515
        pool: 0
        exposed: true
        exposedAt: 0
      230:
        x: 205
        y: 420
        state: 0
        d: 0.25775110667031265
        dmax: 0.5040000000000001
        g: 0.0005
        name: 'res'
        well: false
        base: 0.5040000000000001
        gBase: 0.0005
        timer: -1
        contestUntil: 0
        upto: 0
        awake: false
        subOn: true
        creep: 0
        unfed: 0
        fedTimer: 0
        shadeOff: 0
        unfedSince: -1
        starveSince: -1
        machines: 0
        slots: 2
        area: 1249
        pool: 8326.666666666666
        exposed: true
        exposedAt: 0
      231:
        x: 278
        y: 416
        state: 0
        d: 0.265227530130744
        dmax: 0.49725
        g: 0.0005
        name: 'res'
        well: false
        base: 0.49725
        gBase: 0.0005
        timer: -1
        contestUntil: 0
        upto: 0
        awake: false
        subOn: true
        creep: 0
        unfed: 0
        fedTimer: 0
        shadeOff: 0
        unfedSince: -1
        starveSince: -1
        machines: 0
        slots: 1
        area: 397
        pool: 2646.6666666666665
        exposed: true
        exposedAt: 0
      232:
        x: 720
        y: 418
        state: 0
        d: 0.49927895569708197
        dmax: 1
        g: 0.002
        name: 'out'
        well: true
        base: 1
        gBase: 0.0008
        timer: -1
        contestUntil: 0
        upto: 0
        awake: false
        subOn: true
        creep: 0
        unfed: 0
        fedTimer: 0
        shadeOff: 0
        unfedSince: -1
        starveSince: -1
        machines: 0
        slots: 1
        area: 571
        pool: 0
        exposed: true
        exposedAt: 0
      233:
        x: 358
        y: 418
        state: 0
        d: 0.24160304363211618
        dmax: 0.49050000000000005
        g: 0.0005
        name: 'res'
        well: false
        base: 0.49050000000000005
        gBase: 0.0005
        timer: -1
        contestUntil: 0
        upto: 0
        awake: false
        subOn: true
        creep: 0
        unfed: 0
        fedTimer: 0
        shadeOff: 0
        unfedSince: -1
        starveSince: -1
        machines: 0
        slots: 1
        area: 469
        pool: 3126.6666666666665
        exposed: true
        exposedAt: 0
      234:
        x: 769
        y: 429
        state: 0
        d: 0.5117286301916465
        dmax: 1
        g: 0.0014
        name: 'out'
        well: true
        base: 1
        gBase: 0.0008
        timer: -1
        contestUntil: 0
        upto: 0
        awake: false
        subOn: true
        creep: 0
        unfed: 0
        fedTimer: 0
        shadeOff: 0
        unfedSince: -1
        starveSince: -1
        machines: 0
        slots: 3
        area: 1914
        pool: 0
        exposed: true
        exposedAt: 0
      235:
        x: 249
        y: 419
        state: 0
        d: 0.24046390726324177
        dmax: 0.5040000000000001
        g: 0.0005
        name: 'res'
        well: false
        base: 0.5040000000000001
        gBase: 0.0005
        timer: -1
        contestUntil: 0
        upto: 0
        awake: false
        subOn: true
        creep: 0
        unfed: 0
        fedTimer: 0
        shadeOff: 0
        unfedSince: -1
        starveSince: -1
        machines: 0
        slots: 1
        area: 316
        pool: 2106.6666666666665
        exposed: true
        exposedAt: 0
      236:
        x: 326
        y: 428
        state: 0
        d: 0.23978664198381594
        dmax: 0.49050000000000005
        g: 0.0005
        name: 'res'
        well: false
        base: 0.49050000000000005
        gBase: 0.0005
        timer: -1
        contestUntil: 0
        upto: 0
        awake: false
        subOn: true
        creep: 0
        unfed: 0
        fedTimer: 0
        shadeOff: 0
        unfedSince: -1
        starveSince: -1
        machines: 0
        slots: 2
        area: 1267
        pool: 8446.666666666666
        exposed: true
        exposedAt: 0
      237:
        x: 158
        y: 425
        state: 0
        d: 0.34293215211464556
        dmax: 0.6809999999999999
        g: 0.0006
        name: 'ind'
        well: false
        base: 0.6809999999999999
        gBase: 0.0006
        timer: -1
        contestUntil: 0
        upto: 0
        awake: false
        subOn: true
        creep: 0
        unfed: 0
        fedTimer: 0
        shadeOff: 0
        unfedSince: -1
        starveSince: -1
        machines: 0
        slots: 1
        area: 1133
        pool: 7553.333333333333
        exposed: true
        exposedAt: 0
      238:
        x: 120
        y: 443
        state: 0
        d: 0.34530573178525076
        dmax: 0.69
        g: 0.0006
        name: 'ind'
        well: false
        base: 0.69
        gBase: 0.0006
        timer: -1
        contestUntil: 0
        upto: 0
        awake: false
        subOn: true
        creep: 0
        unfed: 0
        fedTimer: 0
        shadeOff: 0
        unfedSince: -1
        starveSince: -1
        machines: 0
        slots: 1
        area: 714
        pool: 4760
        exposed: true
        exposedAt: 0
      239:
        x: 91
        y: 426
        state: 0
        d: 0.4628842468606308
        dmax: 1
        g: 0.0008
        name: 'out'
        well: false
        base: 1
        gBase: 0.0008
        timer: -1
        contestUntil: 0
        upto: 0
        awake: false
        subOn: true
        creep: 0
        unfed: 0
        fedTimer: 0
        shadeOff: 0
        unfedSince: -1
        starveSince: -1
        machines: 0
        slots: 1
        area: 827
        pool: 0
        exposed: true
        exposedAt: 0
      240:
        x: 60
        y: 435
        state: 0
        d: 0.47708539697341623
        dmax: 1
        g: 0.0008
        name: 'out'
        well: false
        base: 1
        gBase: 0.0008
        timer: -1
        contestUntil: 0
        upto: 0
        awake: false
        subOn: true
        creep: 0
        unfed: 0
        fedTimer: 0
        shadeOff: 0
        unfedSince: -1
        starveSince: -1
        machines: 0
        slots: 1
        area: 905
        pool: 0
        exposed: true
        exposedAt: 0
      241:
        x: 389
        y: 437
        state: 0
        d: 0.1548723661660915
        dmax: 0.32249999999999995
        g: 0.0004
        name: 'civ'
        well: false
        base: 0.32249999999999995
        gBase: 0.0004
        timer: -1
        contestUntil: 0
        upto: 0
        awake: false
        subOn: true
        creep: 0
        unfed: 0
        fedTimer: 0
        shadeOff: 0
        unfedSince: -1
        starveSince: -1
        machines: 0
        slots: 1
        area: 902
        pool: 6013.333333333333
        exposed: true
        exposedAt: 0
      242:
        x: 423
        y: 436
        state: 0
        d: 0.15019953786773838
        dmax: 0.32249999999999995
        g: 0.0004
        name: 'civ'
        well: false
        base: 0.32249999999999995
        gBase: 0.0004
        timer: -1
        contestUntil: 0
        upto: 0
        awake: false
        subOn: true
        creep: 0
        unfed: 0
        fedTimer: 0
        shadeOff: 0
        unfedSince: -1
        starveSince: -1
        machines: 0
        slots: 1
        area: 655
        pool: 4366.666666666667
        exposed: true
        exposedAt: 0
      243:
        x: 20
        y: 441
        state: 3
        d: 0.5093836470972747
        dmax: 1
        g: 0.0008
        name: 'out'
        well: false
        base: 1
        gBase: 0.0008
        timer: -1
        contestUntil: 0
        upto: 0
        awake: false
        subOn: true
        creep: 0
        unfed: 0
        fedTimer: 0
        shadeOff: 0
        unfedSince: -1
        starveSince: -1
        machines: 0
        slots: 1
        area: 856
        pool: 0
        exposed: true
        exposedAt: 0
      244:
        x: 455
        y: 441
        state: 0
        d: 0.17340924014191839
        dmax: 0.32249999999999995
        g: 0.0004
        name: 'civ'
        well: false
        base: 0.32249999999999995
        gBase: 0.0004
        timer: -1
        contestUntil: 0
        upto: 0
        awake: false
        subOn: true
        creep: 0
        unfed: 0
        fedTimer: 0
        shadeOff: 0
        unfedSince: -1
        starveSince: -1
        machines: 0
        slots: 1
        area: 1064
        pool: 7093.333333333333
        exposed: true
        exposedAt: 0
      245:
        x: 288
        y: 444
        state: 0
        d: 0.25706347251859263
        dmax: 0.49050000000000005
        g: 0.0005
        name: 'res'
        well: false
        base: 0.49050000000000005
        gBase: 0.0005
        timer: -1
        contestUntil: 0
        upto: 0
        awake: false
        subOn: true
        creep: 0
        unfed: 0
        fedTimer: 0
        shadeOff: 0
        unfedSince: -1
        starveSince: -1
        machines: 0
        slots: 1
        area: 305
        pool: 2033.3333333333333
        exposed: true
        exposedAt: 0
      246:
        x: 491
        y: 447
        state: 0
        d: 0.17116408171935468
        dmax: 0.32249999999999995
        g: 0.0004
        name: 'civ'
        well: false
        base: 0.32249999999999995
        gBase: 0.0004
        timer: -1
        contestUntil: 0
        upto: 0
        awake: false
        subOn: true
        creep: 0
        unfed: 0
        fedTimer: 0
        shadeOff: 0
        unfedSince: -1
        starveSince: -1
        machines: 0
        slots: 1
        area: 928
        pool: 6186.666666666667
        exposed: true
        exposedAt: 0
      247:
        x: 653
        y: 441
        state: 0
        d: 0.44600414470061656
        dmax: 0.972
        g: 0.0024
        name: 'ind'
        well: true
        base: 0.672
        gBase: 0.0006
        timer: -1
        contestUntil: 0
        upto: 0
        awake: false
        subOn: true
        creep: 0
        unfed: 0
        fedTimer: 0
        shadeOff: 0
        unfedSince: -1
        starveSince: -1
        machines: 0
        slots: 1
        area: 602
        pool: 4013.3333333333335
        exposed: true
        exposedAt: 0
      248:
        x: 252
        y: 462
        state: 0
        d: 0.26520031291291235
        dmax: 0.49725
        g: 0.0005
        name: 'res'
        well: false
        base: 0.49725
        gBase: 0.0005
        timer: -1
        contestUntil: 0
        upto: 0
        awake: false
        subOn: true
        creep: 0
        unfed: 0
        fedTimer: 0
        shadeOff: 0
        unfedSince: -1
        starveSince: -1
        machines: 0
        slots: 2
        area: 1411
        pool: 9406.666666666666
        exposed: true
        exposedAt: 0
      249:
        x: 619
        y: 447
        state: 0
        d: 0.4861051177005982
        dmax: 0.897
        g: 0.00195
        name: 'ind'
        well: true
        base: 0.672
        gBase: 0.0006
        timer: -1
        contestUntil: 0
        upto: 0
        awake: false
        subOn: true
        creep: 0
        unfed: 0
        fedTimer: 0
        shadeOff: 0
        unfedSince: -1
        starveSince: -1
        machines: 0
        slots: 1
        area: 958
        pool: 6386.666666666667
        exposed: true
        exposedAt: 0
      250:
        x: 688
        y: 444
        state: 0
        d: 0.5142213287530467
        dmax: 1
        g: 0.0026000000000000003
        name: 'out'
        well: true
        base: 1
        gBase: 0.0008
        timer: -1
        contestUntil: 0
        upto: 0
        awake: false
        subOn: true
        creep: 0
        unfed: 0
        fedTimer: 0
        shadeOff: 0
        unfedSince: -1
        starveSince: -1
        machines: 0
        slots: 1
        area: 486
        pool: 0
        exposed: true
        exposedAt: 0
      251:
        x: 592
        y: 443
        state: 0
        d: 0.37654617517045696
        dmax: 0.813
        g: 0.0014999999999999998
        name: 'ind'
        well: true
        base: 0.6629999999999999
        gBase: 0.0006
        timer: -1
        contestUntil: 0
        upto: 0
        awake: false
        subOn: true
        creep: 0
        unfed: 0
        fedTimer: 0
        shadeOff: 0
        unfedSince: -1
        starveSince: -1
        machines: 0
        slots: 1
        area: 549
        pool: 3660
        exposed: true
        exposedAt: 0
      252:
        x: 723
        y: 447
        state: 0
        d: 0.4572673627175391
        dmax: 1
        g: 0.002
        name: 'out'
        well: true
        base: 1
        gBase: 0.0008
        timer: -1
        contestUntil: 0
        upto: 0
        awake: false
        subOn: true
        creep: 0
        unfed: 0
        fedTimer: 0
        shadeOff: 0
        unfedSince: -1
        starveSince: -1
        machines: 0
        slots: 1
        area: 552
        pool: 0
        exposed: true
        exposedAt: 0
      253:
        x: 566
        y: 450
        state: 3
        d: 0.2778708009215654
        dmax: 0.5655
        g: 0.000875
        name: 'res'
        well: true
        base: 0.49050000000000005
        gBase: 0.0005
        timer: -1
        contestUntil: 0
        upto: 0
        awake: false
        subOn: true
        creep: 0
        unfed: 0
        fedTimer: 0
        shadeOff: 0
        unfedSince: -1
        starveSince: -1
        machines: 0
        slots: 1
        area: 651
        pool: 4340
        exposed: true
        exposedAt: 0
      254:
        x: 532
        y: 450
        state: 0
        d: 0.15218365432525752
        dmax: 0.32249999999999995
        g: 0.0004
        name: 'civ'
        well: false
        base: 0.32249999999999995
        gBase: 0.0004
        timer: -1
        contestUntil: 0
        upto: 0
        awake: false
        subOn: true
        creep: 0
        unfed: 0
        fedTimer: 0
        shadeOff: 0
        unfedSince: -1
        starveSince: -1
        machines: 0
        slots: 1
        area: 718
        pool: 4786.666666666667
        exposed: true
        exposedAt: 0
      255:
        x: 215
        y: 454
        state: 0
        d: 0.2270398009423167
        dmax: 0.5040000000000001
        g: 0.0005
        name: 'res'
        well: false
        base: 0.5040000000000001
        gBase: 0.0005
        timer: -1
        contestUntil: 0
        upto: 0
        awake: false
        subOn: true
        creep: 0
        unfed: 0
        fedTimer: 0
        shadeOff: 0
        unfedSince: -1
        starveSince: -1
        machines: 0
        slots: 1
        area: 953
        pool: 6353.333333333333
        exposed: true
        exposedAt: 0
      256:
        x: 149
        y: 452
        state: 0
        d: 0.31240731105110603
        dmax: 0.6809999999999999
        g: 0.0006
        name: 'ind'
        well: false
        base: 0.6809999999999999
        gBase: 0.0006
        timer: -1
        contestUntil: 0
        upto: 0
        awake: false
        subOn: true
        creep: 0
        unfed: 0
        fedTimer: 0
        shadeOff: 0
        unfedSince: -1
        starveSince: -1
        machines: 0
        slots: 1
        area: 652
        pool: 4346.666666666667
        exposed: true
        exposedAt: 0
      257:
        x: 359
        y: 467
        state: 0
        d: 0.17129377031140025
        dmax: 0.32249999999999995
        g: 0.0004
        name: 'civ'
        well: false
        base: 0.32249999999999995
        gBase: 0.0004
        timer: -1
        contestUntil: 0
        upto: 0
        awake: false
        subOn: true
        creep: 0
        unfed: 0
        fedTimer: 0
        shadeOff: 0
        unfedSince: -1
        starveSince: -1
        machines: 0
        slots: 1
        area: 644
        pool: 4293.333333333333
        exposed: true
        exposedAt: 0
      258:
        x: 322
        y: 464
        state: 0
        d: 0.15104686285124624
        dmax: 0.32249999999999995
        g: 0.0004
        name: 'civ'
        well: false
        base: 0.32249999999999995
        gBase: 0.0004
        timer: -1
        contestUntil: 0
        upto: 0
        awake: false
        subOn: true
        creep: 0
        unfed: 0
        fedTimer: 0
        shadeOff: 0
        unfedSince: -1
        starveSince: -1
        machines: 0
        slots: 1
        area: 514
        pool: 3426.6666666666665
        exposed: true
        exposedAt: 0
      259:
        x: 287
        y: 469
        state: 0
        d: 0.2617308606824954
        dmax: 0.49050000000000005
        g: 0.0005
        name: 'res'
        well: false
        base: 0.49050000000000005
        gBase: 0.0005
        timer: -1
        contestUntil: 0
        upto: 0
        awake: false
        subOn: true
        creep: 0
        unfed: 0
        fedTimer: 0
        shadeOff: 0
        unfedSince: -1
        starveSince: -1
        machines: 0
        slots: 1
        area: 514
        pool: 3426.6666666666665
        exposed: true
        exposedAt: 0
      260:
        x: 782
        y: 467
        state: 3
        d: 0.48009597684722394
        dmax: 1
        g: 0.0008
        name: 'out'
        well: false
        base: 1
        gBase: 0.0008
        timer: -1
        contestUntil: 0
        upto: 0
        awake: false
        subOn: true
        creep: 0
        unfed: 0
        fedTimer: 0
        shadeOff: 0
        unfedSince: -1
        starveSince: -1
        machines: 0
        slots: 1
        area: 730
        pool: 0
        exposed: true
        exposedAt: 0
      261:
        x: 390
        y: 482
        state: 3
        d: 0.16131300093331374
        dmax: 0.318
        g: 0.0004
        name: 'civ'
        well: false
        base: 0.318
        gBase: 0.0004
        timer: -1
        contestUntil: 0
        upto: 0
        awake: false
        subOn: true
        creep: 0
        unfed: 0
        fedTimer: 0
        shadeOff: 0
        unfedSince: -1
        starveSince: -1
        machines: 0
        slots: 1
        area: 681
        pool: 4540
        exposed: true
        exposedAt: 0
      262:
        x: 740
        y: 468
        state: 0
        d: 0.5266254145186394
        dmax: 1
        g: 0.0014
        name: 'out'
        well: true
        base: 1
        gBase: 0.0008
        timer: -1
        contestUntil: 0
        upto: 0
        awake: false
        subOn: true
        creep: 0
        unfed: 0
        fedTimer: 0
        shadeOff: 0
        unfedSince: -1
        starveSince: -1
        machines: 0
        slots: 1
        area: 559
        pool: 0
        exposed: true
        exposedAt: 0
      263:
        x: 21
        y: 476
        state: 0
        d: 0.46268881028518083
        dmax: 1
        g: 0.0008
        name: 'out'
        well: false
        base: 1
        gBase: 0.0008
        timer: -1
        contestUntil: 0
        upto: 0
        awake: false
        subOn: true
        creep: 0
        unfed: 0
        fedTimer: 0
        shadeOff: 0
        unfedSince: -1
        starveSince: -1
        machines: 0
        slots: 1
        area: 1130
        pool: 0
        exposed: true
        exposedAt: 0
      264:
        x: 75
        y: 480
        state: 0
        d: 0.5133582760579884
        dmax: 1
        g: 0.0008
        name: 'out'
        well: false
        base: 1
        gBase: 0.0008
        timer: -1
        contestUntil: 0
        upto: 0
        awake: false
        subOn: true
        creep: 0
        unfed: 0
        fedTimer: 0
        shadeOff: 0
        unfedSince: -1
        starveSince: -1
        machines: 0
        slots: 1
        area: 1107
        pool: 0
        exposed: true
        exposedAt: 0
      265:
        x: 114
        y: 475
        state: 0
        d: 0.5449169374536723
        dmax: 1
        g: 0.0008
        name: 'out'
        well: false
        base: 1
        gBase: 0.0008
        timer: -1
        contestUntil: 0
        upto: 0
        awake: false
        subOn: true
        creep: 0
        unfed: 0
        fedTimer: 0
        shadeOff: 0
        unfedSince: -1
        starveSince: -1
        machines: 0
        slots: 1
        area: 710
        pool: 0
        exposed: true
        exposedAt: 0
      266:
        x: 653
        y: 483
        state: 0
        d: 0.4050753272529691
        dmax: 0.8879999999999999
        g: 0.00195
        name: 'ind'
        well: true
        base: 0.6629999999999999
        gBase: 0.0006
        timer: -1
        contestUntil: 0
        upto: 0
        awake: false
        subOn: true
        creep: 0
        unfed: 0
        fedTimer: 0
        shadeOff: 0
        unfedSince: -1
        starveSince: -1
        machines: 0
        slots: 1
        area: 1168
        pool: 7786.666666666667
        exposed: true
        exposedAt: 0
      267:
        x: 695
        y: 494
        state: 0
        d: 0.5491148434113711
        dmax: 1
        g: 0.002
        name: 'out'
        well: true
        base: 1
        gBase: 0.0008
        timer: -1
        contestUntil: 0
        upto: 0
        awake: false
        subOn: true
        creep: 0
        unfed: 0
        fedTimer: 0
        shadeOff: 0
        unfedSince: -1
        starveSince: -1
        machines: 0
        slots: 1
        area: 957
        pool: 0
        exposed: true
        exposedAt: 0
      268:
        x: 481
        y: 484
        state: 0
        d: 0.16444089859030211
        dmax: 0.318
        g: 0.0004
        name: 'civ'
        well: false
        base: 0.318
        gBase: 0.0004
        timer: -1
        contestUntil: 0
        upto: 0
        awake: false
        subOn: true
        creep: 0
        unfed: 0
        fedTimer: 0
        shadeOff: 0
        unfedSince: -1
        starveSince: -1
        machines: 0
        slots: 1
        area: 989
        pool: 6593.333333333333
        exposed: true
        exposedAt: 0
      269:
        x: 153
        y: 478
        state: 0
        d: 0.2587309306271375
        dmax: 0.5040000000000001
        g: 0.0005
        name: 'res'
        well: false
        base: 0.5040000000000001
        gBase: 0.0005
        timer: -1
        contestUntil: 0
        upto: 0
        awake: false
        subOn: true
        creep: 0
        unfed: 0
        fedTimer: 0
        shadeOff: 0
        unfedSince: -1
        starveSince: -1
        machines: 0
        slots: 1
        area: 613
        pool: 4086.6666666666665
        exposed: true
        exposedAt: 0
      270:
        x: 418
        y: 489
        state: 0
        d: 0.17122764779850838
        dmax: 0.318
        g: 0.0004
        name: 'civ'
        well: false
        base: 0.318
        gBase: 0.0004
        timer: -1
        contestUntil: 0
        upto: 0
        awake: false
        subOn: true
        creep: 0
        unfed: 0
        fedTimer: 0
        shadeOff: 0
        unfedSince: -1
        starveSince: -1
        machines: 0
        slots: 1
        area: 806
        pool: 5373.333333333333
        exposed: true
        exposedAt: 0
      271:
        x: 214
        y: 488
        state: 0
        d: 0.23800275840627147
        dmax: 0.49725
        g: 0.0005
        name: 'res'
        well: false
        base: 0.49725
        gBase: 0.0005
        timer: -1
        contestUntil: 0
        upto: 0
        awake: false
        subOn: true
        creep: 0
        unfed: 0
        fedTimer: 0
        shadeOff: 0
        unfedSince: -1
        starveSince: -1
        machines: 0
        slots: 1
        area: 1179
        pool: 7860
        exposed: true
        exposedAt: 0
      272:
        x: 449
        y: 482
        state: 0
        d: 0.16557297186199577
        dmax: 0.318
        g: 0.0004
        name: 'civ'
        well: false
        base: 0.318
        gBase: 0.0004
        timer: -1
        contestUntil: 0
        upto: 0
        awake: false
        subOn: true
        creep: 0
        unfed: 0
        fedTimer: 0
        shadeOff: 0
        unfedSince: -1
        starveSince: -1
        machines: 0
        slots: 1
        area: 536
        pool: 3573.3333333333335
        exposed: true
        exposedAt: 0
      273:
        x: 563
        y: 484
        state: 0
        d: 0.38901379021599425
        dmax: 0.729
        g: 0.00105
        name: 'ind'
        well: true
        base: 0.654
        gBase: 0.0006
        timer: -1
        contestUntil: 0
        upto: 0
        awake: false
        subOn: true
        creep: 0
        unfed: 0
        fedTimer: 0
        shadeOff: 0
        unfedSince: -1
        starveSince: -1
        machines: 0
        slots: 1
        area: 384
        pool: 2560
        exposed: true
        exposedAt: 0
      274:
        x: 615
        y: 487
        state: 0
        d: 0.4348870615948224
        dmax: 0.813
        g: 0.0014999999999999998
        name: 'ind'
        well: true
        base: 0.6629999999999999
        gBase: 0.0006
        timer: -1
        contestUntil: 0
        upto: 0
        awake: false
        subOn: true
        creep: 0
        unfed: 0
        fedTimer: 0
        shadeOff: 0
        unfedSince: -1
        starveSince: -1
        machines: 0
        slots: 1
        area: 434
        pool: 2893.3333333333335
        exposed: true
        exposedAt: 0
      275:
        x: 523
        y: 488
        state: 0
        d: 0.15939296761370494
        dmax: 0.32249999999999995
        g: 0.0004
        name: 'civ'
        well: false
        base: 0.32249999999999995
        gBase: 0.0004
        timer: -1
        contestUntil: 0
        upto: 0
        awake: false
        subOn: true
        creep: 0
        unfed: 0
        fedTimer: 0
        shadeOff: 0
        unfedSince: -1
        starveSince: -1
        machines: 0
        slots: 1
        area: 570
        pool: 3800
        exposed: true
        exposedAt: 0
      276:
        x: 586
        y: 488
        state: 3
        d: 0.39938925931924013
        dmax: 0.7379999999999999
        g: 0.00105
        name: 'ind'
        well: true
        base: 0.6629999999999999
        gBase: 0.0006
        timer: -1
        contestUntil: 0
        upto: 0
        awake: false
        subOn: true
        creep: 0
        unfed: 0
        fedTimer: 0
        shadeOff: 0
        unfedSince: -1
        starveSince: -1
        machines: 0
        slots: 1
        area: 315
        pool: 2100
        exposed: true
        exposedAt: 0
      277:
        x: 249
        y: 498
        state: 0
        d: 0.2683900924430578
        dmax: 0.49050000000000005
        g: 0.0005
        name: 'res'
        well: false
        base: 0.49050000000000005
        gBase: 0.0005
        timer: -1
        contestUntil: 0
        upto: 0
        awake: false
        subOn: true
        creep: 0
        unfed: 0
        fedTimer: 0
        shadeOff: 0
        unfedSince: -1
        starveSince: -1
        machines: 0
        slots: 1
        area: 864
        pool: 5760
        exposed: true
        exposedAt: 0
      278:
        x: 734
        y: 498
        state: 0
        d: 0.48884529594797643
        dmax: 1
        g: 0.0014
        name: 'out'
        well: true
        base: 1
        gBase: 0.0008
        timer: -1
        contestUntil: 0
        upto: 0
        awake: false
        subOn: true
        creep: 0
        unfed: 0
        fedTimer: 0
        shadeOff: 0
        unfedSince: -1
        starveSince: -1
        machines: 0
        slots: 1
        area: 896
        pool: 0
        exposed: true
        exposedAt: 0
      279:
        x: 366
        y: 495
        state: 0
        d: 0.17025900600361638
        dmax: 0.318
        g: 0.0004
        name: 'civ'
        well: false
        base: 0.318
        gBase: 0.0004
        timer: -1
        contestUntil: 0
        upto: 0
        awake: false
        subOn: true
        creep: 0
        unfed: 0
        fedTimer: 0
        shadeOff: 0
        unfedSince: -1
        starveSince: -1
        machines: 0
        slots: 1
        area: 376
        pool: 2506.6666666666665
        exposed: true
        exposedAt: 0
      280:
        x: 282
        y: 500
        state: 0
        d: 0.26414514619499097
        dmax: 0.48375
        g: 0.0005
        name: 'res'
        well: false
        base: 0.48375
        gBase: 0.0005
        timer: -1
        contestUntil: 0
        upto: 0
        awake: false
        subOn: true
        creep: 0
        unfed: 0
        fedTimer: 0
        shadeOff: 0
        unfedSince: -1
        starveSince: -1
        machines: 0
        slots: 1
        area: 627
        pool: 4180
        exposed: true
        exposedAt: 0
      281:
        x: 768
        y: 504
        state: 0
        d: 0.45116920983418823
        dmax: 1
        g: 0.0008
        name: 'out'
        well: false
        base: 1
        gBase: 0.0008
        timer: -1
        contestUntil: 0
        upto: 0
        awake: false
        subOn: true
        creep: 0
        unfed: 0
        fedTimer: 0
        shadeOff: 0
        unfedSince: -1
        starveSince: -1
        machines: 0
        slots: 1
        area: 1056
        pool: 0
        exposed: true
        exposedAt: 0
      282:
        x: 331
        y: 498
        state: 0
        d: 0.22359607997671704
        dmax: 0.47700000000000004
        g: 0.0005
        name: 'res'
        well: false
        base: 0.47700000000000004
        gBase: 0.0005
        timer: -1
        contestUntil: 0
        upto: 0
        awake: false
        subOn: true
        creep: 0
        unfed: 0
        fedTimer: 0
        shadeOff: 0
        unfedSince: -1
        starveSince: -1
        machines: 0
        slots: 1
        area: 436
        pool: 2906.6666666666665
        exposed: true
        exposedAt: 0
      283:
        x: 113
        y: 508
        state: 3
        d: 0.5374297910369933
        dmax: 1
        g: 0.0008
        name: 'out'
        well: false
        base: 1
        gBase: 0.0008
        timer: -1
        contestUntil: 0
        upto: 0
        awake: false
        subOn: true
        creep: 0
        unfed: 0
        fedTimer: 0
        shadeOff: 0
        unfedSince: -1
        starveSince: -1
        machines: 0
        slots: 1
        area: 1169
        pool: 0
        exposed: true
        exposedAt: 0
      284:
        x: 179
        y: 506
        state: 0
        d: 0.26455658006351446
        dmax: 0.5040000000000001
        g: 0.0005
        name: 'res'
        well: false
        base: 0.5040000000000001
        gBase: 0.0005
        timer: -1
        contestUntil: 0
        upto: 0
        awake: false
        subOn: true
        creep: 0
        unfed: 0
        fedTimer: 0
        shadeOff: 0
        unfedSince: -1
        starveSince: -1
        machines: 0
        slots: 1
        area: 1046
        pool: 6973.333333333333
        exposed: true
        exposedAt: 0
      285:
        x: 24
        y: 512
        state: 0
        d: 0.49604611843824387
        dmax: 1
        g: 0.0008
        name: 'out'
        well: false
        base: 1
        gBase: 0.0008
        timer: -1
        contestUntil: 0
        upto: 0
        awake: false
        subOn: true
        creep: 0
        unfed: 0
        fedTimer: 0
        shadeOff: 0
        unfedSince: -1
        starveSince: -1
        machines: 0
        slots: 2
        area: 1255
        pool: 0
        exposed: true
        exposedAt: 0
      286:
        x: 63
        y: 516
        state: 3
        d: 0.4554394340608269
        dmax: 1
        g: 0.0008
        name: 'out'
        well: false
        base: 1
        gBase: 0.0008
        timer: -1
        contestUntil: 0
        upto: 0
        awake: false
        subOn: true
        creep: 0
        unfed: 0
        fedTimer: 0
        shadeOff: 0
        unfedSince: -1
        starveSince: -1
        machines: 0
        slots: 1
        area: 638
        pool: 0
        exposed: true
        exposedAt: 0
      287:
        x: 540
        y: 518
        state: 0
        d: 0.329024086952093
        dmax: 0.6449999999999999
        g: 0.0006
        name: 'ind'
        well: false
        base: 0.6449999999999999
        gBase: 0.0006
        timer: -1
        contestUntil: 0
        upto: 0
        awake: false
        subOn: true
        creep: 0
        unfed: 0
        fedTimer: 0
        shadeOff: 0
        unfedSince: -1
        starveSince: -1
        machines: 0
        slots: 1
        area: 527
        pool: 3513.3333333333335
        exposed: true
        exposedAt: 0
      288:
        x: 516
        y: 516
        state: 0
        d: 0.21828800098390785
        dmax: 0.47700000000000004
        g: 0.0005
        name: 'res'
        well: false
        base: 0.47700000000000004
        gBase: 0.0005
        timer: -1
        contestUntil: 0
        upto: 0
        awake: false
        subOn: true
        creep: 0
        unfed: 0
        fedTimer: 0
        shadeOff: 0
        unfedSince: -1
        starveSince: -1
        machines: 0
        slots: 1
        area: 341
        pool: 2273.3333333333335
        exposed: true
        exposedAt: 0
      289:
        x: 571
        y: 516
        state: 0
        d: 0.3383373476427281
        dmax: 0.729
        g: 0.00105
        name: 'ind'
        well: true
        base: 0.654
        gBase: 0.0006
        timer: -1
        contestUntil: 0
        upto: 0
        awake: false
        subOn: true
        creep: 0
        unfed: 0
        fedTimer: 0
        shadeOff: 0
        unfedSince: -1
        starveSince: -1
        machines: 0
        slots: 1
        area: 603
        pool: 4020
        exposed: true
        exposedAt: 0
      290:
        x: 483
        y: 522
        state: 0
        d: 0.17180634330158354
        dmax: 0.31349999999999995
        g: 0.0004
        name: 'civ'
        well: false
        base: 0.31349999999999995
        gBase: 0.0004
        timer: -1
        contestUntil: 0
        upto: 0
        awake: false
        subOn: true
        creep: 0
        unfed: 0
        fedTimer: 0
        shadeOff: 0
        unfedSince: -1
        starveSince: -1
        machines: 0
        slots: 1
        area: 576
        pool: 3840
        exposed: true
        exposedAt: 0
      291:
        x: 626
        y: 533
        state: 0
        d: 0.3642108480552212
        dmax: 0.804
        g: 0.0014999999999999998
        name: 'ind'
        well: true
        base: 0.654
        gBase: 0.0006
        timer: -1
        contestUntil: 0
        upto: 0
        awake: false
        subOn: true
        creep: 0
        unfed: 0
        fedTimer: 0
        shadeOff: 0
        unfedSince: -1
        starveSince: -1
        machines: 0
        slots: 2
        area: 1476
        pool: 9840
        exposed: true
        exposedAt: 0
      292:
        x: 436
        y: 523
        state: 0
        d: 0.22081029569354724
        dmax: 0.47025
        g: 0.0005
        name: 'res'
        well: false
        base: 0.47025
        gBase: 0.0005
        timer: -1
        contestUntil: 0
        upto: 0
        awake: false
        subOn: true
        creep: 0
        unfed: 0
        fedTimer: 0
        shadeOff: 0
        unfedSince: -1
        starveSince: -1
        machines: 0
        slots: 1
        area: 702
        pool: 4680
        exposed: true
        exposedAt: 0
      293:
        x: 405
        y: 531
        state: 3
        d: 0.15777955345247172
        dmax: 0.31349999999999995
        g: 0.0004
        name: 'civ'
        well: false
        base: 0.31349999999999995
        gBase: 0.0004
        timer: -1
        contestUntil: 0
        upto: 0
        awake: false
        subOn: true
        creep: 0
        unfed: 0
        fedTimer: 0
        shadeOff: 0
        unfedSince: -1
        starveSince: -1
        machines: 0
        slots: 1
        area: 1190
        pool: 7933.333333333333
        exposed: true
        exposedAt: 0
      294:
        x: 672
        y: 536
        state: 0
        d: 0.4230398129898822
        dmax: 0.813
        g: 0.0014999999999999998
        name: 'ind'
        well: true
        base: 0.6629999999999999
        gBase: 0.0006
        timer: -1
        contestUntil: 0
        upto: 0
        awake: false
        subOn: true
        creep: 0
        unfed: 0
        fedTimer: 0
        shadeOff: 0
        unfedSince: -1
        starveSince: -1
        machines: 0
        slots: 2
        area: 1487
        pool: 9913.333333333334
        exposed: true
        exposedAt: 0
      295:
        x: 362
        y: 548
        state: 0
        d: 0.16836874559023413
        dmax: 0.31349999999999995
        g: 0.0004
        name: 'civ'
        well: false
        base: 0.31349999999999995
        gBase: 0.0004
        timer: -1
        contestUntil: 0
        upto: 0
        awake: false
        subOn: true
        creep: 0
        unfed: 0
        fedTimer: 0
        shadeOff: 0
        unfedSince: -1
        starveSince: -1
        machines: 0
        slots: 1
        area: 827
        pool: 5513.333333333333
        exposed: true
        exposedAt: 0
      296:
        x: 326
        y: 533
        state: 0
        d: 0.17277928282544017
        dmax: 0.318
        g: 0.0004
        name: 'civ'
        well: false
        base: 0.318
        gBase: 0.0004
        timer: -1
        contestUntil: 0
        upto: 0
        awake: false
        subOn: true
        creep: 0
        unfed: 0
        fedTimer: 0
        shadeOff: 0
        unfedSince: -1
        starveSince: -1
        machines: 0
        slots: 1
        area: 994
        pool: 6626.666666666667
        exposed: true
        exposedAt: 0
      297:
        x: 710
        y: 533
        state: 0
        d: 0.5327203099383041
        dmax: 1
        g: 0.0014
        name: 'out'
        well: true
        base: 1
        gBase: 0.0008
        timer: -1
        contestUntil: 0
        upto: 0
        awake: false
        subOn: true
        creep: 0
        unfed: 0
        fedTimer: 0
        shadeOff: 0
        unfedSince: -1
        starveSince: -1
        machines: 0
        slots: 1
        area: 513
        pool: 0
        exposed: true
        exposedAt: 0
      298:
        x: 290
        y: 549
        state: 0
        d: 0.1659757987297489
        dmax: 0.32249999999999995
        g: 0.0004
        name: 'civ'
        well: false
        base: 0.32249999999999995
        gBase: 0.0004
        timer: -1
        contestUntil: 0
        upto: 0
        awake: false
        subOn: true
        creep: 0
        unfed: 0
        fedTimer: 0
        shadeOff: 0
        unfedSince: -1
        starveSince: -1
        machines: 0
        slots: 1
        area: 615
        pool: 4100
        exposed: true
        exposedAt: 0
      299:
        x: 261
        y: 536
        state: 0
        d: 0.26531905153950214
        dmax: 0.49050000000000005
        g: 0.0005
        name: 'res'
        well: false
        base: 0.49050000000000005
        gBase: 0.0005
        timer: -1
        contestUntil: 0
        upto: 0
        awake: false
        subOn: true
        creep: 0
        unfed: 0
        fedTimer: 0
        shadeOff: 0
        unfedSince: -1
        starveSince: -1
        machines: 0
        slots: 1
        area: 542
        pool: 3613.3333333333335
        exposed: true
        exposedAt: 0
      300:
        x: 740
        y: 537
        state: 0
        d: 0.5080548180965707
        dmax: 1
        g: 0.0008
        name: 'out'
        well: false
        base: 1
        gBase: 0.0008
        timer: -1
        contestUntil: 0
        upto: 0
        awake: false
        subOn: true
        creep: 0
        unfed: 0
        fedTimer: 0
        shadeOff: 0
        unfedSince: -1
        starveSince: -1
        machines: 0
        slots: 1
        area: 489
        pool: 0
        exposed: true
        exposedAt: 0
      301:
        x: 232
        y: 541
        state: 0
        d: 0.2467950265984051
        dmax: 0.49725
        g: 0.0005
        name: 'res'
        well: false
        base: 0.49725
        gBase: 0.0005
        timer: -1
        contestUntil: 0
        upto: 0
        awake: false
        subOn: true
        creep: 0
        unfed: 0
        fedTimer: 0
        shadeOff: 0
        unfedSince: -1
        starveSince: -1
        machines: 0
        slots: 1
        area: 702
        pool: 4680
        exposed: true
        exposedAt: 0
      302:
        x: 205
        y: 550
        state: 0
        d: 0.2624883300600574
        dmax: 0.5040000000000001
        g: 0.0005
        name: 'res'
        well: false
        base: 0.5040000000000001
        gBase: 0.0005
        timer: -1
        contestUntil: 0
        upto: 0
        awake: false
        subOn: true
        creep: 0
        unfed: 0
        fedTimer: 0
        shadeOff: 0
        unfedSince: -1
        starveSince: -1
        machines: 0
        slots: 1
        area: 517
        pool: 3446.6666666666665
        exposed: true
        exposedAt: 0
      303:
        x: 175
        y: 544
        state: 3
        d: 0.24026048088222746
        dmax: 0.5040000000000001
        g: 0.0005
        name: 'res'
        well: false
        base: 0.5040000000000001
        gBase: 0.0005
        timer: -1
        contestUntil: 0
        upto: 0
        awake: false
        subOn: true
        creep: 0
        unfed: 0
        fedTimer: 0
        shadeOff: 0
        unfedSince: -1
        starveSince: -1
        machines: 0
        slots: 1
        area: 873
        pool: 5820
        exposed: true
        exposedAt: 0
      304:
        x: 577
        y: 546
        state: 0
        d: 0.35414959818497294
        dmax: 0.7199999999999999
        g: 0.00105
        name: 'ind'
        well: true
        base: 0.6449999999999999
        gBase: 0.0006
        timer: -1
        contestUntil: 0
        upto: 0
        awake: false
        subOn: true
        creep: 0
        unfed: 0
        fedTimer: 0
        shadeOff: 0
        unfedSince: -1
        starveSince: -1
        machines: 0
        slots: 1
        area: 1089
        pool: 7260
        exposed: true
        exposedAt: 0
      305:
        x: 778
        y: 546
        state: 0
        d: 0.45657926839776336
        dmax: 1
        g: 0.0008
        name: 'out'
        well: false
        base: 1
        gBase: 0.0008
        timer: -1
        contestUntil: 0
        upto: 0
        awake: false
        subOn: true
        creep: 0
        unfed: 0
        fedTimer: 0
        shadeOff: 0
        unfedSince: -1
        starveSince: -1
        machines: 0
        slots: 1
        area: 908
        pool: 0
        exposed: true
        exposedAt: 0
      306:
        x: 547
        y: 548
        state: 0
        d: 0.14870851859953255
        dmax: 0.318
        g: 0.0004
        name: 'civ'
        well: false
        base: 0.318
        gBase: 0.0004
        timer: -1
        contestUntil: 0
        upto: 0
        awake: false
        subOn: true
        creep: 0
        unfed: 0
        fedTimer: 0
        shadeOff: 0
        unfedSince: -1
        starveSince: -1
        machines: 0
        slots: 1
        area: 572
        pool: 3813.3333333333335
        exposed: true
        exposedAt: 0
      307:
        x: 139
        y: 543
        state: 0
        d: 0.3224133668730268
        dmax: 0.6809999999999999
        g: 0.0006
        name: 'ind'
        well: false
        base: 0.6809999999999999
        gBase: 0.0006
        timer: -1
        contestUntil: 0
        upto: 0
        awake: false
        subOn: true
        creep: 0
        unfed: 0
        fedTimer: 0
        shadeOff: 0
        unfedSince: -1
        starveSince: -1
        machines: 0
        slots: 1
        area: 599
        pool: 3993.3333333333335
        exposed: true
        exposedAt: 0
      308:
        x: 108
        y: 542
        state: 0
        d: 0.4910217915661633
        dmax: 1
        g: 0.0008
        name: 'out'
        well: false
        base: 1
        gBase: 0.0008
        timer: -1
        contestUntil: 0
        upto: 0
        awake: false
        subOn: true
        creep: 0
        unfed: 0
        fedTimer: 0
        shadeOff: 0
        unfedSince: -1
        starveSince: -1
        machines: 0
        slots: 1
        area: 346
        pool: 0
        exposed: true
        exposedAt: 0
      309:
        x: 514
        y: 549
        state: 3
        d: 0.15579059029645287
        dmax: 0.318
        g: 0.0004
        name: 'civ'
        well: false
        base: 0.318
        gBase: 0.0004
        timer: -1
        contestUntil: 0
        upto: 0
        awake: false
        subOn: true
        creep: 0
        unfed: 0
        fedTimer: 0
        shadeOff: 0
        unfedSince: -1
        starveSince: -1
        machines: 0
        slots: 1
        area: 738
        pool: 4920
        exposed: true
        exposedAt: 0
      310:
        x: 77
        y: 556
        state: 3
        d: 0.5149598256452009
        dmax: 1
        g: 0.0008
        name: 'out'
        well: false
        base: 1
        gBase: 0.0008
        timer: -1
        contestUntil: 0
        upto: 0
        awake: false
        subOn: true
        creep: 0
        unfed: 0
        fedTimer: 0
        shadeOff: 0
        unfedSince: -1
        starveSince: -1
        machines: 0
        slots: 2
        area: 1531
        pool: 0
        exposed: true
        exposedAt: 0
      311:
        x: 445
        y: 554
        state: 3
        d: 0.1521047967445571
        dmax: 0.309
        g: 0.0004
        name: 'civ'
        well: false
        base: 0.309
        gBase: 0.0004
        timer: -1
        contestUntil: 0
        upto: 0
        awake: false
        subOn: true
        creep: 0
        unfed: 0
        fedTimer: 0
        shadeOff: 0
        unfedSince: -1
        starveSince: -1
        machines: 0
        slots: 1
        area: 1033
        pool: 6886.666666666667
        exposed: true
        exposedAt: 0
      312:
        x: 28
        y: 560
        state: 0
        d: 0.4532954948954284
        dmax: 1
        g: 0.0014
        name: 'out'
        well: true
        base: 1
        gBase: 0.0008
        timer: -1
        contestUntil: 0
        upto: 0
        awake: false
        subOn: true
        creep: 0
        unfed: 0
        fedTimer: 0
        shadeOff: 0
        unfedSince: -1
        starveSince: -1
        machines: 0
        slots: 2
        area: 1765
        pool: 0
        exposed: true
        exposedAt: 0
      313:
        x: 479
        y: 556
        state: 0
        d: 0.2530008108196955
        dmax: 0.47025
        g: 0.0005
        name: 'res'
        well: false
        base: 0.47025
        gBase: 0.0005
        timer: -1
        contestUntil: 0
        upto: 0
        awake: false
        subOn: true
        creep: 0
        unfed: 0
        fedTimer: 0
        shadeOff: 0
        unfedSince: -1
        starveSince: -1
        machines: 0
        slots: 1
        area: 507
        pool: 3380
        exposed: true
        exposedAt: 0
      314:
        x: 387
        y: 558
        state: 0
        d: 0.25274572395914
        dmax: 0.4635
        g: 0.0005
        name: 'res'
        well: false
        base: 0.4635
        gBase: 0.0005
        timer: -1
        contestUntil: 0
        upto: 0
        awake: false
        subOn: true
        creep: 0
        unfed: 0
        fedTimer: 0
        shadeOff: 0
        unfedSince: -1
        starveSince: -1
        machines: 0
        slots: 1
        area: 766
        pool: 5106.666666666667
        exposed: true
        exposedAt: 0
      315:
        x: 717
        y: 565
        state: 0
        d: 0.47224992809351535
        dmax: 1
        g: 0.0014
        name: 'out'
        well: true
        base: 1
        gBase: 0.0008
        timer: -1
        contestUntil: 0
        upto: 0
        awake: false
        subOn: true
        creep: 0
        unfed: 0
        fedTimer: 0
        shadeOff: 0
        unfedSince: -1
        starveSince: -1
        machines: 0
        slots: 1
        area: 1095
        pool: 0
        exposed: true
        exposedAt: 0
      316:
        x: 745
        y: 562
        state: 0
        d: 0.5010675872443244
        dmax: 1
        g: 0.0008
        name: 'out'
        well: false
        base: 1
        gBase: 0.0008
        timer: -1
        contestUntil: 0
        upto: 0
        awake: false
        subOn: true
        creep: 0
        unfed: 0
        fedTimer: 0
        shadeOff: 0
        unfedSince: -1
        starveSince: -1
        machines: 0
        slots: 1
        area: 554
        pool: 0
        exposed: true
        exposedAt: 0
      317:
        x: 130
        y: 571
        state: 0
        d: 0.5263464988209308
        dmax: 1
        g: 0.0008
        name: 'out'
        well: false
        base: 1
        gBase: 0.0008
        timer: -1
        contestUntil: 0
        upto: 0
        awake: false
        subOn: true
        creep: 0
        unfed: 0
        fedTimer: 0
        shadeOff: 0
        unfedSince: -1
        starveSince: -1
        machines: 0
        slots: 1
        area: 912
        pool: 0
        exposed: true
        exposedAt: 0
      318:
        x: 626
        y: 579
        state: 0
        d: 0.36905892525741363
        dmax: 0.7949999999999999
        g: 0.0014999999999999998
        name: 'ind'
        well: true
        base: 0.6449999999999999
        gBase: 0.0006
        timer: -1
        contestUntil: 0
        upto: 0
        awake: false
        subOn: true
        creep: 0
        unfed: 0
        fedTimer: 0
        shadeOff: 0
        unfedSince: -1
        starveSince: -1
        machines: 0
        slots: 3
        area: 1865
        pool: 12433.333333333334
        exposed: true
        exposedAt: 0
      319:
        x: 680
        y: 580
        state: 0
        d: 0.5397174765123054
        dmax: 1
        g: 0.0014
        name: 'out'
        well: true
        base: 1
        gBase: 0.0008
        timer: -1
        contestUntil: 0
        upto: 0
        awake: false
        subOn: true
        creep: 0
        unfed: 0
        fedTimer: 0
        shadeOff: 0
        unfedSince: -1
        starveSince: -1
        machines: 0
        slots: 2
        area: 1735
        pool: 0
        exposed: true
        exposedAt: 0
      320:
        x: 330
        y: 576
        state: 0
        d: 0.2169562350388791
        dmax: 0.47025
        g: 0.0005
        name: 'res'
        well: false
        base: 0.47025
        gBase: 0.0005
        timer: -1
        contestUntil: 0
        upto: 0
        awake: false
        subOn: true
        creep: 0
        unfed: 0
        fedTimer: 0
        shadeOff: 0
        unfedSince: -1
        starveSince: -1
        machines: 0
        slots: 1
        area: 623
        pool: 4153.333333333333
        exposed: true
        exposedAt: 0
      321:
        x: 361
        y: 575
        state: 0
        d: 0.14338146967662033
        dmax: 0.309
        g: 0.0004
        name: 'civ'
        well: false
        base: 0.309
        gBase: 0.0004
        timer: -1
        contestUntil: 0
        upto: 0
        awake: false
        subOn: true
        creep: 0
        unfed: 0
        fedTimer: 0
        shadeOff: 0
        unfedSince: -1
        starveSince: -1
        machines: 0
        slots: 1
        area: 499
        pool: 3326.6666666666665
        exposed: true
        exposedAt: 0
      322:
        x: 288
        y: 579
        state: 0
        d: 0.1631905890493188
        dmax: 0.318
        g: 0.0004
        name: 'civ'
        well: false
        base: 0.318
        gBase: 0.0004
        timer: -1
        contestUntil: 0
        upto: 0
        awake: false
        subOn: true
        creep: 0
        unfed: 0
        fedTimer: 0
        shadeOff: 0
        unfedSince: -1
        starveSince: -1
        machines: 0
        slots: 1
        area: 481
        pool: 3206.6666666666665
        exposed: true
        exposedAt: 0
      323:
        x: 585
        y: 581
        state: 0
        d: 0.29857506050771915
        dmax: 0.55875
        g: 0.000875
        name: 'res'
        well: true
        base: 0.48375
        gBase: 0.0005
        timer: -1
        contestUntil: 0
        upto: 0
        awake: false
        subOn: true
        creep: 0
        unfed: 0
        fedTimer: 0
        shadeOff: 0
        unfedSince: -1
        starveSince: -1
        machines: 0
        slots: 1
        area: 970
        pool: 6466.666666666667
        exposed: true
        exposedAt: 0
      324:
        x: 230
        y: 575
        state: 0
        d: 0.2461859837379889
        dmax: 0.49050000000000005
        g: 0.0005
        name: 'res'
        well: false
        base: 0.49050000000000005
        gBase: 0.0005
        timer: -1
        contestUntil: 0
        upto: 0
        awake: false
        subOn: true
        creep: 0
        unfed: 0
        fedTimer: 0
        shadeOff: 0
        unfedSince: -1
        starveSince: -1
        machines: 0
        slots: 1
        area: 302
        pool: 2013.3333333333333
        exposed: true
        exposedAt: 0
      325:
        x: 201
        y: 579
        state: 0
        d: 0.23736350044663415
        dmax: 0.49725
        g: 0.0005
        name: 'res'
        well: false
        base: 0.49725
        gBase: 0.0005
        timer: -1
        contestUntil: 0
        upto: 0
        awake: false
        subOn: true
        creep: 0
        unfed: 0
        fedTimer: 0
        shadeOff: 0
        unfedSince: -1
        starveSince: -1
        machines: 0
        slots: 1
        area: 424
        pool: 2826.6666666666665
        exposed: true
        exposedAt: 0
      326:
        x: 558
        y: 580
        state: 3
        d: 0.16112829693071543
        dmax: 0.318
        g: 0.0004
        name: 'civ'
        well: false
        base: 0.318
        gBase: 0.0004
        timer: -1
        contestUntil: 0
        upto: 0
        awake: false
        subOn: true
        creep: 0
        unfed: 0
        fedTimer: 0
        shadeOff: 0
        unfedSince: -1
        starveSince: -1
        machines: 0
        slots: 1
        area: 572
        pool: 3813.3333333333335
        exposed: true
        exposedAt: 0
      327:
        x: 260
        y: 582
        state: 0
        d: 0.14645941343251614
        dmax: 0.32249999999999995
        g: 0.0004
        name: 'civ'
        well: false
        base: 0.32249999999999995
        gBase: 0.0004
        timer: -1
        contestUntil: 0
        upto: 0
        awake: false
        subOn: true
        creep: 0
        unfed: 0
        fedTimer: 0
        shadeOff: 0
        unfedSince: -1
        starveSince: -1
        machines: 0
        slots: 1
        area: 348
        pool: 2320
        exposed: true
        exposedAt: 0
      328:
        x: 781
        y: 582
        state: 0
        d: 0.5473436094587669
        dmax: 1
        g: 0.0008
        name: 'out'
        well: false
        base: 1
        gBase: 0.0008
        timer: -1
        contestUntil: 0
        upto: 0
        awake: false
        subOn: true
        creep: 0
        unfed: 0
        fedTimer: 0
        shadeOff: 0
        unfedSince: -1
        starveSince: -1
        machines: 0
        slots: 1
        area: 691
        pool: 0
        exposed: true
        exposedAt: 0
      329:
        x: 172
        y: 582
        state: 0
        d: 0.22662306728929982
        dmax: 0.49725
        g: 0.0005
        name: 'res'
        well: false
        base: 0.49725
        gBase: 0.0005
        timer: -1
        contestUntil: 0
        upto: 0
        awake: false
        subOn: true
        creep: 0
        unfed: 0
        fedTimer: 0
        shadeOff: 0
        unfedSince: -1
        starveSince: -1
        machines: 0
        slots: 1
        area: 365
        pool: 2433.3333333333335
        exposed: true
        exposedAt: 0
      330:
        x: 521
        y: 588
        state: 0
        d: 0.14705761917773633
        dmax: 0.31349999999999995
        g: 0.0004
        name: 'civ'
        well: false
        base: 0.31349999999999995
        gBase: 0.0004
        timer: -1
        contestUntil: 0
        upto: 0
        awake: false
        subOn: true
        creep: 0
        unfed: 0
        fedTimer: 0
        shadeOff: 0
        unfedSince: -1
        starveSince: -1
        machines: 0
        slots: 1
        area: 1143
        pool: 7620
        exposed: true
        exposedAt: 0
      331:
        x: 473
        y: 595
        state: 0
        d: 0.14183688698303887
        dmax: 0.309
        g: 0.0004
        name: 'civ'
        well: false
        base: 0.309
        gBase: 0.0004
        timer: -1
        contestUntil: 0
        upto: 0
        awake: false
        subOn: true
        creep: 0
        unfed: 0
        fedTimer: 0
        shadeOff: 0
        unfedSince: -1
        starveSince: -1
        machines: 0
        slots: 1
        area: 1079
        pool: 7193.333333333333
        exposed: true
        exposedAt: 0
      332:
        x: 390
        y: 596
        state: 0
        d: 0.16298401431745146
        dmax: 0.30449999999999994
        g: 0.0004
        name: 'civ'
        well: false
        base: 0.30449999999999994
        gBase: 0.0004
        timer: -1
        contestUntil: 0
        upto: 0
        awake: true
        subOn: true
        creep: 0
        unfed: 0
        fedTimer: 0
        shadeOff: 0
        unfedSince: -1
        starveSince: -1
        machines: 0
        slots: 1
        area: 711
        pool: 4740
        exposed: true
        exposedAt: 0
      333:
        x: 85
        y: 601
        state: 0
        d: 0.4709577435394749
        dmax: 1
        g: 0.0014
        name: 'out'
        well: true
        base: 1
        gBase: 0.0008
        timer: -1
        contestUntil: 0
        upto: 0
        awake: false
        subOn: true
        creep: 0
        unfed: 0
        fedTimer: 0
        shadeOff: 0
        unfedSince: -1
        starveSince: -1
        machines: 0
        slots: 1
        area: 1183
        pool: 0
        exposed: true
        exposedAt: 0
      334:
        x: 424
        y: 597
        state: 0
        d: 0.14069003136735406
        dmax: 0.30449999999999994
        g: 0.0004
        name: 'civ'
        well: false
        base: 0.30449999999999994
        gBase: 0.0004
        timer: -1
        contestUntil: 0
        upto: 0
        awake: true
        subOn: true
        creep: 0
        unfed: 0
        fedTimer: 0
        shadeOff: 0
        unfedSince: -1
        starveSince: -1
        machines: 0
        slots: 1
        area: 640
        pool: 4266.666666666667
        exposed: true
        exposedAt: 0
      335:
        x: 24
        y: 600
        state: 0
        d: 0.5107503097271546
        dmax: 1
        g: 0.002
        name: 'out'
        well: true
        base: 1
        gBase: 0.0008
        timer: -1
        contestUntil: 0
        upto: 0
        awake: false
        subOn: true
        creep: 0
        unfed: 0
        fedTimer: 0
        shadeOff: 0
        unfedSince: -1
        starveSince: -1
        machines: 0
        slots: 1
        area: 1054
        pool: 0
        exposed: true
        exposedAt: 0
      336:
        x: 318
        y: 600
        state: 0
        d: 0.14178643414961403
        dmax: 0.31349999999999995
        g: 0.0004
        name: 'civ'
        well: false
        base: 0.31349999999999995
        gBase: 0.0004
        timer: -1
        contestUntil: 0
        upto: 0
        awake: false
        subOn: true
        creep: 0
        unfed: 0
        fedTimer: 0
        shadeOff: 0
        unfedSince: -1
        starveSince: -1
        machines: 0
        slots: 1
        area: 482
        pool: 3213.3333333333335
        exposed: true
        exposedAt: 0
      337:
        x: 126
        y: 604
        state: 0
        d: 0.45804730502422897
        dmax: 1
        g: 0.0008
        name: 'out'
        well: false
        base: 1
        gBase: 0.0008
        timer: -1
        contestUntil: 0
        upto: 0
        awake: false
        subOn: true
        creep: 0
        unfed: 0
        fedTimer: 0
        shadeOff: 0
        unfedSince: -1
        starveSince: -1
        machines: 0
        slots: 1
        area: 714
        pool: 0
        exposed: true
        exposedAt: 0
      338:
        x: 200
        y: 606
        state: 0
        d: 0.24332551188514337
        dmax: 0.49050000000000005
        g: 0.0005
        name: 'res'
        well: false
        base: 0.49050000000000005
        gBase: 0.0005
        timer: -1
        contestUntil: 0
        upto: 0
        awake: false
        subOn: true
        creep: 0
        unfed: 0
        fedTimer: 0
        shadeOff: 0
        unfedSince: -1
        starveSince: -1
        machines: 0
        slots: 1
        area: 711
        pool: 4740
        exposed: true
        exposedAt: 0
      339:
        x: 163
        y: 607
        state: 0
        d: 0.26210878859455117
        dmax: 0.49725
        g: 0.0005
        name: 'res'
        well: false
        base: 0.49725
        gBase: 0.0005
        timer: -1
        contestUntil: 0
        upto: 0
        awake: false
        subOn: true
        creep: 0
        unfed: 0
        fedTimer: 0
        shadeOff: 0
        unfedSince: -1
        starveSince: -1
        machines: 0
        slots: 1
        area: 591
        pool: 3940
        exposed: true
        exposedAt: 0
      340:
        x: 359
        y: 612
        state: 0
        d: 0.1636680906513473
        dmax: 0.309
        g: 0.0004
        name: 'civ'
        well: false
        base: 0.309
        gBase: 0.0004
        timer: -1
        contestUntil: 0
        upto: 0
        awake: false
        subOn: true
        creep: 0
        unfed: 0
        fedTimer: 0
        shadeOff: 0
        unfedSince: -1
        starveSince: -1
        machines: 0
        slots: 1
        area: 753
        pool: 5020
        exposed: true
        exposedAt: 0
      341:
        x: 776
        y: 610
        state: 0
        d: 0.48762136944569645
        dmax: 1
        g: 0.0008
        name: 'out'
        well: false
        base: 1
        gBase: 0.0008
        timer: -1
        contestUntil: 0
        upto: 0
        awake: false
        subOn: true
        creep: 0
        unfed: 0
        fedTimer: 0
        shadeOff: 0
        unfedSince: -1
        starveSince: -1
        machines: 0
        slots: 1
        area: 874
        pool: 0
        exposed: true
        exposedAt: 0
      342:
        x: 225
        y: 628
        state: 0
        d: 0.1606742786854156
        dmax: 0.32249999999999995
        g: 0.0004
        name: 'civ'
        well: false
        base: 0.32249999999999995
        gBase: 0.0004
        timer: -1
        contestUntil: 0
        upto: 0
        awake: false
        subOn: true
        creep: 0
        unfed: 0
        fedTimer: 0
        shadeOff: 0
        unfedSince: -1
        starveSince: -1
        machines: 0
        slots: 1
        area: 879
        pool: 5860
        exposed: true
        exposedAt: 0
      343:
        x: 254
        y: 609
        state: 0
        d: 0.1662611578379874
        dmax: 0.32249999999999995
        g: 0.0004
        name: 'civ'
        well: false
        base: 0.32249999999999995
        gBase: 0.0004
        timer: -1
        contestUntil: 0
        upto: 0
        awake: false
        subOn: true
        creep: 0
        unfed: 0
        fedTimer: 0
        shadeOff: 0
        unfedSince: -1
        starveSince: -1
        machines: 0
        slots: 1
        area: 429
        pool: 2860
        exposed: true
        exposedAt: 0
      344:
        x: 283
        y: 609
        state: 0
        d: 0.15780764356087892
        dmax: 0.318
        g: 0.0004
        name: 'civ'
        well: false
        base: 0.318
        gBase: 0.0004
        timer: -1
        contestUntil: 0
        upto: 0
        awake: false
        subOn: true
        creep: 0
        unfed: 0
        fedTimer: 0
        shadeOff: 0
        unfedSince: -1
        starveSince: -1
        machines: 0
        slots: 1
        area: 442
        pool: 2946.6666666666665
        exposed: true
        exposedAt: 0
      345:
        x: 717
        y: 619
        state: 0
        d: 0.5136044656857848
        dmax: 1
        g: 0.0014
        name: 'out'
        well: true
        base: 1
        gBase: 0.0008
        timer: -1
        contestUntil: 0
        upto: 0
        awake: false
        subOn: true
        creep: 0
        unfed: 0
        fedTimer: 0
        shadeOff: 0
        unfedSince: -1
        starveSince: -1
        machines: 0
        slots: 1
        area: 774
        pool: 0
        exposed: true
        exposedAt: 0
      346:
        x: 507
        y: 618
        state: 0
        d: 0.14840470022989904
        dmax: 0.309
        g: 0.0004
        name: 'civ'
        well: false
        base: 0.309
        gBase: 0.0004
        timer: -1
        contestUntil: 0
        upto: 0
        awake: false
        subOn: true
        creep: 0
        unfed: 0
        fedTimer: 0
        shadeOff: 0
        unfedSince: -1
        starveSince: -1
        machines: 0
        slots: 1
        area: 593
        pool: 3953.3333333333335
        exposed: true
        exposedAt: 0
      347:
        x: 674
        y: 623
        state: 0
        d: 0.5491100488463416
        dmax: 1
        g: 0.002
        name: 'out'
        well: true
        base: 1
        gBase: 0.0008
        timer: -1
        contestUntil: 0
        upto: 0
        awake: false
        subOn: true
        creep: 0
        unfed: 0
        fedTimer: 0
        shadeOff: 0
        unfedSince: -1
        starveSince: -1
        machines: 0
        slots: 1
        area: 1035
        pool: 0
        exposed: true
        exposedAt: 0
      348:
        x: 542
        y: 619
        state: 0
        d: 0.17057502394630572
        dmax: 0.31349999999999995
        g: 0.0004
        name: 'civ'
        well: false
        base: 0.31349999999999995
        gBase: 0.0004
        timer: -1
        contestUntil: 0
        upto: 0
        awake: false
        subOn: true
        creep: 0
        unfed: 0
        fedTimer: 0
        shadeOff: 0
        unfedSince: -1
        starveSince: -1
        machines: 0
        slots: 1
        area: 485
        pool: 3233.3333333333335
        exposed: true
        exposedAt: 0
      349:
        x: 316
        y: 629
        state: 0
        d: 0.14662315010984892
        dmax: 0.31349999999999995
        g: 0.0004
        name: 'civ'
        well: false
        base: 0.31349999999999995
        gBase: 0.0004
        timer: -1
        contestUntil: 0
        upto: 0
        awake: false
        subOn: true
        creep: 0
        unfed: 0
        fedTimer: 0
        shadeOff: 0
        unfedSince: -1
        starveSince: -1
        machines: 0
        slots: 1
        area: 734
        pool: 4893.333333333333
        exposed: true
        exposedAt: 0
      350:
        x: 576
        y: 624
        state: 0
        d: 0.17789101303608623
        dmax: 0.393
        g: 0.0007
        name: 'civ'
        well: true
        base: 0.318
        gBase: 0.0004
        timer: -1
        contestUntil: 0
        upto: 0
        awake: false
        subOn: true
        creep: 0
        unfed: 0
        fedTimer: 0
        shadeOff: 0
        unfedSince: -1
        starveSince: -1
        machines: 0
        slots: 1
        area: 790
        pool: 5266.666666666667
        exposed: true
        exposedAt: 0
      351:
        x: 642
        y: 642
        state: 0
        d: 0.3775837861180189
        dmax: 0.7155
        g: 0.0016250000000000001
        name: 'res'
        well: true
        base: 0.49050000000000005
        gBase: 0.0005
        timer: -1
        contestUntil: 0
        upto: 0
        awake: false
        subOn: true
        creep: 0
        unfed: 0
        fedTimer: 0
        shadeOff: 0
        unfedSince: -1
        starveSince: -1
        machines: 0
        slots: 1
        area: 797
        pool: 5313.333333333333
        exposed: true
        exposedAt: 0
      352:
        x: 615
        y: 625
        state: 0
        d: 0.3408134673083551
        dmax: 0.63375
        g: 0.00125
        name: 'res'
        well: true
        base: 0.48375
        gBase: 0.0005
        timer: -1
        contestUntil: 0
        upto: 0
        awake: false
        subOn: true
        creep: 0
        unfed: 0
        fedTimer: 0
        shadeOff: 0
        unfedSince: -1
        starveSince: -1
        machines: 0
        slots: 1
        area: 925
        pool: 6166.666666666667
        exposed: true
        exposedAt: 0
      353:
        x: 387
        y: 629
        state: 0
        d: 0.22633992963630006
        dmax: 0.45675
        g: 0.0005
        name: 'res'
        well: false
        base: 0.45675
        gBase: 0.0005
        timer: -1
        contestUntil: 0
        upto: 0
        awake: true
        subOn: true
        creep: 0
        unfed: 0
        fedTimer: 0
        shadeOff: 0
        unfedSince: -1
        starveSince: -1
        machines: 0
        slots: 1
        area: 753
        pool: 5020
        exposed: true
        exposedAt: 0
      354:
        x: 26
        y: 631
        state: 0
        d: 0.47327452555764465
        dmax: 1
        g: 0.0026000000000000003
        name: 'out'
        well: true
        base: 1
        gBase: 0.0008
        timer: -1
        contestUntil: 0
        upto: 0
        awake: false
        subOn: true
        creep: 0
        unfed: 0
        fedTimer: 0
        shadeOff: 0
        unfedSince: -1
        starveSince: -1
        machines: 0
        slots: 1
        area: 885
        pool: 0
        exposed: true
        exposedAt: 0
      355:
        x: 473
        y: 641
        state: 0
        d: 0.16494015264648473
        dmax: 0.30449999999999994
        g: 0.0004
        name: 'civ'
        well: false
        base: 0.30449999999999994
        gBase: 0.0004
        timer: -1
        contestUntil: 0
        upto: 0
        awake: true
        subOn: true
        creep: 0
        unfed: 0
        fedTimer: 0
        shadeOff: 0
        unfedSince: -1
        starveSince: -1
        machines: 0
        slots: 1
        area: 1116
        pool: 7440
        exposed: true
        exposedAt: 0
      356:
        x: 421
        y: 634
        state: 2
        d: 0
        dmax: 0.3
        g: 0.0004
        name: 'civ'
        well: false
        base: 0.3
        gBase: 0.0004
        timer: -1
        contestUntil: 0
        upto: 0
        awake: false
        subOn: true
        creep: 0
        unfed: 0
        fedTimer: 0
        shadeOff: 0
        unfedSince: -1
        starveSince: -1
        machines: 0
        slots: 1
        area: 780
        pool: 5200
        exposed: true
        exposedAt: 0
      357:
        x: 87
        y: 638
        state: 0
        d: 0.5370331184240058
        dmax: 1
        g: 0.002
        name: 'out'
        well: true
        base: 1
        gBase: 0.0008
        timer: -1
        contestUntil: 0
        upto: 0
        awake: false
        subOn: true
        creep: 0
        unfed: 0
        fedTimer: 0
        shadeOff: 0
        unfedSince: -1
        starveSince: -1
        machines: 0
        slots: 1
        area: 1192
        pool: 0
        exposed: true
        exposedAt: 0
      358:
        x: 125
        y: 636
        state: 0
        d: 0.4824059658451006
        dmax: 1
        g: 0.0014
        name: 'out'
        well: true
        base: 1
        gBase: 0.0008
        timer: -1
        contestUntil: 0
        upto: 0
        awake: false
        subOn: true
        creep: 0
        unfed: 0
        fedTimer: 0
        shadeOff: 0
        unfedSince: -1
        starveSince: -1
        machines: 0
        slots: 1
        area: 633
        pool: 0
        exposed: true
        exposedAt: 0
      359:
        x: 745
        y: 650
        state: 0
        d: 0.5275774196255952
        dmax: 1
        g: 0.0014
        name: 'out'
        well: true
        base: 1
        gBase: 0.0008
        timer: -1
        contestUntil: 0
        upto: 0
        awake: false
        subOn: true
        creep: 0
        unfed: 0
        fedTimer: 0
        shadeOff: 0
        unfedSince: -1
        starveSince: -1
        machines: 0
        slots: 1
        area: 543
        pool: 0
        exposed: true
        exposedAt: 0
      360:
        x: 258
        y: 640
        state: 0
        d: 0.15518326782085934
        dmax: 0.318
        g: 0.0004
        name: 'civ'
        well: false
        base: 0.318
        gBase: 0.0004
        timer: -1
        contestUntil: 0
        upto: 0
        awake: false
        subOn: true
        creep: 0
        unfed: 0
        fedTimer: 0
        shadeOff: 0
        unfedSince: -1
        starveSince: -1
        machines: 0
        slots: 1
        area: 1159
        pool: 7726.666666666667
        exposed: true
        exposedAt: 0
      361:
        x: 776
        y: 643
        state: 0
        d: 0.5356566005386412
        dmax: 1
        g: 0.0008
        name: 'out'
        well: false
        base: 1
        gBase: 0.0008
        timer: -1
        contestUntil: 0
        upto: 0
        awake: false
        subOn: true
        creep: 0
        unfed: 0
        fedTimer: 0
        shadeOff: 0
        unfedSince: -1
        starveSince: -1
        machines: 0
        slots: 2
        area: 1200
        pool: 0
        exposed: true
        exposedAt: 0
      362:
        x: 163
        y: 638
        state: 3
        d: 0.2326540409684298
        dmax: 0.49725
        g: 0.0005
        name: 'res'
        well: false
        base: 0.49725
        gBase: 0.0005
        timer: -1
        contestUntil: 0
        upto: 0
        awake: false
        subOn: true
        creep: 0
        unfed: 0
        fedTimer: 0
        shadeOff: 0
        unfedSince: -1
        starveSince: -1
        machines: 0
        slots: 1
        area: 426
        pool: 2840
        exposed: true
        exposedAt: 0
      363:
        x: 510
        y: 647
        state: 0
        d: 0.14262763788218144
        dmax: 0.309
        g: 0.0004
        name: 'civ'
        well: false
        base: 0.309
        gBase: 0.0004
        timer: -1
        contestUntil: 0
        upto: 0
        awake: false
        subOn: true
        creep: 0
        unfed: 0
        fedTimer: 0
        shadeOff: 0
        unfedSince: -1
        starveSince: -1
        machines: 0
        slots: 1
        area: 677
        pool: 4513.333333333333
        exposed: true
        exposedAt: 0
      364:
        x: 541
        y: 651
        state: 0
        d: 0.18212595925508065
        dmax: 0.38849999999999996
        g: 0.0007
        name: 'civ'
        well: true
        base: 0.31349999999999995
        gBase: 0.0004
        timer: -1
        contestUntil: 0
        upto: 0
        awake: false
        subOn: true
        creep: 0
        unfed: 0
        fedTimer: 0
        shadeOff: 0
        unfedSince: -1
        starveSince: -1
        machines: 0
        slots: 1
        area: 551
        pool: 3673.3333333333335
        exposed: true
        exposedAt: 0
      365:
        x: 718
        y: 651
        state: 0
        d: 0.45029872956220063
        dmax: 1
        g: 0.002
        name: 'out'
        well: true
        base: 1
        gBase: 0.0008
        timer: -1
        contestUntil: 0
        upto: 0
        awake: false
        subOn: true
        creep: 0
        unfed: 0
        fedTimer: 0
        shadeOff: 0
        unfedSince: -1
        starveSince: -1
        machines: 0
        slots: 1
        area: 557
        pool: 0
        exposed: true
        exposedAt: 0
      366:
        x: 356
        y: 649
        state: 0
        d: 0.13905505343670957
        dmax: 0.309
        g: 0.0004
        name: 'civ'
        well: false
        base: 0.309
        gBase: 0.0004
        timer: -1
        contestUntil: 0
        upto: 0
        awake: false
        subOn: true
        creep: 0
        unfed: 0
        fedTimer: 0
        shadeOff: 0
        unfedSince: -1
        starveSince: -1
        machines: 0
        slots: 1
        area: 276
        pool: 1840
        exposed: true
        exposedAt: 0
      367:
        x: 313
        y: 658
        state: 0
        d: 0.153373963493295
        dmax: 0.31349999999999995
        g: 0.0004
        name: 'civ'
        well: false
        base: 0.31349999999999995
        gBase: 0.0004
        timer: -1
        contestUntil: 0
        upto: 0
        awake: false
        subOn: true
        creep: 0
        unfed: 0
        fedTimer: 0
        shadeOff: 0
        unfedSince: -1
        starveSince: -1
        machines: 0
        slots: 1
        area: 753
        pool: 5020
        exposed: true
        exposedAt: 0
      368:
        x: 579
        y: 659
        state: 0
        d: 0.2513552480589598
        dmax: 0.46799999999999997
        g: 0.001
        name: 'civ'
        well: true
        base: 0.318
        gBase: 0.0004
        timer: -1
        contestUntil: 0
        upto: 0
        awake: false
        subOn: true
        creep: 0
        unfed: 0
        fedTimer: 0
        shadeOff: 0
        unfedSince: -1
        starveSince: -1
        machines: 0
        slots: 1
        area: 967
        pool: 6446.666666666667
        exposed: true
        exposedAt: 0
      369:
        x: 690
        y: 653
        state: 0
        d: 0.37687082785777165
        dmax: 0.7222500000000001
        g: 0.0016250000000000001
        name: 'res'
        well: true
        base: 0.49725
        gBase: 0.0005
        timer: -1
        contestUntil: 0
        upto: 0
        awake: false
        subOn: true
        creep: 0
        unfed: 0
        fedTimer: 0
        shadeOff: 0
        unfedSince: -1
        starveSince: -1
        machines: 0
        slots: 1
        area: 473
        pool: 3153.3333333333335
        exposed: true
        exposedAt: 0
      370:
        x: 224
        y: 663
        state: 0
        d: 0.17420527383929582
        dmax: 0.32249999999999995
        g: 0.0004
        name: 'civ'
        well: false
        base: 0.32249999999999995
        gBase: 0.0004
        timer: -1
        contestUntil: 0
        upto: 0
        awake: false
        subOn: true
        creep: 0
        unfed: 0
        fedTimer: 0
        shadeOff: 0
        unfedSince: -1
        starveSince: -1
        machines: 0
        slots: 2
        area: 1415
        pool: 9433.333333333334
        exposed: true
        exposedAt: 0
      371:
        x: 39
        y: 660
        state: 0
        d: 0.47792650149203836
        dmax: 1
        g: 0.0032
        name: 'out'
        well: true
        base: 1
        gBase: 0.0008
        timer: -1
        contestUntil: 0
        upto: 0
        awake: false
        subOn: true
        creep: 0
        unfed: 0
        fedTimer: 0
        shadeOff: 0
        unfedSince: -1
        starveSince: -1
        machines: 0
        slots: 1
        area: 534
        pool: 0
        exposed: true
        exposedAt: 0
      372:
        x: 185
        y: 675
        state: 0
        d: 0.25748093469708694
        dmax: 0.49050000000000005
        g: 0.0005
        name: 'res'
        well: false
        base: 0.49050000000000005
        gBase: 0.0005
        timer: -1
        contestUntil: 0
        upto: 0
        awake: false
        subOn: true
        creep: 0
        unfed: 0
        fedTimer: 0
        shadeOff: 0
        unfedSince: -1
        starveSince: -1
        machines: 0
        slots: 1
        area: 1185
        pool: 7900
        exposed: true
        exposedAt: 0
      373:
        x: 85
        y: 668
        state: 0
        d: 0.4997932345839217
        dmax: 1
        g: 0.0026000000000000003
        name: 'out'
        well: true
        base: 1
        gBase: 0.0008
        timer: -1
        contestUntil: 0
        upto: 0
        awake: false
        subOn: true
        creep: 0
        unfed: 0
        fedTimer: 0
        shadeOff: 0
        unfedSince: -1
        starveSince: -1
        machines: 0
        slots: 1
        area: 822
        pool: 0
        exposed: true
        exposedAt: 0
      374:
        x: 119
        y: 671
        state: 0
        d: 0.4772391148842871
        dmax: 1
        g: 0.002
        name: 'out'
        well: true
        base: 1
        gBase: 0.0008
        timer: -1
        contestUntil: 0
        upto: 0
        awake: false
        subOn: true
        creep: 0
        unfed: 0
        fedTimer: 0
        shadeOff: 0
        unfedSince: -1
        starveSince: -1
        machines: 0
        slots: 1
        area: 834
        pool: 0
        exposed: true
        exposedAt: 0
      375:
        x: 151
        y: 665
        state: 0
        d: 0.3027646224051481
        dmax: 0.57225
        g: 0.000875
        name: 'res'
        well: true
        base: 0.49725
        gBase: 0.0005
        timer: -1
        contestUntil: 0
        upto: 0
        awake: false
        subOn: true
        creep: 0
        unfed: 0
        fedTimer: 0
        shadeOff: 0
        unfedSince: -1
        starveSince: -1
        machines: 0
        slots: 1
        area: 387
        pool: 2580
        exposed: true
        exposedAt: 0
      376:
        x: 258
        y: 672
        state: 0
        d: 0.25857093227198347
        dmax: 0.47700000000000004
        g: 0.0005
        name: 'res'
        well: false
        base: 0.47700000000000004
        gBase: 0.0005
        timer: -1
        contestUntil: 0
        upto: 0
        awake: false
        subOn: true
        creep: 0
        unfed: 0
        fedTimer: 0
        shadeOff: 0
        unfedSince: -1
        starveSince: -1
        machines: 0
        slots: 1
        area: 923
        pool: 6153.333333333333
        exposed: true
        exposedAt: 0
      377:
        x: 643
        y: 673
        state: 0
        d: 0.433498988171888
        dmax: 0.7905
        g: 0.002
        name: 'res'
        well: true
        base: 0.49050000000000005
        gBase: 0.0005
        timer: -1
        contestUntil: 0
        upto: 0
        awake: false
        subOn: true
        creep: 0
        unfed: 0
        fedTimer: 0
        shadeOff: 0
        unfedSince: -1
        starveSince: -1
        machines: 0
        slots: 1
        area: 533
        pool: 3553.3333333333335
        exposed: true
        exposedAt: 0
      378:
        x: 617
        y: 672
        state: 0
        d: 0.35552331717690683
        dmax: 0.70875
        g: 0.0016250000000000001
        name: 'res'
        well: true
        base: 0.48375
        gBase: 0.0005
        timer: -1
        contestUntil: 0
        upto: 0
        awake: false
        subOn: true
        creep: 0
        unfed: 0
        fedTimer: 0
        shadeOff: 0
        unfedSince: -1
        starveSince: -1
        machines: 0
        slots: 1
        area: 321
        pool: 2140
        exposed: true
        exposedAt: 0
      379:
        x: 678
        y: 679
        state: 0
        d: 0.5329748740885407
        dmax: 1
        g: 0.0026000000000000003
        name: 'out'
        well: true
        base: 1
        gBase: 0.0008
        timer: -1
        contestUntil: 0
        upto: 0
        awake: false
        subOn: true
        creep: 0
        unfed: 0
        fedTimer: 0
        shadeOff: 0
        unfedSince: -1
        starveSince: -1
        machines: 0
        slots: 1
        area: 897
        pool: 0
        exposed: true
        exposedAt: 0
      380:
        x: 774
        y: 690
        state: 0
        d: 0.5111573338974267
        dmax: 1
        g: 0.0014
        name: 'out'
        well: true
        base: 1
        gBase: 0.0008
        timer: -1
        contestUntil: 0
        upto: 0
        awake: false
        subOn: true
        creep: 0
        unfed: 0
        fedTimer: 0
        shadeOff: 0
        unfedSince: -1
        starveSince: -1
        machines: 0
        slots: 2
        area: 1246
        pool: 0
        exposed: true
        exposedAt: 0
      381:
        x: 727
        y: 688
        state: 0
        d: 0.47815823366399857
        dmax: 1
        g: 0.002
        name: 'out'
        well: true
        base: 1
        gBase: 0.0008
        timer: -1
        contestUntil: 0
        upto: 0
        awake: false
        subOn: true
        creep: 0
        unfed: 0
        fedTimer: 0
        shadeOff: 0
        unfedSince: -1
        starveSince: -1
        machines: 0
        slots: 1
        area: 789
        pool: 0
        exposed: true
        exposedAt: 0
    nb:
      0:
        0: 1
        1: 29
        2: 39
        3: 41
      1:
        0: 0
        1: 2
        2: 29
      2:
        0: 1
        1: 3
        2: 29
        3: 30
      3:
        0: 2
        1: 4
        2: 30
        3: 35
        4: 37
      4:
        0: 3
        1: 5
        2: 31
        3: 35
      5:
        0: 4
        1: 6
        2: 31
        3: 32
      6:
        0: 5
        1: 7
        2: 32
      7:
        0: 6
        1: 8
        2: 32
        3: 40
      8:
        0: 7
        1: 9
        2: 40
        3: 46
      9:
        0: 8
        1: 10
        2: 26
        3: 46
        4: 47
      10:
        0: 9
        1: 11
        2: 24
        3: 26
      11:
        0: 10
        1: 12
        2: 24
      12:
        0: 11
        1: 13
        2: 25
      13:
        0: 12
        1: 14
        2: 25
        3: 33
        4: 36
      14:
        0: 13
        1: 15
        2: 33
      15:
        0: 14
        1: 16
        2: 34
      16:
        0: 15
        1: 17
        2: 27
        3: 34
      17:
        0: 16
        1: 18
        2: 23
        3: 27
      18:
        0: 17
        1: 19
        2: 22
        3: 23
        4: 42
        5: 44
      19:
        0: 18
        1: 20
        2: 22
      20:
        0: 19
        1: 21
        2: 22
        3: 28
      21:
        0: 20
        1: 28
        2: 38
      22:
        0: 18
        1: 19
        2: 20
        3: 28
        4: 44
      23:
        0: 17
        1: 18
        2: 27
        3: 42
        4: 52
      24:
        0: 10
        1: 11
        2: 25
        3: 26
        4: 43
        5: 49
      25:
        0: 12
        1: 13
        2: 24
        3: 36
        4: 49
        5: 50
      26:
        0: 9
        1: 10
        2: 24
        3: 43
      27:
        0: 16
        1: 17
        2: 23
        3: 34
        4: 51
        5: 52
      28:
        0: 20
        1: 21
        2: 22
        3: 38
        4: 48
      29:
        0: 0
        1: 1
        2: 2
        3: 30
        4: 41
        5: 45
      30:
        0: 2
        1: 3
        2: 29
        3: 37
        4: 45
      31:
        0: 4
        1: 5
        2: 32
        3: 35
        4: 55
        5: 58
      32:
        0: 5
        1: 6
        2: 7
        3: 31
        4: 40
        5: 55
      33:
        0: 13
        1: 14
        2: 34
        3: 36
        4: 53
        5: 56
      34:
        0: 15
        1: 16
        2: 27
        3: 33
        4: 51
        5: 53
      35:
        0: 3
        1: 4
        2: 31
        3: 37
        4: 58
        5: 62
      36:
        0: 13
        1: 25
        2: 33
        3: 50
        4: 56
      37:
        0: 3
        1: 30
        2: 35
        3: 45
        4: 54
        5: 62
        6: 66
      38:
        0: 21
        1: 28
        2: 48
        3: 57
        4: 60
      39:
        0: 0
        1: 41
        2: 67
      40:
        0: 7
        1: 8
        2: 32
        3: 46
        4: 55
        5: 63
        6: 65
      41:
        0: 0
        1: 29
        2: 39
        3: 45
        4: 54
        5: 67
        6: 69
      42:
        0: 18
        1: 23
        2: 44
        3: 52
        4: 64
      43:
        0: 24
        1: 26
        2: 47
        3: 49
        4: 59
        5: 68
        6: 70
      44:
        0: 18
        1: 22
        2: 42
        3: 48
        4: 60
        5: 61
        6: 64
      45:
        0: 29
        1: 30
        2: 37
        3: 41
        4: 54
      46:
        0: 8
        1: 9
        2: 40
        3: 47
        4: 65
        5: 68
      47:
        0: 9
        1: 43
        2: 46
        3: 68
      48:
        0: 28
        1: 38
        2: 44
        3: 60
      49:
        0: 24
        1: 25
        2: 43
        3: 50
        4: 59
      50:
        0: 25
        1: 36
        2: 49
        3: 56
        4: 59
        5: 72
      51:
        0: 27
        1: 34
        2: 52
        3: 53
        4: 71
        5: 74
        6: 75
      52:
        0: 23
        1: 27
        2: 42
        3: 51
        4: 64
        5: 71
      53:
        0: 33
        1: 34
        2: 51
        3: 56
        4: 75
      54:
        0: 37
        1: 41
        2: 45
        3: 66
        4: 69
        5: 79
      55:
        0: 31
        1: 32
        2: 40
        3: 58
        4: 63
        5: 80
        6: 91
      56:
        0: 33
        1: 36
        2: 50
        3: 53
        4: 72
        5: 88
        6: 90
        7: 92
      57:
        0: 38
        1: 60
        2: 73
      58:
        0: 31
        1: 35
        2: 55
        3: 62
        4: 83
        5: 91
        6: 94
      59:
        0: 43
        1: 49
        2: 50
        3: 70
        4: 72
        5: 85
        6: 87
        7: 88
      60:
        0: 38
        1: 44
        2: 48
        3: 57
        4: 61
        5: 76
      61:
        0: 44
        1: 60
        2: 64
        3: 76
        4: 97
      62:
        0: 35
        1: 37
        2: 58
        3: 66
        4: 83
      63:
        0: 40
        1: 55
        2: 65
        3: 80
        4: 82
      64:
        0: 42
        1: 44
        2: 52
        3: 61
        4: 71
        5: 84
        6: 96
      65:
        0: 40
        1: 46
        2: 63
        3: 68
        4: 82
      66:
        0: 37
        1: 54
        2: 62
        3: 81
        4: 83
      67:
        0: 39
        1: 41
        2: 69
        3: 77
        4: 78
      68:
        0: 43
        1: 46
        2: 47
        3: 65
        4: 70
        5: 82
        6: 85
        7: 93
        8: 95
      69:
        0: 41
        1: 54
        2: 67
        3: 78
      70:
        0: 43
        1: 59
        2: 68
        3: 85
      71:
        0: 51
        1: 52
        2: 64
        3: 74
        4: 84
      72:
        0: 50
        1: 56
        2: 59
        3: 88
      73:
        0: 57
        1: 76
        2: 102
      74:
        0: 51
        1: 71
        2: 75
        3: 84
        4: 86
        5: 89
      75:
        0: 51
        1: 53
        2: 74
        3: 89
        4: 90
      76:
        0: 60
        1: 61
        2: 73
        3: 97
        4: 102
        5: 107
      77:
        0: 67
        1: 78
        2: 103
      78:
        0: 67
        1: 69
        2: 77
        3: 79
        4: 98
        5: 105
      79:
        0: 54
        1: 78
        2: 81
        3: 98
      80:
        0: 55
        1: 63
        2: 82
        3: 91
        4: 99
        5: 100
      81:
        0: 66
        1: 79
        2: 83
        3: 98
        4: 101
        5: 104
      82:
        0: 63
        1: 65
        2: 68
        3: 80
        4: 93
        5: 100
      83:
        0: 58
        1: 62
        2: 66
        3: 81
        4: 94
        5: 101
      84:
        0: 64
        1: 71
        2: 74
        3: 86
        4: 96
        5: 111
        6: 113
      85:
        0: 59
        1: 68
        2: 70
        3: 87
        4: 95
        5: 106
        6: 108
      86:
        0: 74
        1: 84
        2: 89
        3: 113
        4: 114
      87:
        0: 59
        1: 85
        2: 88
        3: 108
      88:
        0: 56
        1: 59
        2: 72
        3: 87
        4: 92
        5: 108
        6: 110
        7: 112
      89:
        0: 74
        1: 75
        2: 86
        3: 90
        4: 114
        5: 123
      90:
        0: 56
        1: 75
        2: 89
        3: 92
        4: 112
        5: 115
        6: 123
      91:
        0: 55
        1: 58
        2: 80
        3: 94
        4: 99
        5: 116
        6: 117
      92:
        0: 56
        1: 88
        2: 90
        3: 112
      93:
        0: 68
        1: 82
        2: 95
        3: 100
        4: 120
        5: 124
      94:
        0: 58
        1: 83
        2: 91
        3: 101
        4: 116
        5: 118
      95:
        0: 68
        1: 85
        2: 93
        3: 106
        4: 124
        5: 127
      96:
        0: 64
        1: 84
        2: 97
        3: 109
        4: 111
      97:
        0: 61
        1: 76
        2: 96
        3: 107
        4: 109
      98:
        0: 78
        1: 79
        2: 81
        3: 104
        4: 105
        5: 122
        6: 126
      99:
        0: 80
        1: 91
        2: 100
        3: 119
      100:
        0: 80
        1: 82
        2: 93
        3: 99
        4: 119
        5: 120
      101:
        0: 81
        1: 83
        2: 94
        3: 104
        4: 118
        5: 122
      102:
        0: 73
        1: 76
        2: 107
        3: 125
        4: 130
      103:
        0: 77
        1: 105
        2: 128
      104:
        0: 81
        1: 98
        2: 101
        3: 122
      105:
        0: 78
        1: 98
        2: 103
        3: 126
        4: 128
      106:
        0: 85
        1: 95
        2: 108
        3: 127
        4: 129
      107:
        0: 76
        1: 97
        2: 102
        3: 109
        4: 125
      108:
        0: 85
        1: 87
        2: 88
        3: 106
        4: 110
        5: 129
        6: 131
      109:
        0: 96
        1: 97
        2: 107
        3: 111
        4: 125
        5: 134
      110:
        0: 88
        1: 108
        2: 112
        3: 131
        4: 136
      111:
        0: 84
        1: 96
        2: 109
        3: 113
        4: 121
        5: 133
        6: 134
      112:
        0: 88
        1: 90
        2: 92
        3: 110
        4: 115
        5: 136
        6: 139
      113:
        0: 84
        1: 86
        2: 111
        3: 114
        4: 121
      114:
        0: 86
        1: 89
        2: 113
        3: 121
        4: 123
        5: 132
      115:
        0: 90
        1: 112
        2: 123
        3: 139
        4: 142
      116:
        0: 91
        1: 94
        2: 117
        3: 118
        4: 135
      117:
        0: 91
        1: 116
        2: 119
        3: 135
        4: 137
      118:
        0: 94
        1: 101
        2: 116
        3: 122
        4: 135
      119:
        0: 99
        1: 100
        2: 117
        3: 120
        4: 137
        5: 147
      120:
        0: 93
        1: 100
        2: 119
        3: 124
        4: 147
      121:
        0: 111
        1: 113
        2: 114
        3: 132
      122:
        0: 98
        1: 101
        2: 104
        3: 118
        4: 126
        5: 135
        6: 138
      123:
        0: 89
        1: 90
        2: 114
        3: 115
        4: 132
        5: 142
        6: 151
      124:
        0: 93
        1: 95
        2: 120
        3: 127
        4: 144
        5: 145
      125:
        0: 102
        1: 107
        2: 109
        3: 130
        4: 134
        5: 143
        6: 149
      126:
        0: 98
        1: 105
        2: 122
        3: 128
        4: 138
        5: 154
      127:
        0: 95
        1: 106
        2: 124
        3: 129
        4: 141
        5: 145
      128:
        0: 103
        1: 105
        2: 126
        3: 153
      129:
        0: 106
        1: 108
        2: 127
        3: 131
        4: 141
      130:
        0: 102
        1: 125
        2: 140
        3: 143
      131:
        0: 108
        1: 110
        2: 129
        3: 136
        4: 141
        5: 146
        6: 148
      132:
        0: 114
        1: 121
        2: 123
        3: 133
        4: 151
        5: 155
      133:
        0: 111
        1: 132
        2: 134
        3: 152
      134:
        0: 109
        1: 111
        2: 125
        3: 133
        4: 149
        5: 152
      135:
        0: 116
        1: 117
        2: 118
        3: 122
        4: 137
        5: 138
        6: 150
        7: 156
      136:
        0: 110
        1: 112
        2: 131
        3: 139
        4: 146
      137:
        0: 117
        1: 119
        2: 135
        3: 147
        4: 156
        5: 159
        6: 160
      138:
        0: 122
        1: 126
        2: 135
        3: 150
        4: 154
        5: 157
        6: 158
      139:
        0: 112
        1: 115
        2: 136
        3: 142
        4: 146
        5: 161
        6: 162
      140:
        0: 130
        1: 143
        2: 164
      141:
        0: 127
        1: 129
        2: 131
        3: 145
        4: 148
        5: 163
        6: 176
        7: 177
      142:
        0: 115
        1: 123
        2: 139
        3: 151
        4: 162
        5: 169
      143:
        0: 125
        1: 130
        2: 140
        3: 149
        4: 164
        5: 166
      144:
        0: 124
        1: 145
        2: 147
        3: 165
      145:
        0: 124
        1: 127
        2: 141
        3: 144
        4: 163
      146:
        0: 131
        1: 136
        2: 139
        3: 148
        4: 161
        5: 176
      147:
        0: 119
        1: 120
        2: 137
        3: 144
        4: 160
        5: 165
        6: 168
      148:
        0: 131
        1: 141
        2: 146
        3: 176
      149:
        0: 125
        1: 134
        2: 143
        3: 152
        4: 166
        5: 167
        6: 171
      150:
        0: 135
        1: 138
        2: 156
        3: 158
        4: 173
      151:
        0: 123
        1: 132
        2: 142
        3: 155
        4: 169
        5: 182
        6: 183
      152:
        0: 133
        1: 134
        2: 149
        3: 155
        4: 167
      153:
        0: 128
        1: 154
        2: 170
      154:
        0: 126
        1: 138
        2: 153
        3: 157
        4: 170
        5: 174
      155:
        0: 132
        1: 151
        2: 152
        3: 167
        4: 183
      156:
        0: 135
        1: 137
        2: 150
        3: 159
        4: 173
      157:
        0: 138
        1: 154
        2: 158
        3: 172
        4: 174
        5: 175
      158:
        0: 138
        1: 150
        2: 157
        3: 172
      159:
        0: 137
        1: 156
        2: 160
        3: 173
        4: 188
      160:
        0: 137
        1: 147
        2: 159
        3: 168
        4: 186
      161:
        0: 139
        1: 146
        2: 162
        3: 178
      162:
        0: 139
        1: 142
        2: 161
        3: 169
        4: 178
        5: 181
        6: 189
      163:
        0: 141
        1: 145
        2: 165
        3: 179
      164:
        0: 140
        1: 143
        2: 166
        3: 185
        4: 192
        5: 194
      165:
        0: 144
        1: 147
        2: 163
        3: 168
        4: 180
      166:
        0: 143
        1: 149
        2: 164
        3: 171
        4: 185
      167:
        0: 149
        1: 152
        2: 155
        3: 171
        4: 183
        5: 184
      168:
        0: 147
        1: 160
        2: 165
        3: 180
      169:
        0: 142
        1: 151
        2: 162
        3: 181
      170:
        0: 153
        1: 154
        2: 174
        3: 187
      171:
        0: 149
        1: 166
        2: 167
        3: 184
      172:
        0: 157
        1: 158
        2: 173
        3: 175
        4: 201
      173:
        0: 150
        1: 156
        2: 159
        3: 172
        4: 188
        5: 198
        6: 204
      174:
        0: 154
        1: 157
        2: 170
        3: 175
        4: 187
        5: 190
      175:
        0: 157
        1: 172
        2: 174
        3: 190
        4: 200
      176:
        0: 141
        1: 146
        2: 148
        3: 177
        4: 178
        5: 195
        6: 207
      177:
        0: 141
        1: 176
        2: 179
        3: 193
        4: 207
      178:
        0: 161
        1: 162
        2: 176
        3: 189
        4: 191
        5: 195
      179:
        0: 163
        1: 177
        2: 180
        3: 193
      180:
        0: 165
        1: 168
        2: 179
        3: 186
        4: 193
        5: 206
      181:
        0: 162
        1: 169
        2: 182
        3: 189
        4: 208
        5: 211
      182:
        0: 151
        1: 181
        2: 183
        3: 205
        4: 208
      183:
        0: 151
        1: 155
        2: 167
        3: 182
        4: 184
        5: 199
        6: 205
      184:
        0: 167
        1: 171
        2: 183
        3: 185
        4: 196
        5: 197
        6: 199
      185:
        0: 164
        1: 166
        2: 184
        3: 194
        4: 196
      186:
        0: 160
        1: 180
        2: 188
        3: 204
        4: 206
        5: 210
        6: 212
      187:
        0: 170
        1: 174
        2: 190
        3: 202
        4: 203
      188:
        0: 159
        1: 173
        2: 186
        3: 204
      189:
        0: 162
        1: 178
        2: 181
        3: 191
        4: 209
        5: 211
        6: 214
      190:
        0: 174
        1: 175
        2: 187
        3: 200
        4: 203
      191:
        0: 178
        1: 189
        2: 195
        3: 209
      192:
        0: 164
        1: 194
        2: 218
      193:
        0: 177
        1: 179
        2: 180
        3: 206
        4: 207
        5: 213
      194:
        0: 164
        1: 185
        2: 192
        3: 196
        4: 215
        5: 218
      195:
        0: 176
        1: 178
        2: 191
        3: 207
        4: 209
        5: 220
      196:
        0: 184
        1: 185
        2: 194
        3: 197
        4: 215
      197:
        0: 184
        1: 196
        2: 199
        3: 215
        4: 221
        5: 229
      198:
        0: 173
        1: 201
        2: 204
        3: 216
        4: 217
      199:
        0: 183
        1: 184
        2: 197
        3: 205
        4: 221
      200:
        0: 175
        1: 190
        2: 201
        3: 203
        4: 217
        5: 219
      201:
        0: 172
        1: 198
        2: 200
        3: 217
      202:
        0: 187
        1: 203
        2: 227
      203:
        0: 187
        1: 190
        2: 200
        3: 202
        4: 219
        5: 225
        6: 227
      204:
        0: 173
        1: 186
        2: 188
        3: 198
        4: 212
      205:
        0: 182
        1: 183
        2: 199
        3: 208
        4: 221
        5: 223
      206:
        0: 180
        1: 186
        2: 193
        3: 210
        4: 213
        5: 231
        6: 236
      207:
        0: 176
        1: 177
        2: 193
        3: 195
        4: 213
        5: 220
        6: 233
      208:
        0: 181
        1: 182
        2: 205
        3: 211
        4: 223
        5: 226
      209:
        0: 189
        1: 191
        2: 195
        3: 214
        4: 220
        5: 222
      210:
        0: 186
        1: 206
        2: 212
        3: 230
        4: 231
        5: 235
      211:
        0: 181
        1: 189
        2: 208
        3: 214
        4: 224
        5: 226
        6: 228
      212:
        0: 186
        1: 204
        2: 210
        3: 216
        4: 230
      213:
        0: 193
        1: 206
        2: 207
        3: 233
        4: 236
      214:
        0: 189
        1: 209
        2: 211
        3: 222
        4: 224
      215:
        0: 194
        1: 196
        2: 197
        3: 218
        4: 229
        5: 232
      216:
        0: 198
        1: 212
        2: 217
        3: 230
        4: 237
      217:
        0: 198
        1: 200
        2: 201
        3: 216
        4: 219
        5: 237
        6: 238
      218:
        0: 192
        1: 194
        2: 215
        3: 234
      219:
        0: 200
        1: 203
        2: 217
        3: 225
        4: 238
        5: 239
      220:
        0: 195
        1: 207
        2: 209
        3: 222
        4: 233
        5: 241
        6: 242
      221:
        0: 197
        1: 199
        2: 205
        3: 223
        4: 229
        5: 247
        6: 249
      222:
        0: 209
        1: 214
        2: 220
        3: 224
        4: 244
        5: 246
      223:
        0: 205
        1: 208
        2: 221
        3: 226
        4: 249
        5: 251
      224:
        0: 211
        1: 214
        2: 222
        3: 228
        4: 246
      225:
        0: 203
        1: 219
        2: 227
        3: 239
        4: 240
      226:
        0: 208
        1: 211
        2: 223
        3: 228
        4: 251
        5: 253
      227:
        0: 202
        1: 203
        2: 225
        3: 240
        4: 243
      228:
        0: 211
        1: 224
        2: 226
        3: 246
        4: 253
        5: 254
      229:
        0: 197
        1: 215
        2: 221
        3: 232
        4: 247
        5: 250
      230:
        0: 210
        1: 212
        2: 216
        3: 235
        4: 237
        5: 248
        6: 255
      231:
        0: 206
        1: 210
        2: 235
        3: 236
        4: 245
        5: 248
      232:
        0: 215
        1: 229
        2: 234
        3: 250
        4: 252
      233:
        0: 207
        1: 213
        2: 220
        3: 236
        4: 241
        5: 257
      234:
        0: 218
        1: 232
        2: 252
        3: 260
        4: 262
      235:
        0: 210
        1: 230
        2: 231
        3: 248
      236:
        0: 206
        1: 213
        2: 231
        3: 233
        4: 245
        5: 258
      237:
        0: 216
        1: 217
        2: 230
        3: 238
        4: 255
        5: 256
      238:
        0: 217
        1: 219
        2: 237
        3: 239
        4: 256
        5: 265
      239:
        0: 219
        1: 225
        2: 238
        3: 240
        4: 264
        5: 265
      240:
        0: 225
        1: 227
        2: 239
        3: 243
        4: 263
        5: 264
      241:
        0: 220
        1: 233
        2: 242
        3: 257
        4: 261
      242:
        0: 220
        1: 241
        2: 244
        3: 261
        4: 270
      243:
        0: 227
        1: 240
        2: 263
      244:
        0: 222
        1: 242
        2: 246
        3: 268
        4: 270
        5: 272
      245:
        0: 231
        1: 236
        2: 248
        3: 258
        4: 259
      246:
        0: 222
        1: 224
        2: 228
        3: 244
        4: 254
        5: 268
      247:
        0: 221
        1: 229
        2: 249
        3: 250
        4: 266
      248:
        0: 230
        1: 231
        2: 235
        3: 245
        4: 255
        5: 259
        6: 271
        7: 277
      249:
        0: 221
        1: 223
        2: 247
        3: 251
        4: 266
        5: 274
      250:
        0: 229
        1: 232
        2: 247
        3: 252
        4: 266
        5: 267
      251:
        0: 223
        1: 226
        2: 249
        3: 253
        4: 273
        5: 276
      252:
        0: 232
        1: 234
        2: 250
        3: 262
        4: 267
      253:
        0: 226
        1: 228
        2: 251
        3: 254
        4: 273
      254:
        0: 228
        1: 246
        2: 253
        3: 268
        4: 273
        5: 275
      255:
        0: 230
        1: 237
        2: 248
        3: 256
        4: 269
        5: 271
      256:
        0: 237
        1: 238
        2: 255
        3: 265
        4: 269
      257:
        0: 233
        1: 241
        2: 258
        3: 261
        4: 279
        5: 282
      258:
        0: 236
        1: 245
        2: 257
        3: 259
        4: 280
        5: 282
      259:
        0: 245
        1: 248
        2: 258
        3: 280
      260:
        0: 234
        1: 262
        2: 278
        3: 281
      261:
        0: 241
        1: 242
        2: 257
        3: 270
        4: 279
        5: 293
      262:
        0: 234
        1: 252
        2: 260
        3: 267
        4: 278
      263:
        0: 240
        1: 243
        2: 264
        3: 285
      264:
        0: 239
        1: 240
        2: 263
        3: 265
        4: 283
        5: 285
        6: 286
      265:
        0: 238
        1: 239
        2: 256
        3: 264
        4: 269
        5: 283
      266:
        0: 247
        1: 249
        2: 250
        3: 267
        4: 274
        5: 291
        6: 294
      267:
        0: 250
        1: 252
        2: 262
        3: 266
        4: 278
        5: 294
        6: 297
      268:
        0: 244
        1: 246
        2: 254
        3: 272
        4: 275
        5: 288
        6: 290
        7: 292
      269:
        0: 255
        1: 256
        2: 265
        3: 271
        4: 284
      270:
        0: 242
        1: 244
        2: 261
        3: 272
        4: 292
        5: 293
      271:
        0: 248
        1: 255
        2: 269
        3: 277
        4: 284
        5: 301
        6: 302
      272:
        0: 244
        1: 268
        2: 270
        3: 292
      273:
        0: 251
        1: 253
        2: 254
        3: 275
        4: 276
        5: 287
        6: 289
      274:
        0: 249
        1: 266
        2: 276
        3: 289
        4: 291
      275:
        0: 254
        1: 268
        2: 273
        3: 287
        4: 288
      276:
        0: 251
        1: 273
        2: 274
        3: 289
      277:
        0: 248
        1: 271
        2: 280
        3: 299
        4: 301
      278:
        0: 260
        1: 262
        2: 267
        3: 281
        4: 297
        5: 300
      279:
        0: 257
        1: 261
        2: 282
        3: 293
        4: 295
      280:
        0: 258
        1: 259
        2: 277
        3: 282
        4: 298
        5: 299
      281:
        0: 260
        1: 278
        2: 300
        3: 305
      282:
        0: 257
        1: 258
        2: 279
        3: 280
        4: 295
        5: 296
      283:
        0: 264
        1: 265
        2: 284
        3: 286
        4: 307
        5: 308
        6: 310
      284:
        0: 269
        1: 271
        2: 283
        3: 302
        4: 303
        5: 307
      285:
        0: 263
        1: 264
        2: 286
        3: 312
      286:
        0: 264
        1: 283
        2: 285
        3: 310
        4: 312
      287:
        0: 273
        1: 275
        2: 288
        3: 289
        4: 304
        5: 306
        6: 309
      288:
        0: 268
        1: 275
        2: 287
        3: 290
        4: 309
      289:
        0: 273
        1: 274
        2: 276
        3: 287
        4: 291
        5: 304
      290:
        0: 268
        1: 288
        2: 292
        3: 309
        4: 311
        5: 313
      291:
        0: 266
        1: 274
        2: 289
        3: 294
        4: 304
        5: 318
      292:
        0: 268
        1: 270
        2: 272
        3: 290
        4: 293
        5: 311
      293:
        0: 261
        1: 270
        2: 279
        3: 292
        4: 295
        5: 311
        6: 314
      294:
        0: 266
        1: 267
        2: 291
        3: 297
        4: 315
        5: 319
      295:
        0: 279
        1: 282
        2: 293
        3: 296
        4: 314
        5: 320
        6: 321
      296:
        0: 282
        1: 295
        2: 298
        3: 320
      297:
        0: 267
        1: 278
        2: 294
        3: 300
        4: 315
      298:
        0: 280
        1: 296
        2: 299
        3: 322
        4: 327
      299:
        0: 277
        1: 280
        2: 298
        3: 301
        4: 324
        5: 327
      300:
        0: 278
        1: 281
        2: 297
        3: 305
        4: 315
        5: 316
      301:
        0: 271
        1: 277
        2: 299
        3: 302
        4: 324
      302:
        0: 271
        1: 284
        2: 301
        3: 303
        4: 325
      303:
        0: 284
        1: 302
        2: 307
        3: 317
        4: 325
        5: 329
      304:
        0: 287
        1: 289
        2: 291
        3: 306
        4: 318
        5: 323
        6: 326
      305:
        0: 281
        1: 300
        2: 316
        3: 328
      306:
        0: 287
        1: 304
        2: 309
        3: 326
        4: 330
      307:
        0: 283
        1: 284
        2: 303
        3: 308
        4: 317
      308:
        0: 283
        1: 307
        2: 310
        3: 317
      309:
        0: 287
        1: 288
        2: 290
        3: 306
        4: 313
        5: 330
      310:
        0: 283
        1: 286
        2: 308
        3: 312
        4: 317
        5: 333
      311:
        0: 290
        1: 292
        2: 293
        3: 313
        4: 314
        5: 331
        6: 334
      312:
        0: 285
        1: 286
        2: 310
        3: 333
        4: 335
      313:
        0: 290
        1: 309
        2: 311
        3: 330
        4: 331
      314:
        0: 293
        1: 295
        2: 311
        3: 321
        4: 332
        5: 334
      315:
        0: 294
        1: 297
        2: 300
        3: 316
        4: 319
        5: 345
      316:
        0: 300
        1: 305
        2: 315
        3: 328
        4: 341
        5: 345
      317:
        0: 303
        1: 307
        2: 308
        3: 310
        4: 329
        5: 333
        6: 337
        7: 339
      318:
        0: 291
        1: 304
        2: 319
        3: 323
        4: 350
        5: 351
        6: 352
      319:
        0: 294
        1: 315
        2: 318
        3: 345
        4: 347
      320:
        0: 295
        1: 296
        2: 321
        3: 322
        4: 336
      321:
        0: 295
        1: 314
        2: 320
        3: 332
        4: 340
      322:
        0: 298
        1: 320
        2: 327
        3: 336
        4: 344
      323:
        0: 304
        1: 318
        2: 326
        3: 350
      324:
        0: 299
        1: 301
        2: 325
        3: 327
        4: 338
        5: 342
      325:
        0: 302
        1: 303
        2: 324
        3: 329
        4: 338
      326:
        0: 304
        1: 306
        2: 323
        3: 330
        4: 348
        5: 350
      327:
        0: 298
        1: 299
        2: 322
        3: 324
        4: 342
        5: 343
        6: 344
      328:
        0: 305
        1: 316
        2: 341
      329:
        0: 303
        1: 317
        2: 325
        3: 338
        4: 339
      330:
        0: 306
        1: 309
        2: 313
        3: 326
        4: 331
        5: 346
        6: 348
      331:
        0: 311
        1: 313
        2: 330
        3: 334
        4: 346
        5: 355
      332:
        0: 314
        1: 321
        2: 334
        3: 340
        4: 353
        5: 356
      333:
        0: 310
        1: 312
        2: 317
        3: 335
        4: 337
        5: 357
      334:
        0: 311
        1: 314
        2: 331
        3: 332
        4: 356
      335:
        0: 312
        1: 333
        2: 354
        3: 357
      336:
        0: 320
        1: 322
        2: 340
        3: 344
        4: 349
      337:
        0: 317
        1: 333
        2: 339
        3: 358
      338:
        0: 324
        1: 325
        2: 329
        3: 339
        4: 342
        5: 362
        6: 372
      339:
        0: 317
        1: 329
        2: 337
        3: 338
        4: 358
        5: 362
      340:
        0: 321
        1: 332
        2: 336
        3: 349
        4: 353
        5: 366
      341:
        0: 316
        1: 328
        2: 345
        3: 359
        4: 361
      342:
        0: 324
        1: 327
        2: 338
        3: 343
        4: 360
        5: 370
        6: 372
      343:
        0: 327
        1: 342
        2: 344
        3: 360
      344:
        0: 322
        1: 327
        2: 336
        3: 343
        4: 349
        5: 360
      345:
        0: 315
        1: 316
        2: 319
        3: 341
        4: 347
        5: 359
        6: 365
      346:
        0: 330
        1: 331
        2: 348
        3: 355
        4: 363
      347:
        0: 319
        1: 345
        2: 351
        3: 365
        4: 369
      348:
        0: 326
        1: 330
        2: 346
        3: 350
        4: 363
        5: 364
      349:
        0: 336
        1: 340
        2: 344
        3: 360
        4: 367
      350:
        0: 318
        1: 323
        2: 326
        3: 348
        4: 352
        5: 364
        6: 368
      351:
        0: 318
        1: 347
        2: 352
        3: 369
        4: 377
        5: 378
      352:
        0: 318
        1: 350
        2: 351
        3: 368
        4: 378
      353:
        0: 332
        1: 340
        2: 356
        3: 366
      354:
        0: 335
        1: 357
        2: 371
      355:
        0: 331
        1: 346
        2: 356
        3: 363
      356:
        0: 332
        1: 334
        2: 353
        3: 355
      357:
        0: 333
        1: 335
        2: 354
        3: 358
        4: 373
        5: 374
      358:
        0: 337
        1: 339
        2: 357
        3: 362
        4: 374
        5: 375
      359:
        0: 341
        1: 345
        2: 361
        3: 365
        4: 380
        5: 381
      360:
        0: 342
        1: 343
        2: 344
        3: 349
        4: 367
        5: 370
        6: 376
      361:
        0: 341
        1: 359
        2: 380
      362:
        0: 338
        1: 339
        2: 358
        3: 372
        4: 375
      363:
        0: 346
        1: 348
        2: 355
        3: 364
      364:
        0: 348
        1: 350
        2: 363
        3: 368
      365:
        0: 345
        1: 347
        2: 359
        3: 369
        4: 379
        5: 381
      366:
        0: 340
        1: 353
        2: 367
      367:
        0: 349
        1: 360
        2: 366
        3: 376
      368:
        0: 350
        1: 352
        2: 364
        3: 378
      369:
        0: 347
        1: 351
        2: 365
        3: 377
        4: 379
      370:
        0: 342
        1: 360
        2: 372
        3: 376
      371:
        0: 354
        1: 373
      372:
        0: 338
        1: 342
        2: 362
        3: 370
        4: 375
      373:
        0: 357
        1: 371
        2: 374
      374:
        0: 357
        1: 358
        2: 373
        3: 375
      375:
        0: 358
        1: 362
        2: 372
        3: 374
      376:
        0: 360
        1: 367
        2: 370
      377:
        0: 351
        1: 369
        2: 378
        3: 379
      378:
        0: 351
        1: 352
        2: 368
        3: 377
      379:
        0: 365
        1: 369
        2: 377
        3: 381
      380:
        0: 359
        1: 361
        2: 381
      381:
        0: 359
        1: 365
        2: 379
        3: 380
    deg: 9
    len:
      0:
        0: 78
        1: 38
        2: 62
        3: 57
      1:
        0: 78
        1: 66
        2: 74
      2:
        0: 66
        1: 87
        2: 17
        3: 42
      3:
        0: 87
        1: 104
        2: 26
        3: 22
        4: 52
      4:
        0: 104
        1: 96
        2: 8
        3: 52
      5:
        0: 96
        1: 92
        2: 72
        3: 16
      6:
        0: 92
        1: 96
        2: 44
      7:
        0: 96
        1: 112
        2: 16
        3: 70
      8:
        0: 112
        1: 118
        2: 14
        3: 26
      9:
        0: 118
        1: 68
        2: 52
        3: 23
        4: 58
      10:
        0: 68
        1: 60
        2: 6
        3: 76
      11:
        0: 60
        1: 62
        2: 84
      12:
        0: 62
        1: 65
        2: 92
      13:
        0: 65
        1: 96
        2: 50
        3: 27
        4: 71
      14:
        0: 96
        1: 98
        2: 42
      15:
        0: 98
        1: 94
        2: 64
      16:
        0: 94
        1: 60
        2: 42
        3: 27
      17:
        0: 60
        1: 57
        2: 69
        3: 18
      18:
        0: 57
        1: 52
        2: 66
        3: 62
        4: 56
        5: 18
      19:
        0: 52
        1: 62
        2: 78
      20:
        0: 62
        1: 78
        2: 8
        3: 66
      21:
        0: 78
        1: 36
        2: 60
      22:
        0: 66
        1: 78
        2: 8
        3: 58
        4: 83
      23:
        0: 69
        1: 62
        2: 68
        3: 38
        4: 67
      24:
        0: 6
        1: 84
        2: 66
        3: 56
        4: 38
        5: 54
      25:
        0: 92
        1: 50
        2: 66
        3: 26
        4: 30
        5: 66
      26:
        0: 52
        1: 76
        2: 56
        3: 68
      27:
        0: 42
        1: 18
        2: 68
        3: 26
        4: 32
        5: 15
      28:
        0: 66
        1: 36
        2: 58
        3: 23
        4: 52
      29:
        0: 38
        1: 74
        2: 17
        3: 40
        4: 34
        5: 42
      30:
        0: 42
        1: 26
        2: 40
        3: 18
        4: 42
      31:
        0: 8
        1: 72
        2: 82
        3: 83
        4: 12
        5: 45
      32:
        0: 16
        1: 44
        2: 16
        3: 82
        4: 74
        5: 52
      33:
        0: 27
        1: 42
        2: 68
        3: 76
        4: 17
        5: 42
      34:
        0: 64
        1: 27
        2: 26
        3: 68
        4: 43
        5: 68
      35:
        0: 22
        1: 52
        2: 83
        3: 78
        4: 25
        5: 64
      36:
        0: 71
        1: 26
        2: 76
        3: 57
        4: 70
      37:
        0: 52
        1: 18
        2: 78
        3: 53
        4: 17
        5: 20
        6: 42
      38:
        0: 60
        1: 23
        2: 56
        3: 72
        4: 7
      39:
        0: 62
        1: 78
        2: 66
      40:
        0: 70
        1: 14
        2: 74
        3: 66
        4: 5
        5: 68
        6: 35
      41:
        0: 57
        1: 34
        2: 78
        3: 54
        4: 30
        5: 20
        6: 50
      42:
        0: 56
        1: 38
        2: 62
        3: 38
        4: 56
      43:
        0: 38
        1: 68
        2: 78
        3: 57
        4: 34
        5: 9
        6: 80
      44:
        0: 18
        1: 83
        2: 62
        3: 58
        4: 8
        5: 86
        6: 9
      45:
        0: 42
        1: 42
        2: 53
        3: 54
        4: 80
      46:
        0: 26
        1: 23
        2: 66
        3: 66
        4: 23
        5: 10
      47:
        0: 58
        1: 78
        2: 66
        3: 79
      48:
        0: 52
        1: 56
        2: 58
        3: 60
      49:
        0: 54
        1: 30
        2: 57
        3: 50
        4: 82
      50:
        0: 66
        1: 57
        2: 50
        3: 20
        4: 31
        5: 58
      51:
        0: 32
        1: 43
        2: 74
        3: 72
        4: 24
        5: 68
        6: 34
      52:
        0: 67
        1: 15
        2: 38
        3: 74
        4: 12
        5: 66
      53:
        0: 17
        1: 68
        2: 72
        3: 100
        4: 46
      54:
        0: 17
        1: 30
        2: 80
        3: 72
        4: 54
        5: 92
      55:
        0: 12
        1: 52
        2: 5
        3: 96
        4: 72
        5: 29
        6: 50
      56:
        0: 42
        1: 70
        2: 20
        3: 100
        4: 70
        5: 7
        6: 9
        7: 108
      57:
        0: 72
        1: 56
        2: 70
      58:
        0: 45
        1: 25
        2: 96
        3: 86
        4: 17
        5: 29
        6: 44
      59:
        0: 34
        1: 82
        2: 31
        3: 58
        4: 66
        5: 10
        6: 49
        7: 49
      60:
        0: 7
        1: 8
        2: 60
        3: 56
        4: 63
        5: 70
      61:
        0: 86
        1: 63
        2: 104
        3: 46
        4: 82
      62:
        0: 64
        1: 20
        2: 86
        3: 72
        4: 68
      63:
        0: 68
        1: 72
        2: 66
        3: 56
        4: 9
      64:
        0: 56
        1: 9
        2: 12
        3: 104
        4: 75
        5: 21
        6: 70
      65:
        0: 35
        1: 23
        2: 66
        3: 79
        4: 54
      66:
        0: 42
        1: 72
        2: 72
        3: 40
        4: 14
      67:
        0: 66
        1: 20
        2: 48
        3: 62
        4: 24
      68:
        0: 9
        1: 10
        2: 79
        3: 79
        4: 74
        5: 13
        6: 24
        7: 26
        8: 86
      69:
        0: 50
        1: 54
        2: 48
        3: 40
      70:
        0: 80
        1: 58
        2: 74
        3: 68
      71:
        0: 24
        1: 66
        2: 75
        3: 38
        4: 56
      72:
        0: 58
        1: 70
        2: 66
        3: 58
      73:
        0: 70
        1: 96
        2: 80
      74:
        0: 68
        1: 38
        2: 34
        3: 13
        4: 48
        5: 17
      75:
        0: 34
        1: 46
        2: 34
        3: 42
        4: 32
      76:
        0: 70
        1: 46
        2: 96
        3: 44
        4: 30
        5: 33
      77:
        0: 62
        1: 82
        2: 66
      78:
        0: 24
        1: 40
        2: 82
        3: 60
        4: 24
        5: 58
      79:
        0: 92
        1: 60
        2: 41
        3: 78
      80:
        0: 29
        1: 56
        2: 50
        3: 38
        4: 52
        5: 7
      81:
        0: 40
        1: 41
        2: 58
        3: 32
        4: 10
        5: 44
      82:
        0: 9
        1: 54
        2: 13
        3: 50
        4: 36
        5: 62
      83:
        0: 17
        1: 68
        2: 14
        3: 58
        4: 38
        5: 74
      84:
        0: 21
        1: 56
        2: 13
        3: 84
        4: 64
        5: 7
        6: 56
      85:
        0: 10
        1: 24
        2: 68
        3: 60
        4: 42
        5: 58
        6: 10
      86:
        0: 48
        1: 84
        2: 96
        3: 13
        4: 48
      87:
        0: 49
        1: 60
        2: 64
        3: 44
      88:
        0: 7
        1: 49
        2: 58
        3: 64
        4: 72
        5: 7
        6: 96
        7: 5
      89:
        0: 17
        1: 42
        2: 96
        3: 100
        4: 15
        5: 50
      90:
        0: 9
        1: 32
        2: 100
        3: 73
        4: 18
        5: 50
        6: 5
      91:
        0: 50
        1: 29
        2: 38
        3: 94
        4: 70
        5: 17
        6: 71
      92:
        0: 108
        1: 72
        2: 73
        3: 92
      93:
        0: 26
        1: 36
        2: 106
        3: 70
        4: 17
        5: 23
      94:
        0: 44
        1: 38
        2: 94
        3: 62
        4: 38
        5: 16
      95:
        0: 86
        1: 42
        2: 106
        3: 70
        4: 56
        5: 59
      96:
        0: 70
        1: 64
        2: 52
        3: 9
        4: 70
      97:
        0: 82
        1: 44
        2: 52
        3: 62
        4: 28
      98:
        0: 24
        1: 78
        2: 32
        3: 60
        4: 64
        5: 26
        6: 42
      99:
        0: 52
        1: 70
        2: 66
        3: 48
      100:
        0: 7
        1: 62
        2: 70
        3: 66
        4: 29
        5: 38
      101:
        0: 10
        1: 74
        2: 62
        3: 56
        4: 50
        5: 24
      102:
        0: 80
        1: 30
        2: 36
        3: 37
        4: 92
      103:
        0: 66
        1: 72
        2: 58
      104:
        0: 44
        1: 60
        2: 56
        3: 56
      105:
        0: 58
        1: 64
        2: 72
        3: 26
        4: 50
      106:
        0: 58
        1: 70
        2: 68
        3: 5
        4: 52
      107:
        0: 33
        1: 62
        2: 36
        3: 56
        4: 88
      108:
        0: 10
        1: 44
        2: 7
        3: 68
        4: 74
        5: 49
        6: 7
      109:
        0: 9
        1: 28
        2: 56
        3: 80
        4: 33
        5: 40
      110:
        0: 96
        1: 74
        2: 90
        3: 50
        4: 42
      111:
        0: 7
        1: 70
        2: 80
        3: 42
        4: 26
        5: 64
        6: 10
      112:
        0: 5
        1: 18
        2: 92
        3: 90
        4: 82
        5: 47
        6: 29
      113:
        0: 56
        1: 13
        2: 42
        3: 27
        4: 58
      114:
        0: 48
        1: 15
        2: 27
        3: 36
        4: 61
        5: 49
      115:
        0: 50
        1: 82
        2: 108
        3: 30
        4: 62
      116:
        0: 17
        1: 38
        2: 58
        3: 48
        4: 46
      117:
        0: 71
        1: 58
        2: 68
        3: 15
        4: 86
      118:
        0: 16
        1: 50
        2: 48
        3: 48
        4: 54
      119:
        0: 48
        1: 29
        2: 68
        3: 102
        4: 47
        5: 60
      120:
        0: 17
        1: 38
        2: 102
        3: 94
        4: 48
      121:
        0: 26
        1: 58
        2: 36
        3: 60
      122:
        0: 26
        1: 24
        2: 56
        3: 48
        4: 70
        5: 18
        6: 96
      123:
        0: 50
        1: 5
        2: 61
        3: 108
        4: 60
        5: 37
        6: 34
      124:
        0: 23
        1: 56
        2: 94
        3: 84
        4: 66
        5: 10
      125:
        0: 37
        1: 88
        2: 33
        3: 62
        4: 58
        5: 84
        6: 8
      126:
        0: 42
        1: 26
        2: 70
        3: 96
        4: 38
        5: 82
      127:
        0: 59
        1: 5
        2: 84
        3: 78
        4: 8
        5: 54
      128:
        0: 58
        1: 50
        2: 96
        3: 98
      129:
        0: 52
        1: 49
        2: 78
        3: 60
        4: 90
      130:
        0: 92
        1: 62
        2: 76
        3: 20
      131:
        0: 7
        1: 50
        2: 60
        3: 50
        4: 12
        5: 11
        6: 52
      132:
        0: 49
        1: 60
        2: 60
        3: 78
        4: 69
        5: 40
      133:
        0: 64
        1: 78
        2: 66
        3: 72
      134:
        0: 40
        1: 10
        2: 58
        3: 66
        4: 58
        5: 5
      135:
        0: 46
        1: 15
        2: 54
        3: 18
        4: 50
        5: 46
        6: 72
        7: 22
      136:
        0: 42
        1: 47
        2: 50
        3: 31
        4: 64
      137:
        0: 86
        1: 47
        2: 50
        3: 28
        4: 27
        5: 62
        6: 24
      138:
        0: 96
        1: 38
        2: 46
        3: 16
        4: 11
        5: 62
        6: 34
      139:
        0: 29
        1: 30
        2: 31
        3: 66
        4: 42
        5: 28
        6: 54
      140:
        0: 76
        1: 70
        2: 80
      141:
        0: 8
        1: 90
        2: 12
        3: 62
        4: 90
        5: 46
        6: 17
        7: 76
      142:
        0: 62
        1: 37
        2: 66
        3: 64
        4: 20
        5: 90
      143:
        0: 84
        1: 20
        2: 70
        3: 66
        4: 8
        5: 96
      144:
        0: 66
        1: 66
        2: 64
        3: 50
      145:
        0: 10
        1: 54
        2: 62
        3: 66
        4: 74
      146:
        0: 11
        1: 64
        2: 42
        3: 84
        4: 57
        5: 30
      147:
        0: 60
        1: 48
        2: 28
        3: 64
        4: 43
        5: 10
        6: 84
      148:
        0: 52
        1: 90
        2: 84
        3: 46
      149:
        0: 8
        1: 58
        2: 66
        3: 64
        4: 14
        5: 10
        6: 46
      150:
        0: 72
        1: 16
        2: 60
        3: 56
        4: 60
      151:
        0: 34
        1: 69
        2: 64
        3: 98
        4: 44
        5: 68
        6: 24
      152:
        0: 72
        1: 5
        2: 64
        3: 60
        4: 62
      153:
        0: 98
        1: 66
        2: 96
      154:
        0: 82
        1: 11
        2: 66
        3: 58
        4: 18
        5: 86
      155:
        0: 40
        1: 98
        2: 60
        3: 46
        4: 61
      156:
        0: 22
        1: 27
        2: 60
        3: 64
        4: 45
      157:
        0: 62
        1: 58
        2: 52
        3: 6
        4: 9
        5: 46
      158:
        0: 34
        1: 56
        2: 52
        3: 46
      159:
        0: 62
        1: 64
        2: 92
        3: 41
        4: 62
      160:
        0: 24
        1: 43
        2: 92
        3: 50
        4: 70
      161:
        0: 28
        1: 57
        2: 56
        3: 52
      162:
        0: 54
        1: 20
        2: 56
        3: 52
        4: 40
        5: 20
        6: 72
      163:
        0: 46
        1: 74
        2: 46
        3: 80
      164:
        0: 80
        1: 8
        2: 79
        3: 16
        4: 82
        5: 20
      165:
        0: 50
        1: 10
        2: 46
        3: 44
        4: 48
      166:
        0: 96
        1: 14
        2: 79
        3: 40
        4: 90
      167:
        0: 10
        1: 62
        2: 46
        3: 44
        4: 39
        5: 55
      168:
        0: 84
        1: 50
        2: 44
        3: 74
      169:
        0: 90
        1: 44
        2: 52
        3: 92
      170:
        0: 96
        1: 18
        2: 44
        3: 100
      171:
        0: 46
        1: 40
        2: 44
        3: 40
      172:
        0: 6
        1: 46
        2: 102
        3: 94
        4: 64
      173:
        0: 60
        1: 45
        2: 41
        3: 102
        4: 54
        5: 70
        6: 22
      174:
        0: 86
        1: 9
        2: 44
        3: 70
        4: 21
        5: 80
      175:
        0: 46
        1: 94
        2: 70
        3: 16
        4: 24
      176:
        0: 17
        1: 30
        2: 46
        3: 102
        4: 64
        5: 50
        6: 30
      177:
        0: 76
        1: 102
        2: 62
        3: 44
        4: 48
      178:
        0: 52
        1: 40
        2: 64
        3: 13
        4: 74
        5: 5
      179:
        0: 80
        1: 62
        2: 56
        3: 80
      180:
        0: 48
        1: 74
        2: 56
        3: 82
        4: 38
        5: 84
      181:
        0: 20
        1: 92
        2: 92
        3: 86
        4: 24
        5: 70
      182:
        0: 68
        1: 92
        2: 76
        3: 28
        4: 45
      183:
        0: 24
        1: 61
        2: 39
        3: 76
        4: 36
        5: 78
        6: 28
      184:
        0: 55
        1: 40
        2: 36
        3: 52
        4: 10
        5: 68
        6: 5
      185:
        0: 16
        1: 90
        2: 52
        3: 31
        4: 70
      186:
        0: 70
        1: 82
        2: 70
        3: 16
        4: 7
        5: 84
        6: 5
      187:
        0: 100
        1: 21
        2: 36
        3: 76
        4: 46
      188:
        0: 62
        1: 54
        2: 70
        3: 70
      189:
        0: 72
        1: 13
        2: 86
        3: 60
        4: 33
        5: 5
        6: 56
      190:
        0: 80
        1: 16
        2: 36
        3: 73
        4: 20
      191:
        0: 74
        1: 60
        2: 46
        3: 68
      192:
        0: 82
        1: 70
        2: 76
      193:
        0: 44
        1: 80
        2: 38
        3: 20
        4: 12
        5: 90
      194:
        0: 20
        1: 31
        2: 70
        3: 52
        4: 12
        5: 46
      195:
        0: 50
        1: 5
        2: 46
        3: 52
        4: 49
        5: 70
      196:
        0: 10
        1: 70
        2: 52
        3: 51
        4: 66
      197:
        0: 68
        1: 51
        2: 75
        3: 54
        4: 30
        5: 70
      198:
        0: 70
        1: 54
        2: 40
        3: 48
        4: 13
      199:
        0: 78
        1: 5
        2: 75
        3: 64
        4: 68
      200:
        0: 24
        1: 73
        2: 69
        3: 74
        4: 12
        5: 94
      201:
        0: 64
        1: 54
        2: 69
        3: 56
      202:
        0: 76
        1: 82
        2: 74
      203:
        0: 46
        1: 20
        2: 74
        3: 82
        4: 9
        5: 60
        6: 10
      204:
        0: 22
        1: 16
        2: 70
        3: 40
        4: 108
      205:
        0: 28
        1: 28
        2: 64
        3: 62
        4: 7
        5: 72
      206:
        0: 84
        1: 7
        2: 20
        3: 81
        4: 76
        5: 15
        6: 56
      207:
        0: 30
        1: 48
        2: 12
        3: 52
        4: 76
        5: 42
        6: 6
      208:
        0: 24
        1: 45
        2: 62
        3: 58
        4: 8
        5: 56
      209:
        0: 33
        1: 68
        2: 49
        3: 42
        4: 13
        5: 90
      210:
        0: 84
        1: 81
        2: 82
        3: 5
        4: 62
        5: 46
      211:
        0: 70
        1: 5
        2: 58
        3: 52
        4: 11
        5: 17
        6: 56
      212:
        0: 5
        1: 108
        2: 82
        3: 63
        4: 100
      213:
        0: 90
        1: 76
        2: 76
        3: 72
        4: 36
      214:
        0: 56
        1: 42
        2: 52
        3: 7
        4: 56
      215:
        0: 12
        1: 66
        2: 54
        3: 58
        4: 9
        5: 66
      216:
        0: 48
        1: 63
        2: 60
        3: 10
        4: 40
      217:
        0: 13
        1: 12
        2: 56
        3: 60
        4: 48
        5: 68
        6: 7
      218:
        0: 76
        1: 46
        2: 58
        3: 116
      219:
        0: 94
        1: 9
        2: 48
        3: 40
        4: 36
        5: 62
      220:
        0: 70
        1: 42
        2: 13
        3: 62
        4: 18
        5: 58
        6: 58
      221:
        0: 30
        1: 68
        2: 7
        3: 76
        4: 48
        5: 58
        6: 24
      222:
        0: 90
        1: 7
        2: 62
        3: 66
        4: 68
        5: 22
      223:
        0: 72
        1: 8
        2: 76
        3: 74
        4: 47
        5: 38
      224:
        0: 11
        1: 56
        2: 66
        3: 60
        4: 60
      225:
        0: 60
        1: 40
        2: 46
        3: 10
        4: 60
      226:
        0: 56
        1: 17
        2: 74
        3: 68
        4: 10
        5: 54
      227:
        0: 74
        1: 10
        2: 46
        3: 7
        4: 84
      228:
        0: 56
        1: 60
        2: 68
        3: 10
        4: 7
        5: 66
      229:
        0: 70
        1: 9
        2: 48
        3: 56
        4: 9
        5: 62
      230:
        0: 5
        1: 100
        2: 10
        3: 48
        4: 68
        5: 10
        6: 96
      231:
        0: 15
        1: 62
        2: 40
        3: 35
        4: 40
        5: 29
      232:
        0: 66
        1: 56
        2: 50
        3: 7
        4: 68
      233:
        0: 6
        1: 72
        2: 18
        3: 86
        4: 43
        5: 34
      234:
        0: 116
        1: 50
        2: 50
        3: 88
        4: 28
      235:
        0: 46
        1: 48
        2: 40
        3: 52
      236:
        0: 56
        1: 36
        2: 35
        3: 86
        4: 53
        5: 84
      237:
        0: 40
        1: 68
        2: 68
        3: 56
        4: 5
        5: 98
      238:
        0: 7
        1: 36
        2: 56
        3: 92
        4: 42
        5: 60
      239:
        0: 62
        1: 10
        2: 92
        3: 78
        4: 36
        5: 14
      240:
        0: 60
        1: 7
        2: 78
        3: 70
        4: 24
        5: 48
      241:
        0: 58
        1: 43
        2: 76
        3: 43
        4: 68
      242:
        0: 58
        1: 76
        2: 82
        3: 5
        4: 46
      243:
        0: 84
        1: 70
        2: 88
      244:
        0: 68
        1: 82
        2: 76
        3: 26
        4: 11
        5: 46
      245:
        0: 40
        1: 53
        2: 47
        3: 9
        4: 52
      246:
        0: 22
        1: 60
        2: 10
        3: 76
        4: 59
        5: 76
      247:
        0: 58
        1: 9
        2: 61
        3: 66
        4: 70
      248:
        0: 10
        1: 29
        2: 52
        3: 47
        4: 70
        5: 60
        6: 15
        7: 70
      249:
        0: 24
        1: 47
        2: 61
        3: 82
        4: 24
        5: 60
      250:
        0: 62
        1: 7
        2: 66
        3: 48
        4: 5
        5: 55
      251:
        0: 38
        1: 10
        2: 82
        3: 72
        4: 9
        5: 42
      252:
        0: 68
        1: 50
        2: 48
        3: 72
        4: 9
      253:
        0: 54
        1: 7
        2: 72
        3: 66
        4: 44
      254:
        0: 66
        1: 59
        2: 66
        3: 16
        4: 12
        5: 76
      255:
        0: 96
        1: 5
        2: 70
        3: 48
        4: 11
        5: 82
      256:
        0: 98
        1: 42
        2: 48
        3: 11
        4: 92
      257:
        0: 34
        1: 43
        2: 62
        3: 52
        4: 50
        5: 45
      258:
        0: 84
        1: 9
        2: 62
        3: 64
        4: 19
        5: 34
      259:
        0: 52
        1: 60
        2: 64
        3: 68
      260:
        0: 88
        1: 44
        2: 9
        3: 88
      261:
        0: 68
        1: 5
        2: 52
        3: 92
        4: 52
        5: 40
      262:
        0: 28
        1: 72
        2: 44
        3: 40
        4: 82
      263:
        0: 24
        1: 88
        2: 59
        3: 102
      264:
        0: 36
        1: 48
        2: 59
        3: 51
        4: 34
        5: 22
        6: 74
      265:
        0: 60
        1: 14
        2: 11
        3: 51
        4: 54
        5: 86
      266:
        0: 70
        1: 24
        2: 5
        3: 88
        4: 62
        5: 34
        6: 62
      267:
        0: 55
        1: 9
        2: 40
        3: 88
        4: 62
        5: 34
        6: 36
      268:
        0: 26
        1: 76
        2: 16
        3: 66
        4: 56
        5: 8
        6: 64
        7: 10
      269:
        0: 11
        1: 92
        2: 54
        3: 22
        4: 96
      270:
        0: 46
        1: 11
        2: 92
        3: 70
        4: 27
        5: 44
      271:
        0: 15
        1: 82
        2: 22
        3: 82
        4: 79
        5: 31
        6: 36
      272:
        0: 46
        1: 66
        2: 70
        3: 60
      273:
        0: 9
        1: 44
        2: 12
        3: 48
        4: 50
        5: 22
        6: 26
      274:
        0: 60
        1: 62
        2: 54
        3: 9
        4: 46
      275:
        0: 76
        1: 56
        2: 48
        3: 46
        4: 44
      276:
        0: 42
        1: 50
        2: 54
        3: 56
      277:
        0: 70
        1: 82
        2: 66
        3: 40
        4: 30
      278:
        0: 9
        1: 82
        2: 62
        3: 72
        4: 32
        5: 42
      279:
        0: 50
        1: 52
        2: 50
        3: 9
        4: 52
      280:
        0: 19
        1: 68
        2: 66
        3: 32
        4: 30
        5: 52
      281:
        0: 88
        1: 72
        2: 28
        3: 73
      282:
        0: 45
        1: 34
        2: 50
        3: 32
        4: 10
        5: 78
      283:
        0: 34
        1: 86
        2: 64
        3: 48
        4: 58
        5: 43
        6: 10
      284:
        0: 96
        1: 79
        2: 64
        3: 5
        4: 74
        5: 21
      285:
        0: 102
        1: 22
        2: 61
        3: 96
      286:
        0: 74
        1: 48
        2: 61
        3: 78
        4: 12
      287:
        0: 22
        1: 46
        2: 52
        3: 48
        4: 6
        5: 53
        6: 14
      288:
        0: 8
        1: 44
        2: 52
        3: 58
        4: 53
      289:
        0: 26
        1: 9
        2: 56
        3: 48
        4: 46
        5: 84
      290:
        0: 64
        1: 58
        2: 52
        3: 17
        4: 18
        5: 52
      291:
        0: 34
        1: 46
        2: 46
        3: 94
        4: 55
        5: 92
      292:
        0: 10
        1: 27
        2: 60
        3: 52
        4: 56
        5: 78
      293:
        0: 40
        1: 44
        2: 9
        3: 56
        4: 66
        5: 26
        6: 94
      294:
        0: 62
        1: 34
        2: 94
        3: 67
        4: 20
        5: 92
      295:
        0: 52
        1: 10
        2: 66
        3: 88
        4: 34
        5: 7
        6: 54
      296:
        0: 78
        1: 88
        2: 96
        3: 74
      297:
        0: 36
        1: 32
        2: 67
        3: 52
        4: 50
      298:
        0: 30
        1: 96
        2: 84
        3: 66
        4: 30
      299:
        0: 40
        1: 52
        2: 84
        3: 82
        4: 12
        5: 6
      300:
        0: 42
        1: 28
        2: 52
        3: 52
        4: 17
        5: 49
      301:
        0: 31
        1: 30
        2: 82
        3: 80
        4: 60
      302:
        0: 36
        1: 5
        2: 80
        3: 80
        4: 54
      303:
        0: 74
        1: 80
        2: 56
        3: 26
        4: 9
        5: 56
      304:
        0: 6
        1: 84
        2: 55
        3: 70
        4: 14
        5: 63
        6: 24
      305:
        0: 73
        1: 52
        2: 35
        3: 82
      306:
        0: 53
        1: 70
        2: 66
        3: 25
        4: 28
      307:
        0: 58
        1: 21
        2: 56
        3: 48
        4: 76
      308:
        0: 43
        1: 48
        2: 88
        3: 45
      309:
        0: 14
        1: 53
        2: 17
        3: 66
        4: 62
        5: 74
      310:
        0: 10
        1: 78
        2: 88
        3: 93
        4: 12
        5: 94
      311:
        0: 18
        1: 78
        2: 26
        3: 70
        4: 50
        5: 48
        6: 22
      312:
        0: 96
        1: 12
        2: 93
        3: 14
        4: 114
      313:
        0: 52
        1: 62
        2: 70
        3: 10
        4: 54
      314:
        0: 94
        1: 34
        2: 50
        3: 28
        4: 60
        5: 40
      315:
        0: 20
        1: 50
        2: 17
        3: 96
        4: 84
        5: 57
      316:
        0: 49
        1: 35
        2: 96
        3: 52
        4: 29
        5: 9
      317:
        0: 26
        1: 76
        2: 45
        3: 12
        4: 38
        5: 9
        6: 76
        7: 18
      318:
        0: 92
        1: 14
        2: 98
        3: 92
        4: 5
        5: 38
        6: 60
      319:
        0: 92
        1: 84
        2: 98
        3: 22
        4: 88
      320:
        0: 7
        1: 74
        2: 58
        3: 46
        4: 82
      321:
        0: 54
        1: 28
        2: 58
        3: 42
        4: 46
      322:
        0: 66
        1: 46
        2: 48
        3: 20
        4: 54
      323:
        0: 63
        1: 92
        2: 76
        3: 66
      324:
        0: 12
        1: 60
        2: 50
        3: 48
        4: 24
        5: 11
      325:
        0: 54
        1: 9
        2: 50
        3: 44
        4: 60
      326:
        0: 24
        1: 25
        2: 76
        3: 68
        4: 42
        5: 11
      327:
        0: 30
        1: 6
        2: 48
        3: 48
        4: 15
        5: 60
        6: 8
      328:
        0: 82
        1: 52
        2: 93
      329:
        0: 56
        1: 38
        2: 44
        3: 10
        4: 53
      330:
        0: 28
        1: 74
        2: 10
        3: 68
        4: 52
        5: 74
        6: 24
      331:
        0: 48
        1: 54
        2: 52
        3: 74
        4: 22
        5: 96
      332:
        0: 60
        1: 42
        2: 70
        3: 33
        4: 60
        5: 7
      333:
        0: 94
        1: 14
        2: 9
        3: 56
        4: 70
        5: 92
      334:
        0: 22
        1: 40
        2: 74
        3: 70
        4: 62
      335:
        0: 114
        1: 56
        2: 104
        3: 18
      336:
        0: 82
        1: 20
        2: 33
        3: 34
        4: 80
      337:
        0: 76
        1: 70
        2: 56
        3: 72
      338:
        0: 24
        1: 60
        2: 10
        3: 54
        4: 92
        5: 49
        6: 11
      339:
        0: 18
        1: 53
        2: 56
        3: 54
        4: 12
        5: 60
      340:
        0: 46
        1: 33
        2: 33
        3: 64
        4: 52
        5: 52
      341:
        0: 29
        1: 93
        2: 36
        3: 40
        4: 81
      342:
        0: 11
        1: 15
        2: 92
        3: 52
        4: 42
        5: 70
        6: 32
      343:
        0: 60
        1: 52
        2: 50
        3: 50
      344:
        0: 54
        1: 8
        2: 34
        3: 50
        4: 22
        5: 58
      345:
        0: 57
        1: 9
        2: 22
        3: 36
        4: 62
        5: 34
        6: 62
      346:
        0: 74
        1: 22
        2: 46
        3: 38
        4: 68
      347:
        0: 88
        1: 62
        2: 75
        3: 7
        4: 80
      348:
        0: 42
        1: 24
        2: 46
        3: 48
        4: 16
        5: 54
      349:
        0: 80
        1: 64
        2: 22
        3: 40
        4: 88
      350:
        0: 5
        1: 66
        2: 11
        3: 48
        4: 60
        5: 12
        6: 74
      351:
        0: 38
        1: 75
        2: 92
        3: 26
        4: 56
        5: 9
      352:
        0: 60
        1: 60
        2: 92
        3: 42
        4: 51
      353:
        0: 60
        1: 52
        2: 82
        3: 46
      354:
        0: 104
        1: 56
        2: 104
      355:
        0: 96
        1: 38
        2: 82
        3: 64
      356:
        0: 7
        1: 62
        2: 82
        3: 82
      357:
        0: 92
        1: 18
        2: 56
        3: 56
        4: 98
        5: 12
      358:
        0: 72
        1: 12
        2: 56
        3: 44
        4: 58
        5: 25
      359:
        0: 40
        1: 34
        2: 88
        3: 62
        4: 10
        5: 34
      360:
        0: 42
        1: 50
        2: 58
        3: 40
        4: 29
        5: 25
        6: 94
      361:
        0: 81
        1: 88
        2: 90
      362:
        0: 49
        1: 60
        2: 44
        3: 18
        4: 59
      363:
        0: 68
        1: 16
        2: 64
        3: 68
      364:
        0: 54
        1: 12
        2: 68
        3: 75
      365:
        0: 62
        1: 7
        2: 62
        3: 50
        4: 19
        5: 45
      366:
        0: 52
        1: 46
        2: 54
      367:
        0: 88
        1: 29
        2: 54
        3: 54
      368:
        0: 74
        1: 42
        2: 75
        3: 48
      369:
        0: 80
        1: 26
        2: 50
        3: 12
        4: 86
      370:
        0: 70
        1: 25
        2: 114
        3: 88
      371:
        0: 104
        1: 60
      372:
        0: 11
        1: 32
        2: 18
        3: 114
        4: 86
      373:
        0: 98
        1: 60
        2: 70
      374:
        0: 12
        1: 58
        2: 70
        3: 88
      375:
        0: 25
        1: 59
        2: 86
        3: 88
      376:
        0: 94
        1: 54
        2: 88
      377:
        0: 56
        1: 12
        2: 58
        3: 68
      378:
        0: 9
        1: 51
        2: 48
        3: 58
      379:
        0: 19
        1: 86
        2: 68
        3: 64
      380:
        0: 10
        1: 90
        2: 82
      381:
        0: 34
        1: 45
        2: 64
        3: 82
    lattice: false
    tileScale: 1
    hops:
      0: 17
      1: 17
      2: 16
      3: 15
      4: 15
      5: 15
      6: 15
      7: 15
      8: 14
      9: 14
      10: 15
      11: 15
      12: 16
      13: 15
      14: 15
      15: 16
      16: 16
      17: 16
      18: 17
      19: 18
      20: 18
      21: 18
      22: 17
      23: 16
      24: 14
      25: 15
      26: 14
      27: 15
      28: 18
      29: 17
      30: 16
      31: 14
      32: 14
      33: 14
      34: 15
      35: 14
      36: 14
      37: 15
      38: 17
      39: 16
      40: 14
      41: 16
      42: 16
      43: 13
      44: 16
      45: 16
      46: 13
      47: 13
      48: 17
      49: 14
      50: 14
      51: 14
      52: 15
      53: 14
      54: 15
      55: 13
      56: 13
      57: 16
      58: 13
      59: 13
      60: 16
      61: 16
      62: 14
      63: 14
      64: 15
      65: 13
      66: 15
      67: 15
      68: 12
      69: 15
      70: 13
      71: 14
      72: 13
      73: 15
      74: 13
      75: 13
      76: 15
      77: 15
      78: 14
      79: 14
      80: 13
      81: 14
      82: 13
      83: 14
      84: 14
      85: 12
      86: 13
      87: 12
      88: 12
      89: 12
      90: 12
      91: 12
      92: 12
      93: 12
      94: 13
      95: 11
      96: 14
      97: 15
      98: 13
      99: 12
      100: 12
      101: 13
      102: 14
      103: 15
      104: 13
      105: 14
      106: 11
      107: 14
      108: 11
      109: 14
      110: 11
      111: 13
      112: 11
      113: 13
      114: 12
      115: 11
      116: 12
      117: 11
      118: 12
      119: 11
      120: 11
      121: 12
      122: 12
      123: 11
      124: 11
      125: 13
      126: 13
      127: 10
      128: 14
      129: 10
      130: 14
      131: 10
      132: 11
      133: 12
      134: 13
      135: 11
      136: 10
      137: 10
      138: 12
      139: 10
      140: 13
      141: 9
      142: 10
      143: 13
      144: 10
      145: 10
      146: 9
      147: 10
      148: 9
      149: 12
      150: 11
      151: 10
      152: 12
      153: 14
      154: 13
      155: 11
      156: 11
      157: 12
      158: 12
      159: 10
      160: 9
      161: 9
      162: 9
      163: 10
      164: 12
      165: 9
      166: 13
      167: 11
      168: 9
      169: 9
      170: 14
      171: 12
      172: 11
      173: 10
      174: 13
      175: 12
      176: 8
      177: 8
      178: 8
      179: 9
      180: 8
      181: 8
      182: 9
      183: 10
      184: 11
      185: 12
      186: 8
      187: 13
      188: 9
      189: 8
      190: 12
      191: 8
      192: 12
      193: 8
      194: 11
      195: 7
      196: 11
      197: 10
      198: 10
      199: 10
      200: 11
      201: 11
      202: 13
      203: 12
      204: 9
      205: 9
      206: 7
      207: 7
      208: 8
      209: 7
      210: 8
      211: 7
      212: 9
      213: 7
      214: 7
      215: 10
      216: 9
      217: 10
      218: 11
      219: 11
      220: 6
      221: 9
      222: 6
      223: 8
      224: 6
      225: 11
      226: 7
      227: 12
      228: 6
      229: 9
      230: 8
      231: 7
      232: 9
      233: 6
      234: 10
      235: 8
      236: 6
      237: 9
      238: 10
      239: 10
      240: 11
      241: 5
      242: 5
      243: 12
      244: 5
      245: 6
      246: 5
      247: 8
      248: 7
      249: 8
      250: 8
      251: 7
      252: 9
      253: 6
      254: 5
      255: 8
      256: 9
      257: 5
      258: 5
      259: 6
      260: 10
      261: 4
      262: 9
      263: 11
      264: 10
      265: 9
      266: 7
      267: 8
      268: 4
      269: 8
      270: 4
      271: 7
      272: 4
      273: 6
      274: 7
      275: 5
      276: 7
      277: 6
      278: 9
      279: 4
      280: 5
      281: 9
      282: 4
      283: 9
      284: 8
      285: 11
      286: 10
      287: 5
      288: 4
      289: 6
      290: 3
      291: 6
      292: 3
      293: 3
      294: 7
      295: 3
      296: 4
      297: 8
      298: 5
      299: 6
      300: 8
      301: 7
      302: 8
      303: 8
      304: 5
      305: 9
      306: 4
      307: 9
      308: 9
      309: 4
      310: 9
      311: 2
      312: 10
      313: 3
      314: 2
      315: 7
      316: 8
      317: 8
      318: 5
      319: 6
      320: 3
      321: 2
      322: 4
      323: 5
      324: 6
      325: 7
      326: 4
      327: 5
      328: 9
      329: 7
      330: 3
      331: 2
      332: 1
      333: 9
      334: 1
      335: 10
      336: 3
      337: 8
      338: 6
      339: 7
      340: 2
      341: 8
      342: 5
      343: 5
      344: 4
      345: 7
      346: 2
      347: 7
      348: 3
      349: 3
      350: 4
      351: 6
      352: 5
      353: 1
      354: 10
      355: 1
      356: 0
      357: 9
      358: 8
      359: 8
      360: 4
      361: 9
      362: 7
      363: 2
      364: 3
      365: 8
      366: 2
      367: 3
      368: 4
      369: 7
      370: 5
      371: 10
      372: 6
      373: 9
      374: 8
      375: 7
      376: 4
      377: 6
      378: 5
      379: 7
      380: 9
      381: 8
    hopsT:
      0: 19
      1: 19
      2: 18
      3: 17
      4: 16
      5: 15
      6: 15
      7: 14
      8: 13
      9: 12
      10: 12
      11: 12
      12: 11
      13: 10
      14: 10
      15: 11
      16: 11
      17: 11
      18: 12
      19: 13
      20: 13
      21: 12
      22: 12
      23: 11
      24: 11
      25: 10
      26: 11
      27: 10
      28: 12
      29: 19
      30: 18
      31: 15
      32: 14
      33: 9
      34: 10
      35: 16
      36: 9
      37: 17
      38: 11
      39: 18
      40: 13
      41: 18
      42: 11
      43: 10
      44: 11
      45: 18
      46: 12
      47: 11
      48: 11
      49: 10
      50: 9
      51: 9
      52: 10
      53: 9
      54: 17
      55: 14
      56: 8
      57: 10
      58: 15
      59: 9
      60: 10
      61: 10
      62: 16
      63: 13
      64: 10
      65: 12
      66: 17
      67: 17
      68: 11
      69: 17
      70: 10
      71: 9
      72: 9
      73: 9
      74: 8
      75: 8
      76: 9
      77: 17
      78: 16
      79: 16
      80: 13
      81: 16
      82: 12
      83: 16
      84: 9
      85: 10
      86: 8
      87: 9
      88: 8
      89: 7
      90: 7
      91: 14
      92: 8
      93: 11
      94: 15
      95: 10
      96: 9
      97: 9
      98: 15
      99: 13
      100: 12
      101: 15
      102: 8
      103: 17
      104: 15
      105: 16
      106: 10
      107: 8
      108: 9
      109: 8
      110: 8
      111: 8
      112: 7
      113: 8
      114: 7
      115: 7
      116: 14
      117: 13
      118: 14
      119: 12
      120: 11
      121: 7
      122: 14
      123: 6
      124: 10
      125: 7
      126: 15
      127: 9
      128: 16
      129: 9
      130: 8
      131: 8
      132: 6
      133: 7
      134: 7
      135: 13
      136: 7
      137: 12
      138: 14
      139: 6
      140: 7
      141: 8
      142: 6
      143: 7
      144: 10
      145: 9
      146: 7
      147: 11
      148: 8
      149: 6
      150: 13
      151: 5
      152: 6
      153: 16
      154: 15
      155: 5
      156: 13
      157: 14
      158: 14
      159: 12
      160: 11
      161: 6
      162: 5
      163: 9
      164: 6
      165: 10
      166: 6
      167: 5
      168: 10
      169: 5
      170: 16
      171: 5
      172: 13
      173: 12
      174: 15
      175: 14
      176: 7
      177: 8
      178: 6
      179: 9
      180: 9
      181: 4
      182: 4
      183: 4
      184: 4
      185: 5
      186: 10
      187: 16
      188: 11
      189: 5
      190: 15
      191: 6
      192: 6
      193: 8
      194: 5
      195: 7
      196: 4
      197: 3
      198: 12
      199: 3
      200: 14
      201: 13
      202: 16
      203: 15
      204: 11
      205: 3
      206: 9
      207: 7
      208: 3
      209: 6
      210: 10
      211: 4
      212: 11
      213: 8
      214: 5
      215: 4
      216: 12
      217: 13
      218: 5
      219: 14
      220: 6
      221: 2
      222: 5
      223: 2
      224: 5
      225: 15
      226: 3
      227: 16
      228: 4
      229: 3
      230: 11
      231: 9
      232: 3
      233: 7
      234: 4
      235: 10
      236: 8
      237: 12
      238: 13
      239: 14
      240: 15
      241: 7
      242: 6
      243: 16
      244: 5
      245: 9
      246: 4
      247: 2
      248: 10
      249: 1
      250: 2
      251: 2
      252: 3
      253: 3
      254: 3
      255: 11
      256: 12
      257: 8
      258: 9
      259: 10
      260: 4
      261: 7
      262: 3
      263: 15
      264: 14
      265: 13
      266: 1
      267: 2
      268: 4
      269: 12
      270: 6
      271: 11
      272: 5
      273: 2
      274: 0
      275: 3
      276: 1
      277: 10
      278: 3
      279: 7
      280: 9
      281: 4
      282: 8
      283: 13
      284: 12
      285: 15
      286: 14
      287: 2
      288: 3
      289: 1
      290: 4
      291: 1
      292: 5
      293: 6
      294: 2
      295: 7
      296: 8
      297: 3
      298: 9
      299: 10
      300: 4
      301: 11
      302: 12
      303: 13
      304: 2
      305: 5
      306: 3
      307: 13
      308: 14
      309: 3
      310: 14
      311: 5
      312: 15
      313: 4
      314: 6
      315: 3
      316: 4
      317: 14
      318: 2
      319: 3
      320: 8
      321: 7
      322: 9
      323: 3
      324: 11
      325: 12
      326: 3
      327: 10
      328: 5
      329: 13
      330: 4
      331: 5
      332: 7
      333: 15
      334: 6
      335: 16
      336: 9
      337: 14
      338: 12
      339: 13
      340: 8
      341: 5
      342: 11
      343: 11
      344: 10
      345: 4
      346: 5
      347: 4
      348: 4
      349: 9
      350: 3
      351: 3
      352: 3
      353: 8
      354: 16
      355: 6
      356: 7
      357: 15
      358: 14
      359: 5
      360: 10
      361: 6
      362: 13
      363: 5
      364: 4
      365: 5
      366: 9
      367: 10
      368: 4
      369: 4
      370: 11
      371: 16
      372: 12
      373: 15
      374: 14
      375: 13
      376: 11
      377: 4
      378: 4
      379: 5
      380: 6
      381: 6
    wellHops:
      0:
        0: 19
        1: 19
        2: 18
        3: 17
        4: 16
        5: 15
        6: 15
        7: 14
        8: 13
        9: 12
        10: 11
        11: 11
        12: 10
        13: 9
        14: 9
        15: 10
        16: 10
        17: 10
        18: 11
        19: 12
        20: 12
        21: 11
        22: 11
        23: 10
        24: 10
        25: 9
        26: 11
        27: 9
        28: 11
        29: 19
        30: 18
        31: 15
        32: 14
        33: 8
        34: 9
        35: 16
        36: 8
        37: 17
        38: 10
        39: 18
        40: 13
        41: 18
        42: 10
        43: 10
        44: 10
        45: 18
        46: 12
        47: 11
        48: 10
        49: 9
        50: 8
        51: 8
        52: 9
        53: 8
        54: 17
        55: 14
        56: 7
        57: 9
        58: 15
        59: 9
        60: 9
        61: 9
        62: 16
        63: 13
        64: 9
        65: 12
        66: 17
        67: 17
        68: 11
        69: 17
        70: 10
        71: 8
        72: 8
        73: 8
        74: 7
        75: 7
        76: 8
        77: 17
        78: 16
        79: 16
        80: 13
        81: 16
        82: 12
        83: 16
        84: 8
        85: 10
        86: 7
        87: 9
        88: 8
        89: 6
        90: 6
        91: 14
        92: 7
        93: 11
        94: 15
        95: 10
        96: 8
        97: 8
        98: 15
        99: 13
        100: 12
        101: 15
        102: 7
        103: 17
        104: 15
        105: 16
        106: 10
        107: 7
        108: 9
        109: 7
        110: 8
        111: 7
        112: 7
        113: 7
        114: 6
        115: 6
        116: 14
        117: 13
        118: 14
        119: 12
        120: 11
        121: 6
        122: 14
        123: 5
        124: 10
        125: 6
        126: 15
        127: 9
        128: 16
        129: 9
        130: 6
        131: 8
        132: 5
        133: 6
        134: 6
        135: 13
        136: 7
        137: 12
        138: 14
        139: 6
        140: 5
        141: 8
        142: 5
        143: 5
        144: 10
        145: 9
        146: 7
        147: 11
        148: 8
        149: 5
        150: 14
        151: 4
        152: 5
        153: 16
        154: 15
        155: 4
        156: 13
        157: 15
        158: 15
        159: 13
        160: 12
        161: 6
        162: 5
        163: 9
        164: 4
        165: 10
        166: 5
        167: 4
        168: 11
        169: 5
        170: 16
        171: 4
        172: 14
        173: 13
        174: 16
        175: 15
        176: 7
        177: 8
        178: 6
        179: 9
        180: 10
        181: 4
        182: 3
        183: 3
        184: 3
        185: 4
        186: 11
        187: 17
        188: 12
        189: 5
        190: 16
        191: 6
        192: 4
        193: 9
        194: 3
        195: 7
        196: 3
        197: 2
        198: 13
        199: 2
        200: 15
        201: 14
        202: 17
        203: 16
        204: 12
        205: 2
        206: 10
        207: 8
        208: 3
        209: 6
        210: 11
        211: 4
        212: 12
        213: 9
        214: 5
        215: 2
        216: 13
        217: 14
        218: 3
        219: 15
        220: 7
        221: 1
        222: 6
        223: 2
        224: 5
        225: 16
        226: 3
        227: 17
        228: 4
        229: 1
        230: 12
        231: 10
        232: 2
        233: 8
        234: 3
        235: 11
        236: 9
        237: 13
        238: 14
        239: 15
        240: 16
        241: 8
        242: 7
        243: 17
        244: 6
        245: 10
        246: 5
        247: 0
        248: 11
        249: 1
        250: 1
        251: 2
        252: 2
        253: 3
        254: 4
        255: 12
        256: 13
        257: 9
        258: 10
        259: 11
        260: 4
        261: 8
        262: 3
        263: 16
        264: 15
        265: 14
        266: 1
        267: 2
        268: 5
        269: 13
        270: 7
        271: 12
        272: 6
        273: 3
        274: 2
        275: 4
        276: 3
        277: 11
        278: 3
        279: 8
        280: 10
        281: 4
        282: 9
        283: 14
        284: 13
        285: 16
        286: 15
        287: 4
        288: 5
        289: 3
        290: 6
        291: 2
        292: 6
        293: 7
        294: 2
        295: 8
        296: 9
        297: 3
        298: 10
        299: 11
        300: 4
        301: 12
        302: 13
        303: 14
        304: 3
        305: 5
        306: 4
        307: 14
        308: 15
        309: 5
        310: 15
        311: 7
        312: 16
        313: 6
        314: 8
        315: 3
        316: 4
        317: 15
        318: 3
        319: 3
        320: 9
        321: 9
        322: 10
        323: 4
        324: 12
        325: 13
        326: 4
        327: 11
        328: 5
        329: 14
        330: 5
        331: 6
        332: 8
        333: 16
        334: 7
        335: 17
        336: 10
        337: 15
        338: 13
        339: 14
        340: 9
        341: 5
        342: 12
        343: 12
        344: 11
        345: 4
        346: 6
        347: 4
        348: 5
        349: 10
        350: 4
        351: 4
        352: 4
        353: 9
        354: 17
        355: 7
        356: 8
        357: 16
        358: 15
        359: 5
        360: 11
        361: 6
        362: 14
        363: 6
        364: 5
        365: 5
        366: 10
        367: 11
        368: 5
        369: 5
        370: 12
        371: 17
        372: 13
        373: 16
        374: 15
        375: 14
        376: 12
        377: 5
        378: 5
        379: 6
        380: 6
        381: 6
      1:
        0: 1
        1: 2
        2: 3
        3: 4
        4: 5
        5: 6
        6: 7
        7: 7
        8: 8
        9: 9
        10: 10
        11: 11
        12: 12
        13: 13
        14: 14
        15: 15
        16: 16
        17: 17
        18: 18
        19: 19
        20: 20
        21: 21
        22: 19
        23: 17
        24: 11
        25: 12
        26: 10
        27: 16
        28: 20
        29: 2
        30: 3
        31: 5
        32: 6
        33: 14
        34: 15
        35: 4
        36: 13
        37: 3
        38: 20
        39: 0
        40: 7
        41: 1
        42: 17
        43: 10
        44: 18
        45: 2
        46: 8
        47: 9
        48: 19
        49: 11
        50: 12
        51: 15
        52: 16
        53: 14
        54: 2
        55: 6
        56: 13
        57: 20
        58: 5
        59: 11
        60: 19
        61: 18
        62: 4
        63: 7
        64: 17
        65: 8
        66: 3
        67: 1
        68: 9
        69: 2
        70: 10
        71: 16
        72: 12
        73: 20
        74: 16
        75: 15
        76: 19
        77: 2
        78: 2
        79: 3
        80: 7
        81: 4
        82: 8
        83: 4
        84: 17
        85: 10
        86: 16
        87: 11
        88: 12
        89: 15
        90: 14
        91: 6
        92: 13
        93: 9
        94: 5
        95: 10
        96: 18
        97: 19
        98: 3
        99: 7
        100: 8
        101: 5
        102: 20
        103: 3
        104: 4
        105: 3
        106: 11
        107: 20
        108: 11
        109: 19
        110: 12
        111: 18
        112: 13
        113: 17
        114: 16
        115: 14
        116: 6
        117: 6
        118: 5
        119: 7
        120: 8
        121: 17
        122: 4
        123: 15
        124: 9
        125: 19
        126: 4
        127: 10
        128: 4
        129: 11
        130: 20
        131: 11
        132: 16
        133: 17
        134: 18
        135: 5
        136: 12
        137: 6
        138: 5
        139: 13
        140: 20
        141: 10
        142: 14
        143: 19
        144: 8
        145: 9
        146: 12
        147: 7
        148: 11
        149: 18
        150: 6
        151: 15
        152: 17
        153: 5
        154: 5
        155: 16
        156: 6
        157: 6
        158: 6
        159: 7
        160: 7
        161: 13
        162: 13
        163: 9
        164: 19
        165: 8
        166: 19
        167: 17
        168: 8
        169: 14
        170: 6
        171: 18
        172: 7
        173: 7
        174: 6
        175: 7
        176: 11
        177: 11
        178: 12
        179: 10
        180: 9
        181: 14
        182: 15
        183: 16
        184: 17
        185: 18
        186: 8
        187: 7
        188: 8
        189: 13
        190: 7
        191: 13
        192: 20
        193: 10
        194: 19
        195: 12
        196: 18
        197: 18
        198: 8
        199: 17
        200: 8
        201: 8
        202: 8
        203: 8
        204: 8
        205: 16
        206: 9
        207: 11
        208: 15
        209: 13
        210: 9
        211: 14
        212: 9
        213: 10
        214: 14
        215: 19
        216: 9
        217: 9
        218: 20
        219: 9
        220: 12
        221: 17
        222: 13
        223: 16
        224: 14
        225: 9
        226: 15
        227: 9
        228: 15
        229: 18
        230: 10
        231: 10
        232: 19
        233: 11
        234: 20
        235: 10
        236: 10
        237: 10
        238: 10
        239: 10
        240: 10
        241: 12
        242: 13
        243: 10
        244: 14
        245: 11
        246: 14
        247: 18
        248: 11
        249: 17
        250: 19
        251: 16
        252: 20
        253: 16
        254: 15
        255: 11
        256: 11
        257: 12
        258: 11
        259: 12
        260: 21
        261: 13
        262: 20
        263: 11
        264: 11
        265: 11
        266: 18
        267: 19
        268: 15
        269: 12
        270: 14
        271: 12
        272: 15
        273: 16
        274: 18
        275: 16
        276: 17
        277: 12
        278: 20
        279: 13
        280: 12
        281: 21
        282: 12
        283: 12
        284: 13
        285: 12
        286: 12
        287: 17
        288: 16
        289: 17
        290: 16
        291: 18
        292: 15
        293: 14
        294: 19
        295: 13
        296: 13
        297: 20
        298: 13
        299: 13
        300: 21
        301: 13
        302: 13
        303: 14
        304: 18
        305: 22
        306: 18
        307: 13
        308: 13
        309: 17
        310: 13
        311: 15
        312: 13
        313: 16
        314: 14
        315: 20
        316: 21
        317: 14
        318: 19
        319: 20
        320: 14
        321: 14
        322: 14
        323: 19
        324: 14
        325: 14
        326: 18
        327: 14
        328: 22
        329: 15
        330: 17
        331: 16
        332: 15
        333: 14
        334: 15
        335: 14
        336: 15
        337: 15
        338: 15
        339: 15
        340: 15
        341: 22
        342: 15
        343: 15
        344: 15
        345: 21
        346: 17
        347: 21
        348: 18
        349: 16
        350: 19
        351: 20
        352: 20
        353: 16
        354: 15
        355: 17
        356: 16
        357: 15
        358: 16
        359: 22
        360: 16
        361: 23
        362: 16
        363: 18
        364: 19
        365: 22
        366: 16
        367: 17
        368: 20
        369: 21
        370: 16
        371: 16
        372: 16
        373: 16
        374: 16
        375: 17
        376: 17
        377: 21
        378: 21
        379: 22
        380: 23
        381: 23
      2:
        0: 21
        1: 20
        2: 19
        3: 18
        4: 17
        5: 16
        6: 15
        7: 14
        8: 13
        9: 12
        10: 11
        11: 10
        12: 9
        13: 8
        14: 7
        15: 6
        16: 5
        17: 4
        18: 3
        19: 2
        20: 1
        21: 0
        22: 2
        23: 4
        24: 10
        25: 9
        26: 11
        27: 5
        28: 1
        29: 20
        30: 19
        31: 16
        32: 15
        33: 7
        34: 6
        35: 17
        36: 8
        37: 18
        38: 1
        39: 21
        40: 14
        41: 20
        42: 4
        43: 11
        44: 3
        45: 19
        46: 13
        47: 12
        48: 2
        49: 10
        50: 9
        51: 6
        52: 5
        53: 7
        54: 19
        55: 15
        56: 8
        57: 2
        58: 16
        59: 10
        60: 2
        61: 3
        62: 17
        63: 14
        64: 4
        65: 13
        66: 18
        67: 21
        68: 12
        69: 20
        70: 11
        71: 5
        72: 9
        73: 3
        74: 6
        75: 7
        76: 3
        77: 21
        78: 20
        79: 19
        80: 14
        81: 18
        82: 13
        83: 17
        84: 5
        85: 11
        86: 6
        87: 10
        88: 9
        89: 7
        90: 8
        91: 15
        92: 9
        93: 13
        94: 16
        95: 12
        96: 5
        97: 4
        98: 19
        99: 15
        100: 14
        101: 17
        102: 4
        103: 21
        104: 18
        105: 20
        106: 11
        107: 4
        108: 10
        109: 5
        110: 10
        111: 6
        112: 9
        113: 6
        114: 7
        115: 9
        116: 16
        117: 16
        118: 17
        119: 15
        120: 14
        121: 7
        122: 18
        123: 8
        124: 13
        125: 5
        126: 19
        127: 12
        128: 20
        129: 11
        130: 5
        131: 11
        132: 8
        133: 7
        134: 6
        135: 17
        136: 10
        137: 16
        138: 18
        139: 10
        140: 6
        141: 12
        142: 9
        143: 6
        144: 14
        145: 13
        146: 11
        147: 15
        148: 12
        149: 6
        150: 18
        151: 9
        152: 7
        153: 20
        154: 19
        155: 8
        156: 17
        157: 19
        158: 19
        159: 17
        160: 16
        161: 11
        162: 10
        163: 13
        164: 7
        165: 14
        166: 7
        167: 7
        168: 15
        169: 10
        170: 20
        171: 7
        172: 19
        173: 18
        174: 20
        175: 20
        176: 12
        177: 13
        178: 11
        179: 14
        180: 15
        181: 10
        182: 9
        183: 8
        184: 8
        185: 8
        186: 16
        187: 21
        188: 17
        189: 11
        190: 21
        191: 12
        192: 8
        193: 14
        194: 8
        195: 12
        196: 9
        197: 9
        198: 18
        199: 9
        200: 20
        201: 19
        202: 22
        203: 21
        204: 17
        205: 9
        206: 15
        207: 13
        208: 10
        209: 12
        210: 16
        211: 11
        212: 17
        213: 14
        214: 12
        215: 9
        216: 18
        217: 19
        218: 9
        219: 20
        220: 13
        221: 10
        222: 13
        223: 10
        224: 12
        225: 21
        226: 11
        227: 22
        228: 12
        229: 10
        230: 17
        231: 16
        232: 10
        233: 14
        234: 10
        235: 17
        236: 15
        237: 18
        238: 19
        239: 20
        240: 21
        241: 14
        242: 14
        243: 22
        244: 14
        245: 16
        246: 13
        247: 11
        248: 17
        249: 11
        250: 11
        251: 11
        252: 11
        253: 12
        254: 13
        255: 18
        256: 19
        257: 15
        258: 16
        259: 17
        260: 11
        261: 15
        262: 11
        263: 22
        264: 21
        265: 20
        266: 12
        267: 12
        268: 14
        269: 19
        270: 15
        271: 18
        272: 15
        273: 12
        274: 12
        275: 13
        276: 12
        277: 18
        278: 12
        279: 16
        280: 17
        281: 12
        282: 16
        283: 20
        284: 19
        285: 22
        286: 21
        287: 13
        288: 14
        289: 13
        290: 15
        291: 13
        292: 15
        293: 16
        294: 13
        295: 17
        296: 17
        297: 13
        298: 18
        299: 18
        300: 13
        301: 19
        302: 19
        303: 20
        304: 14
        305: 13
        306: 14
        307: 20
        308: 21
        309: 14
        310: 21
        311: 16
        312: 22
        313: 15
        314: 17
        315: 14
        316: 14
        317: 21
        318: 14
        319: 14
        320: 18
        321: 18
        322: 19
        323: 15
        324: 19
        325: 20
        326: 15
        327: 19
        328: 14
        329: 21
        330: 15
        331: 16
        332: 18
        333: 22
        334: 17
        335: 23
        336: 19
        337: 22
        338: 20
        339: 21
        340: 19
        341: 15
        342: 20
        343: 20
        344: 20
        345: 15
        346: 16
        347: 15
        348: 16
        349: 20
        350: 15
        351: 15
        352: 15
        353: 19
        354: 24
        355: 17
        356: 18
        357: 23
        358: 22
        359: 16
        360: 21
        361: 16
        362: 21
        363: 17
        364: 16
        365: 16
        366: 20
        367: 21
        368: 16
        369: 16
        370: 21
        371: 25
        372: 21
        373: 24
        374: 23
        375: 22
        376: 22
        377: 16
        378: 16
        379: 17
        380: 17
        381: 17
      3:
        0: 17
        1: 18
        2: 18
        3: 17
        4: 17
        5: 17
        6: 17
        7: 17
        8: 17
        9: 18
        10: 19
        11: 19
        12: 20
        13: 19
        14: 19
        15: 20
        16: 20
        17: 21
        18: 22
        19: 23
        20: 24
        21: 25
        22: 23
        23: 21
        24: 18
        25: 19
        26: 18
        27: 20
        28: 24
        29: 17
        30: 17
        31: 16
        32: 16
        33: 18
        34: 19
        35: 16
        36: 18
        37: 16
        38: 24
        39: 16
        40: 16
        41: 16
        42: 21
        43: 17
        44: 22
        45: 16
        46: 17
        47: 17
        48: 23
        49: 18
        50: 18
        51: 19
        52: 20
        53: 18
        54: 15
        55: 15
        56: 17
        57: 23
        58: 15
        59: 17
        60: 23
        61: 22
        62: 15
        63: 16
        64: 21
        65: 16
        66: 15
        67: 15
        68: 16
        69: 15
        70: 17
        71: 20
        72: 17
        73: 22
        74: 19
        75: 18
        76: 22
        77: 14
        78: 14
        79: 14
        80: 15
        81: 14
        82: 15
        83: 14
        84: 20
        85: 16
        86: 19
        87: 16
        88: 16
        89: 18
        90: 17
        91: 14
        92: 17
        93: 15
        94: 14
        95: 15
        96: 21
        97: 22
        98: 13
        99: 14
        100: 14
        101: 13
        102: 21
        103: 13
        104: 13
        105: 13
        106: 15
        107: 21
        108: 15
        109: 21
        110: 15
        111: 20
        112: 16
        113: 19
        114: 18
        115: 16
        116: 13
        117: 13
        118: 13
        119: 13
        120: 14
        121: 19
        122: 12
        123: 17
        124: 14
        125: 20
        126: 12
        127: 14
        128: 12
        129: 14
        130: 21
        131: 14
        132: 18
        133: 19
        134: 20
        135: 12
        136: 15
        137: 12
        138: 11
        139: 15
        140: 21
        141: 13
        142: 16
        143: 20
        144: 13
        145: 14
        146: 14
        147: 13
        148: 14
        149: 19
        150: 11
        151: 17
        152: 19
        153: 11
        154: 11
        155: 18
        156: 11
        157: 10
        158: 11
        159: 11
        160: 12
        161: 15
        162: 15
        163: 13
        164: 20
        165: 12
        166: 20
        167: 18
        168: 12
        169: 16
        170: 10
        171: 19
        172: 10
        173: 10
        174: 10
        175: 9
        176: 13
        177: 12
        178: 14
        179: 12
        180: 11
        181: 15
        182: 16
        183: 17
        184: 18
        185: 19
        186: 11
        187: 9
        188: 11
        189: 14
        190: 9
        191: 14
        192: 21
        193: 11
        194: 20
        195: 13
        196: 19
        197: 18
        198: 9
        199: 18
        200: 8
        201: 9
        202: 8
        203: 8
        204: 10
        205: 17
        206: 10
        207: 12
        208: 16
        209: 13
        210: 10
        211: 15
        212: 10
        213: 11
        214: 14
        215: 19
        216: 9
        217: 8
        218: 20
        219: 7
        220: 12
        221: 17
        222: 13
        223: 16
        224: 14
        225: 7
        226: 15
        227: 7
        228: 14
        229: 18
        230: 9
        231: 9
        232: 18
        233: 11
        234: 19
        235: 9
        236: 10
        237: 8
        238: 7
        239: 6
        240: 6
        241: 11
        242: 12
        243: 6
        244: 12
        245: 9
        246: 13
        247: 17
        248: 8
        249: 16
        250: 17
        251: 15
        252: 18
        253: 14
        254: 13
        255: 8
        256: 7
        257: 10
        258: 9
        259: 9
        260: 19
        261: 11
        262: 18
        263: 5
        264: 5
        265: 6
        266: 16
        267: 17
        268: 12
        269: 7
        270: 11
        271: 7
        272: 12
        273: 14
        274: 16
        275: 13
        276: 15
        277: 8
        278: 18
        279: 10
        280: 8
        281: 19
        282: 9
        283: 5
        284: 6
        285: 4
        286: 4
        287: 14
        288: 13
        289: 15
        290: 12
        291: 15
        292: 11
        293: 10
        294: 16
        295: 9
        296: 8
        297: 17
        298: 7
        299: 7
        300: 18
        301: 7
        302: 6
        303: 5
        304: 14
        305: 19
        306: 13
        307: 5
        308: 5
        309: 13
        310: 4
        311: 11
        312: 3
        313: 12
        314: 10
        315: 17
        316: 18
        317: 4
        318: 15
        319: 16
        320: 8
        321: 9
        322: 7
        323: 14
        324: 6
        325: 6
        326: 13
        327: 6
        328: 19
        329: 5
        330: 12
        331: 11
        332: 9
        333: 3
        334: 10
        335: 2
        336: 8
        337: 4
        338: 5
        339: 4
        340: 8
        341: 18
        342: 5
        343: 6
        344: 7
        345: 17
        346: 12
        347: 17
        348: 13
        349: 7
        350: 14
        351: 16
        352: 15
        353: 9
        354: 1
        355: 11
        356: 10
        357: 2
        358: 3
        359: 18
        360: 6
        361: 19
        362: 4
        363: 12
        364: 13
        365: 18
        366: 8
        367: 7
        368: 14
        369: 17
        370: 5
        371: 0
        372: 4
        373: 1
        374: 2
        375: 3
        376: 6
        377: 16
        378: 15
        379: 17
        380: 19
        381: 18
      4:
        0: 22
        1: 22
        2: 21
        3: 20
        4: 20
        5: 19
        6: 19
        7: 18
        8: 17
        9: 16
        10: 16
        11: 16
        12: 15
        13: 14
        14: 14
        15: 15
        16: 15
        17: 15
        18: 16
        19: 17
        20: 17
        21: 16
        22: 16
        23: 15
        24: 15
        25: 14
        26: 15
        27: 14
        28: 16
        29: 22
        30: 21
        31: 19
        32: 18
        33: 13
        34: 14
        35: 19
        36: 13
        37: 20
        38: 15
        39: 21
        40: 17
        41: 21
        42: 15
        43: 14
        44: 15
        45: 21
        46: 16
        47: 15
        48: 15
        49: 14
        50: 13
        51: 13
        52: 14
        53: 13
        54: 20
        55: 18
        56: 12
        57: 14
        58: 18
        59: 13
        60: 14
        61: 14
        62: 19
        63: 17
        64: 14
        65: 16
        66: 20
        67: 20
        68: 15
        69: 20
        70: 14
        71: 13
        72: 13
        73: 13
        74: 12
        75: 12
        76: 13
        77: 20
        78: 19
        79: 19
        80: 17
        81: 19
        82: 16
        83: 19
        84: 13
        85: 14
        86: 12
        87: 13
        88: 12
        89: 11
        90: 11
        91: 17
        92: 12
        93: 15
        94: 18
        95: 14
        96: 13
        97: 13
        98: 18
        99: 16
        100: 16
        101: 18
        102: 12
        103: 20
        104: 18
        105: 19
        106: 14
        107: 12
        108: 13
        109: 12
        110: 12
        111: 12
        112: 11
        113: 12
        114: 11
        115: 11
        116: 17
        117: 16
        118: 17
        119: 15
        120: 15
        121: 11
        122: 17
        123: 10
        124: 14
        125: 11
        126: 18
        127: 13
        128: 19
        129: 13
        130: 11
        131: 12
        132: 10
        133: 11
        134: 11
        135: 16
        136: 11
        137: 15
        138: 17
        139: 10
        140: 10
        141: 12
        142: 10
        143: 10
        144: 14
        145: 13
        146: 11
        147: 14
        148: 12
        149: 10
        150: 16
        151: 9
        152: 10
        153: 19
        154: 18
        155: 9
        156: 16
        157: 17
        158: 17
        159: 15
        160: 14
        161: 10
        162: 9
        163: 13
        164: 9
        165: 13
        166: 10
        167: 9
        168: 13
        169: 9
        170: 19
        171: 9
        172: 16
        173: 15
        174: 18
        175: 17
        176: 11
        177: 11
        178: 10
        179: 12
        180: 12
        181: 8
        182: 8
        183: 8
        184: 8
        185: 9
        186: 13
        187: 19
        188: 14
        189: 9
        190: 18
        191: 10
        192: 9
        193: 11
        194: 8
        195: 10
        196: 8
        197: 7
        198: 15
        199: 7
        200: 17
        201: 16
        202: 19
        203: 18
        204: 14
        205: 7
        206: 12
        207: 10
        208: 7
        209: 9
        210: 13
        211: 8
        212: 14
        213: 11
        214: 9
        215: 7
        216: 15
        217: 16
        218: 8
        219: 17
        220: 9
        221: 6
        222: 8
        223: 6
        224: 8
        225: 17
        226: 7
        227: 18
        228: 7
        229: 6
        230: 14
        231: 12
        232: 6
        233: 10
        234: 7
        235: 13
        236: 11
        237: 15
        238: 16
        239: 16
        240: 17
        241: 9
        242: 8
        243: 18
        244: 7
        245: 12
        246: 7
        247: 5
        248: 13
        249: 5
        250: 5
        251: 6
        252: 6
        253: 6
        254: 6
        255: 14
        256: 15
        257: 10
        258: 11
        259: 12
        260: 7
        261: 9
        262: 6
        263: 17
        264: 16
        265: 15
        266: 4
        267: 5
        268: 6
        269: 14
        270: 8
        271: 13
        272: 7
        273: 5
        274: 4
        275: 5
        276: 5
        277: 12
        278: 6
        279: 9
        280: 11
        281: 6
        282: 10
        283: 15
        284: 14
        285: 17
        286: 16
        287: 4
        288: 5
        289: 4
        290: 6
        291: 3
        292: 7
        293: 8
        294: 4
        295: 9
        296: 10
        297: 5
        298: 11
        299: 12
        300: 5
        301: 13
        302: 14
        303: 14
        304: 3
        305: 5
        306: 4
        307: 15
        308: 15
        309: 5
        310: 15
        311: 7
        312: 16
        313: 6
        314: 8
        315: 4
        316: 4
        317: 14
        318: 2
        319: 3
        320: 9
        321: 8
        322: 10
        323: 3
        324: 12
        325: 13
        326: 4
        327: 11
        328: 5
        329: 13
        330: 5
        331: 6
        332: 7
        333: 15
        334: 7
        335: 16
        336: 9
        337: 14
        338: 12
        339: 13
        340: 8
        341: 4
        342: 11
        343: 11
        344: 10
        345: 3
        346: 5
        347: 2
        348: 4
        349: 9
        350: 3
        351: 1
        352: 2
        353: 7
        354: 16
        355: 5
        356: 6
        357: 15
        358: 14
        359: 3
        360: 10
        361: 4
        362: 13
        363: 4
        364: 3
        365: 2
        366: 8
        367: 9
        368: 2
        369: 1
        370: 11
        371: 16
        372: 12
        373: 15
        374: 14
        375: 13
        376: 10
        377: 0
        378: 1
        379: 1
        380: 3
        381: 2
    city:
      seed: 3
      preset: 'river'
      tw: 800
      th: 800
      profile: 'riverside-v1'
    engineer:
      x: 421.5
      y: 638.5
      block: 356
      hp: 100
      lastHit: -999
      down: -1
      inv:
      reach: 8
      truck: false
      truckFound: false
      dest: -1
      remaining: 0
      vel:
        0: 0
        1: 0
      target: ~
      firing: -1
      barrels: 1
      cooldown: 0
      walked: 0
      walkedHour:
      fired: 0
      firstShot: -1
      hurt: 0
      downs: 0
      kills: 0
      stamina: 1
      sprint: false
      dash: 0
      dashDir:
        0: 1
        1: 0
      dashCooldown: 0
      face:
        0: 1
        1: 0
      aim: ~
      shots:
      iframes: 0
      shootS: 0
      shootHour:
      shotAt: -1
      danger: 0
      dangerHour:
      dangerShot: 0
    ring:
    edgeAt:
      0: -1
      1: -1
      2: -1
      3: -1
      4: -1
      5: -1
      6: -1
      7: -1
      8: -1
      9: -1
      10: -1
      11: -1
      12: -1
      13: -1
      14: -1
      15: -1
      16: -1
      17: -1
      18: -1
      19: -1
      20: -1
      21: -1
      22: -1
      23: -1
      24: -1
      25: -1
      26: -1
      27: -1
      28: -1
      29: -1
      30: -1
      31: -1
      32: -1
      33: -1
      34: -1
      35: -1
      36: -1
      37: -1
      38: -1
      39: -1
      40: -1
      41: -1
      42: -1
      43: -1
      44: -1
      45: -1
      46: -1
      47: -1
      48: -1
      49: -1
      50: -1
      51: -1
      52: -1
      53: -1
      54: -1
      55: -1
      56: -1
      57: -1
      58: -1
      59: -1
      60: -1
      61: -1
      62: -1
      63: -1
      64: -1
      65: -1
      66: -1
      67: -1
      68: -1
      69: -1
      70: -1
      71: -1
      72: -1
      73: -1
      74: -1
      75: -1
      76: -1
      77: -1
      78: -1
      79: -1
      80: -1
      81: -1
      82: -1
      83: -1
      84: -1
      85: -1
      86: -1
      87: -1
      88: -1
      89: -1
      90: -1
      91: -1
      92: -1
      93: -1
      94: -1
      95: -1
      96: -1
      97: -1
      98: -1
      99: -1
      100: -1
      101: -1
      102: -1
      103: -1
      104: -1
      105: -1
      106: -1
      107: -1
      108: -1
      109: -1
      110: -1
      111: -1
      112: -1
      113: -1
      114: -1
      115: -1
      116: -1
      117: -1
      118: -1
      119: -1
      120: -1
      121: -1
      122: -1
      123: -1
      124: -1
      125: -1
      126: -1
      127: -1
      128: -1
      129: -1
      130: -1
      131: -1
      132: -1
      133: -1
      134: -1
      135: -1
      136: -1
      137: -1
      138: -1
      139: -1
      140: -1
      141: -1
      142: -1
      143: -1
      144: -1
      145: -1
      146: -1
      147: -1
      148: -1
      149: -1
      150: -1
      151: -1
      152: -1
      153: -1
      154: -1
      155: -1
      156: -1
      157: -1
      158: -1
      159: -1
      160: -1
      161: -1
      162: -1
      163: -1
      164: -1
      165: -1
      166: -1
      167: -1
      168: -1
      169: -1
      170: -1
      171: -1
      172: -1
      173: -1
      174: -1
      175: -1
      176: -1
      177: -1
      178: -1
      179: -1
      180: -1
      181: -1
      182: -1
      183: -1
      184: -1
      185: -1
      186: -1
      187: -1
      188: -1
      189: -1
      190: -1
      191: -1
      192: -1
      193: -1
      194: -1
      195: -1
      196: -1
      197: -1
      198: -1
      199: -1
      200: -1
      201: -1
      202: -1
      203: -1
      204: -1
      205: -1
      206: -1
      207: -1
      208: -1
      209: -1
      210: -1
      211: -1
      212: -1
      213: -1
      214: -1
      215: -1
      216: -1
      217: -1
      218: -1
      219: -1
      220: -1
      221: -1
      222: -1
      223: -1
      224: -1
      225: -1
      226: -1
      227: -1
      228: -1
      229: -1
      230: -1
      231: -1
      232: -1
      233: -1
      234: -1
      235: -1
      236: -1
      237: -1
      238: -1
      239: -1
      240: -1
      241: -1
      242: -1
      243: -1
      244: -1
      245: -1
      246: -1
      247: -1
      248: -1
      249: -1
      250: -1
      251: -1
      252: -1
      253: -1
      254: -1
      255: -1
      256: -1
      257: -1
      258: -1
      259: -1
      260: -1
      261: -1
      262: -1
      263: -1
      264: -1
      265: -1
      266: -1
      267: -1
      268: -1
      269: -1
      270: -1
      271: -1
      272: -1
      273: -1
      274: -1
      275: -1
      276: -1
      277: -1
      278: -1
      279: -1
      280: -1
      281: -1
      282: -1
      283: -1
      284: -1
      285: -1
      286: -1
      287: -1
      288: -1
      289: -1
      290: -1
      291: -1
      292: -1
      293: -1
      294: -1
      295: -1
      296: -1
      297: -1
      298: -1
      299: -1
      300: -1
      301: -1
      302: -1
      303: -1
      304: -1
      305: -1
      306: -1
      307: -1
      308: -1
      309: -1
      310: -1
      311: -1
      312: -1
      313: -1
      314: -1
      315: -1
      316: -1
      317: -1
      318: -1
      319: -1
      320: -1
      321: -1
      322: -1
      323: -1
      324: -1
      325: -1
      326: -1
      327: -1
      328: -1
      329: -1
      330: -1
      331: -1
      332: -1
      333: -1
      334: -1
      335: -1
      336: -1
      337: -1
      338: -1
      339: -1
      340: -1
      341: -1
      342: -1
      343: -1
      344: -1
      345: -1
      346: -1
      347: -1
      348: -1
      349: -1
      350: -1
      351: -1
      352: -1
      353: -1
      354: -1
      355: -1
      356: -1
      357: -1
      358: -1
      359: -1
      360: -1
      361: -1
      362: -1
      363: -1
      364: -1
      365: -1
      366: -1
      367: -1
      368: -1
      369: -1
      370: -1
      371: -1
      372: -1
      373: -1
      374: -1
      375: -1
      376: -1
      377: -1
      378: -1
      379: -1
      380: -1
      381: -1
      382: -1
      383: -1
      384: -1
      385: -1
      386: -1
      387: -1
      388: -1
      389: -1
      390: -1
      391: -1
      392: -1
      393: -1
      394: -1
      395: -1
      396: -1
      397: -1
      398: -1
      399: -1
      400: -1
      401: -1
      402: -1
      403: -1
      404: -1
      405: -1
      406: -1
      407: -1
      408: -1
      409: -1
      410: -1
      411: -1
      412: -1
      413: -1
      414: -1
      415: -1
      416: -1
      417: -1
      418: -1
      419: -1
      420: -1
      421: -1
      422: -1
      423: -1
      424: -1
      425: -1
      426: -1
      427: -1
      428: -1
      429: -1
      430: -1
      431: -1
      432: -1
      433: -1
      434: -1
      435: -1
      436: -1
      437: -1
      438: -1
      439: -1
      440: -1
      441: -1
      442: -1
      443: -1
      444: -1
      445: -1
      446: -1
      447: -1
      448: -1
      449: -1
      450: -1
      451: -1
      452: -1
      453: -1
      454: -1
      455: -1
      456: -1
      457: -1
      458: -1
      459: -1
      460: -1
      461: -1
      462: -1
      463: -1
      464: -1
      465: -1
      466: -1
      467: -1
      468: -1
      469: -1
      470: -1
      471: -1
      472: -1
      473: -1
      474: -1
      475: -1
      476: -1
      477: -1
      478: -1
      479: -1
      480: -1
      481: -1
      482: -1
      483: -1
      484: -1
      485: -1
      486: -1
      487: -1
      488: -1
      489: -1
      490: -1
      491: -1
      492: -1
      493: -1
      494: -1
      495: -1
      496: -1
      497: -1
      498: -1
      499: -1
      500: -1
      501: -1
      502: -1
      503: -1
      504: -1
      505: -1
      506: -1
      507: -1
      508: -1
      509: -1
      510: -1
      511: -1
      512: -1
      513: -1
      514: -1
      515: -1
      516: -1
      517: -1
      518: -1
      519: -1
      520: -1
      521: -1
      522: -1
      523: -1
      524: -1
      525: -1
      526: -1
      527: -1
      528: -1
      529: -1
      530: -1
      531: -1
      532: -1
      533: -1
      534: -1
      535: -1
      536: -1
      537: -1
      538: -1
      539: -1
      540: -1
      541: -1
      542: -1
      543: -1
      544: -1
      545: -1
      546: -1
      547: -1
      548: -1
      549: -1
      550: -1
      551: -1
      552: -1
      553: -1
      554: -1
      555: -1
      556: -1
      557: -1
      558: -1
      559: -1
      560: -1
      561: -1
      562: -1
      563: -1
      564: -1
      565: -1
      566: -1
      567: -1
      568: -1
      569: -1
      570: -1
      571: -1
      572: -1
      573: -1
      574: -1
      575: -1
      576: -1
      577: -1
      578: -1
      579: -1
      580: -1
      581: -1
      582: -1
      583: -1
      584: -1
      585: -1
      586: -1
      587: -1
      588: -1
      589: -1
      590: -1
      591: -1
      592: -1
      593: -1
      594: -1
      595: -1
      596: -1
      597: -1
      598: -1
      599: -1
      600: -1
      601: -1
      602: -1
      603: -1
      604: -1
      605: -1
      606: -1
      607: -1
      608: -1
      609: -1
      610: -1
      611: -1
      612: -1
      613: -1
      614: -1
      615: -1
      616: -1
      617: -1
      618: -1
      619: -1
      620: -1
      621: -1
      622: -1
      623: -1
      624: -1
      625: -1
      626: -1
      627: -1
      628: -1
      629: -1
      630: -1
      631: -1
      632: -1
      633: -1
      634: -1
      635: -1
      636: -1
      637: -1
      638: -1
      639: -1
      640: -1
      641: -1
      642: -1
      643: -1
      644: -1
      645: -1
      646: -1
      647: -1
      648: -1
      649: -1
      650: -1
      651: -1
      652: -1
      653: -1
      654: -1
      655: -1
      656: -1
      657: -1
      658: -1
      659: -1
      660: -1
      661: -1
      662: -1
      663: -1
      664: -1
      665: -1
      666: -1
      667: -1
      668: -1
      669: -1
      670: -1
      671: -1
      672: -1
      673: -1
      674: -1
      675: -1
      676: -1
      677: -1
      678: -1
      679: -1
      680: -1
      681: -1
      682: -1
      683: -1
      684: -1
      685: -1
      686: -1
      687: -1
      688: -1
      689: -1
      690: -1
      691: -1
      692: -1
      693: -1
      694: -1
      695: -1
      696: -1
      697: -1
      698: -1
      699: -1
      700: -1
      701: -1
      702: -1
      703: -1
      704: -1
      705: -1
      706: -1
      707: -1
      708: -1
      709: -1
      710: -1
      711: -1
      712: -1
      713: -1
      714: -1
      715: -1
      716: -1
      717: -1
      718: -1
      719: -1
      720: -1
      721: -1
      722: -1
      723: -1
      724: -1
      725: -1
      726: -1
      727: -1
      728: -1
      729: -1
      730: -1
      731: -1
      732: -1
      733: -1
      734: -1
      735: -1
      736: -1
      737: -1
      738: -1
      739: -1
      740: -1
      741: -1
      742: -1
      743: -1
      744: -1
      745: -1
      746: -1
      747: -1
      748: -1
      749: -1
      750: -1
      751: -1
      752: -1
      753: -1
      754: -1
      755: -1
      756: -1
      757: -1
      758: -1
      759: -1
      760: -1
      761: -1
      762: -1
      763: -1
      764: -1
      765: -1
      766: -1
      767: -1
      768: -1
      769: -1
      770: -1
      771: -1
      772: -1
      773: -1
      774: -1
      775: -1
      776: -1
      777: -1
      778: -1
      779: -1
      780: -1
      781: -1
      782: -1
      783: -1
      784: -1
      785: -1
      786: -1
      787: -1
      788: -1
      789: -1
      790: -1
      791: -1
      792: -1
      793: -1
      794: -1
      795: -1
      796: -1
      797: -1
      798: -1
      799: -1
      800: -1
      801: -1
      802: -1
      803: -1
      804: -1
      805: -1
      806: -1
      807: -1
      808: -1
      809: -1
      810: -1
      811: -1
      812: -1
      813: -1
      814: -1
      815: -1
      816: -1
      817: -1
      818: -1
      819: -1
      820: -1
      821: -1
      822: -1
      823: -1
      824: -1
      825: -1
      826: -1
      827: -1
      828: -1
      829: -1
      830: -1
      831: -1
      832: -1
      833: -1
      834: -1
      835: -1
      836: -1
      837: -1
      838: -1
      839: -1
      840: -1
      841: -1
      842: -1
      843: -1
      844: -1
      845: -1
      846: -1
      847: -1
      848: -1
      849: -1
      850: -1
      851: -1
      852: -1
      853: -1
      854: -1
      855: -1
      856: -1
      857: -1
      858: -1
      859: -1
      860: -1
      861: -1
      862: -1
      863: -1
      864: -1
      865: -1
      866: -1
      867: -1
      868: -1
      869: -1
      870: -1
      871: -1
      872: -1
      873: -1
      874: -1
      875: -1
      876: -1
      877: -1
      878: -1
      879: -1
      880: -1
      881: -1
      882: -1
      883: -1
      884: -1
      885: -1
      886: -1
      887: -1
      888: -1
      889: -1
      890: -1
      891: -1
      892: -1
      893: -1
      894: -1
      895: -1
      896: -1
      897: -1
      898: -1
      899: -1
      900: -1
      901: -1
      902: -1
      903: -1
      904: -1
      905: -1
      906: -1
      907: -1
      908: -1
      909: -1
      910: -1
      911: -1
      912: -1
      913: -1
      914: -1
      915: -1
      916: -1
      917: -1
      918: -1
      919: -1
      920: -1
      921: -1
      922: -1
      923: -1
      924: -1
      925: -1
      926: -1
      927: -1
      928: -1
      929: -1
      930: -1
      931: -1
      932: -1
      933: -1
      934: -1
      935: -1
      936: -1
      937: -1
      938: -1
      939: -1
      940: -1
      941: -1
      942: -1
      943: -1
      944: -1
      945: -1
      946: -1
      947: -1
      948: -1
      949: -1
      950: -1
      951: -1
      952: -1
      953: -1
      954: -1
      955: -1
      956: -1
      957: -1
      958: -1
      959: -1
      960: -1
      961: -1
      962: -1
      963: -1
      964: -1
      965: -1
      966: -1
      967: -1
      968: -1
      969: -1
      970: -1
      971: -1
      972: -1
      973: -1
      974: -1
      975: -1
      976: -1
      977: -1
      978: -1
      979: -1
      980: -1
      981: -1
      982: -1
      983: -1
      984: -1
      985: -1
      986: -1
      987: -1
      988: -1
      989: -1
      990: -1
      991: -1
      992: -1
      993: -1
      994: -1
      995: -1
      996: -1
      997: -1
      998: -1
      999: -1
      1000: -1
      1001: -1
      1002: -1
      1003: -1
      1004: -1
      1005: -1
      1006: -1
      1007: -1
      1008: -1
      1009: -1
      1010: -1
      1011: -1
      1012: -1
      1013: -1
      1014: -1
      1015: -1
      1016: -1
      1017: -1
      1018: -1
      1019: -1
      1020: -1
      1021: -1
      1022: -1
      1023: -1
      1024: -1
      1025: -1
      1026: -1
      1027: -1
      1028: -1
      1029: -1
      1030: -1
      1031: -1
      1032: -1
      1033: -1
      1034: -1
      1035: -1
      1036: -1
      1037: -1
      1038: -1
      1039: -1
      1040: -1
      1041: -1
      1042: -1
      1043: -1
      1044: -1
      1045: -1
      1046: -1
      1047: -1
      1048: -1
      1049: -1
      1050: -1
      1051: -1
      1052: -1
      1053: -1
      1054: -1
      1055: -1
      1056: -1
      1057: -1
      1058: -1
      1059: -1
      1060: -1
      1061: -1
      1062: -1
      1063: -1
      1064: -1
      1065: -1
      1066: -1
      1067: -1
      1068: -1
      1069: -1
      1070: -1
      1071: -1
      1072: -1
      1073: -1
      1074: -1
      1075: -1
      1076: -1
      1077: -1
      1078: -1
      1079: -1
      1080: -1
      1081: -1
      1082: -1
      1083: -1
      1084: -1
      1085: -1
      1086: -1
      1087: -1
      1088: -1
      1089: -1
      1090: -1
      1091: -1
      1092: -1
      1093: -1
      1094: -1
      1095: -1
      1096: -1
      1097: -1
      1098: -1
      1099: -1
      1100: -1
      1101: -1
      1102: -1
      1103: -1
      1104: -1
      1105: -1
      1106: -1
      1107: -1
      1108: -1
      1109: -1
      1110: -1
      1111: -1
      1112: -1
      1113: -1
      1114: -1
      1115: -1
      1116: -1
      1117: -1
      1118: -1
      1119: -1
      1120: -1
      1121: -1
      1122: -1
      1123: -1
      1124: -1
      1125: -1
      1126: -1
      1127: -1
      1128: -1
      1129: -1
      1130: -1
      1131: -1
      1132: -1
      1133: -1
      1134: -1
      1135: -1
      1136: -1
      1137: -1
      1138: -1
      1139: -1
      1140: -1
      1141: -1
      1142: -1
      1143: -1
      1144: -1
      1145: -1
      1146: -1
      1147: -1
      1148: -1
      1149: -1
      1150: -1
      1151: -1
      1152: -1
      1153: -1
      1154: -1
      1155: -1
      1156: -1
      1157: -1
      1158: -1
      1159: -1
      1160: -1
      1161: -1
      1162: -1
      1163: -1
      1164: -1
      1165: -1
      1166: -1
      1167: -1
      1168: -1
      1169: -1
      1170: -1
      1171: -1
      1172: -1
      1173: -1
      1174: -1
      1175: -1
      1176: -1
      1177: -1
      1178: -1
      1179: -1
      1180: -1
      1181: -1
      1182: -1
      1183: -1
      1184: -1
      1185: -1
      1186: -1
      1187: -1
      1188: -1
      1189: -1
      1190: -1
      1191: -1
      1192: -1
      1193: -1
      1194: -1
      1195: -1
      1196: -1
      1197: -1
      1198: -1
      1199: -1
      1200: -1
      1201: -1
      1202: -1
      1203: -1
      1204: -1
      1205: -1
      1206: -1
      1207: -1
      1208: -1
      1209: -1
      1210: -1
      1211: -1
      1212: -1
      1213: -1
      1214: -1
      1215: -1
      1216: -1
      1217: -1
      1218: -1
      1219: -1
      1220: -1
      1221: -1
      1222: -1
      1223: -1
      1224: -1
      1225: -1
      1226: -1
      1227: -1
      1228: -1
      1229: -1
      1230: -1
      1231: -1
      1232: -1
      1233: -1
      1234: -1
      1235: -1
      1236: -1
      1237: -1
      1238: -1
      1239: -1
      1240: -1
      1241: -1
      1242: -1
      1243: -1
      1244: -1
      1245: -1
      1246: -1
      1247: -1
      1248: -1
      1249: -1
      1250: -1
      1251: -1
      1252: -1
      1253: -1
      1254: -1
      1255: -1
      1256: -1
      1257: -1
      1258: -1
      1259: -1
      1260: -1
      1261: -1
      1262: -1
      1263: -1
      1264: -1
      1265: -1
      1266: -1
      1267: -1
      1268: -1
      1269: -1
      1270: -1
      1271: -1
      1272: -1
      1273: -1
      1274: -1
      1275: -1
      1276: -1
      1277: -1
      1278: -1
      1279: -1
      1280: -1
      1281: -1
      1282: -1
      1283: -1
      1284: -1
      1285: -1
      1286: -1
      1287: -1
      1288: -1
      1289: -1
      1290: -1
      1291: -1
      1292: -1
      1293: -1
      1294: -1
      1295: -1
      1296: -1
      1297: -1
      1298: -1
      1299: -1
      1300: -1
      1301: -1
      1302: -1
      1303: -1
      1304: -1
      1305: -1
      1306: -1
      1307: -1
      1308: -1
      1309: -1
      1310: -1
      1311: -1
      1312: -1
      1313: -1
      1314: -1
      1315: -1
      1316: -1
      1317: -1
      1318: -1
      1319: -1
      1320: -1
      1321: -1
      1322: -1
      1323: -1
      1324: -1
      1325: -1
      1326: -1
      1327: -1
      1328: -1
      1329: -1
      1330: -1
      1331: -1
      1332: -1
      1333: -1
      1334: -1
      1335: -1
      1336: -1
      1337: -1
      1338: -1
      1339: -1
      1340: -1
      1341: -1
      1342: -1
      1343: -1
      1344: -1
      1345: -1
      1346: -1
      1347: -1
      1348: -1
      1349: -1
      1350: -1
      1351: -1
      1352: -1
      1353: -1
      1354: -1
      1355: -1
      1356: -1
      1357: -1
      1358: -1
      1359: -1
      1360: -1
      1361: -1
      1362: -1
      1363: -1
      1364: -1
      1365: -1
      1366: -1
      1367: -1
      1368: -1
      1369: -1
      1370: -1
      1371: -1
      1372: -1
      1373: -1
      1374: -1
      1375: -1
      1376: -1
      1377: -1
      1378: -1
      1379: -1
      1380: -1
      1381: -1
      1382: -1
      1383: -1
      1384: -1
      1385: -1
      1386: -1
      1387: -1
      1388: -1
      1389: -1
      1390: -1
      1391: -1
      1392: -1
      1393: -1
      1394: -1
      1395: -1
      1396: -1
      1397: -1
      1398: -1
      1399: -1
      1400: -1
      1401: -1
      1402: -1
      1403: -1
      1404: -1
      1405: -1
      1406: -1
      1407: -1
      1408: -1
      1409: -1
      1410: -1
      1411: -1
      1412: -1
      1413: -1
      1414: -1
      1415: -1
      1416: -1
      1417: -1
      1418: -1
      1419: -1
      1420: -1
      1421: -1
      1422: -1
      1423: -1
      1424: -1
      1425: -1
      1426: -1
      1427: -1
      1428: -1
      1429: -1
      1430: -1
      1431: -1
      1432: -1
      1433: -1
      1434: -1
      1435: -1
      1436: -1
      1437: -1
      1438: -1
      1439: -1
      1440: -1
      1441: -1
      1442: -1
      1443: -1
      1444: -1
      1445: -1
      1446: -1
      1447: -1
      1448: -1
      1449: -1
      1450: -1
      1451: -1
      1452: -1
      1453: -1
      1454: -1
      1455: -1
      1456: -1
      1457: -1
      1458: -1
      1459: -1
      1460: -1
      1461: -1
      1462: -1
      1463: -1
      1464: -1
      1465: -1
      1466: -1
      1467: -1
      1468: -1
      1469: -1
      1470: -1
      1471: -1
      1472: -1
      1473: -1
      1474: -1
      1475: -1
      1476: -1
      1477: -1
      1478: -1
      1479: -1
      1480: -1
      1481: -1
      1482: -1
      1483: -1
      1484: -1
      1485: -1
      1486: -1
      1487: -1
      1488: -1
      1489: -1
      1490: -1
      1491: -1
      1492: -1
      1493: -1
      1494: -1
      1495: -1
      1496: -1
      1497: -1
      1498: -1
      1499: -1
      1500: -1
      1501: -1
      1502: -1
      1503: -1
      1504: -1
      1505: -1
      1506: -1
      1507: -1
      1508: -1
      1509: -1
      1510: -1
      1511: -1
      1512: -1
      1513: -1
      1514: -1
      1515: -1
      1516: -1
      1517: -1
      1518: -1
      1519: -1
      1520: -1
      1521: -1
      1522: -1
      1523: -1
      1524: -1
      1525: -1
      1526: -1
      1527: -1
      1528: -1
      1529: -1
      1530: -1
      1531: -1
      1532: -1
      1533: -1
      1534: -1
      1535: -1
      1536: -1
      1537: -1
      1538: -1
      1539: -1
      1540: -1
      1541: -1
      1542: -1
      1543: -1
      1544: -1
      1545: -1
      1546: -1
      1547: -1
      1548: -1
      1549: -1
      1550: -1
      1551: -1
      1552: -1
      1553: -1
      1554: -1
      1555: -1
      1556: -1
      1557: -1
      1558: -1
      1559: -1
      1560: -1
      1561: -1
      1562: -1
      1563: -1
      1564: -1
      1565: -1
      1566: -1
      1567: -1
      1568: -1
      1569: -1
      1570: -1
      1571: -1
      1572: -1
      1573: -1
      1574: -1
      1575: -1
      1576: -1
      1577: -1
      1578: -1
      1579: -1
      1580: -1
      1581: -1
      1582: -1
      1583: -1
      1584: -1
      1585: -1
      1586: -1
      1587: -1
      1588: -1
      1589: -1
      1590: -1
      1591: -1
      1592: -1
      1593: -1
      1594: -1
      1595: -1
      1596: -1
      1597: -1
      1598: -1
      1599: -1
      1600: -1
      1601: -1
      1602: -1
      1603: -1
      1604: -1
      1605: -1
      1606: -1
      1607: -1
      1608: -1
      1609: -1
      1610: -1
      1611: -1
      1612: -1
      1613: -1
      1614: -1
      1615: -1
      1616: -1
      1617: -1
      1618: -1
      1619: -1
      1620: -1
      1621: -1
      1622: -1
      1623: -1
      1624: -1
      1625: -1
      1626: -1
      1627: -1
      1628: -1
      1629: -1
      1630: -1
      1631: -1
      1632: -1
      1633: -1
      1634: -1
      1635: -1
      1636: -1
      1637: -1
      1638: -1
      1639: -1
      1640: -1
      1641: -1
      1642: -1
      1643: -1
      1644: -1
      1645: -1
      1646: -1
      1647: -1
      1648: -1
      1649: -1
      1650: -1
      1651: -1
      1652: -1
      1653: -1
      1654: -1
      1655: -1
      1656: -1
      1657: -1
      1658: -1
      1659: -1
      1660: -1
      1661: -1
      1662: -1
      1663: -1
      1664: -1
      1665: -1
      1666: -1
      1667: -1
      1668: -1
      1669: -1
      1670: -1
      1671: -1
      1672: -1
      1673: -1
      1674: -1
      1675: -1
      1676: -1
      1677: -1
      1678: -1
      1679: -1
      1680: -1
      1681: -1
      1682: -1
      1683: -1
      1684: -1
      1685: -1
      1686: -1
      1687: -1
      1688: -1
      1689: -1
      1690: -1
      1691: -1
      1692: -1
      1693: -1
      1694: -1
      1695: -1
      1696: -1
      1697: -1
      1698: -1
      1699: -1
      1700: -1
      1701: -1
      1702: -1
      1703: -1
      1704: -1
      1705: -1
      1706: -1
      1707: -1
      1708: -1
      1709: -1
      1710: -1
      1711: -1
      1712: -1
      1713: -1
      1714: -1
      1715: -1
      1716: -1
      1717: -1
      1718: -1
      1719: -1
      1720: -1
      1721: -1
      1722: -1
      1723: -1
      1724: -1
      1725: -1
      1726: -1
      1727: -1
      1728: -1
      1729: -1
      1730: -1
      1731: -1
      1732: -1
      1733: -1
      1734: -1
      1735: -1
      1736: -1
      1737: -1
      1738: -1
      1739: -1
      1740: -1
      1741: -1
      1742: -1
      1743: -1
      1744: -1
      1745: -1
      1746: -1
      1747: -1
      1748: -1
      1749: -1
      1750: -1
      1751: -1
      1752: -1
      1753: -1
      1754: -1
      1755: -1
      1756: -1
      1757: -1
      1758: -1
      1759: -1
      1760: -1
      1761: -1
      1762: -1
      1763: -1
      1764: -1
      1765: -1
      1766: -1
      1767: -1
      1768: -1
      1769: -1
      1770: -1
      1771: -1
      1772: -1
      1773: -1
      1774: -1
      1775: -1
      1776: -1
      1777: -1
      1778: -1
      1779: -1
      1780: -1
      1781: -1
      1782: -1
      1783: -1
      1784: -1
      1785: -1
      1786: -1
      1787: -1
      1788: -1
      1789: -1
      1790: -1
      1791: -1
      1792: -1
      1793: -1
      1794: -1
      1795: -1
      1796: -1
      1797: -1
      1798: -1
      1799: -1
      1800: -1
      1801: -1
      1802: -1
      1803: -1
      1804: -1
      1805: -1
      1806: -1
      1807: -1
      1808: -1
      1809: -1
      1810: -1
      1811: -1
      1812: -1
      1813: -1
      1814: -1
      1815: -1
      1816: -1
      1817: -1
      1818: -1
      1819: -1
      1820: -1
      1821: -1
      1822: -1
      1823: -1
      1824: -1
      1825: -1
      1826: -1
      1827: -1
      1828: -1
      1829: -1
      1830: -1
      1831: -1
      1832: -1
      1833: -1
      1834: -1
      1835: -1
      1836: -1
      1837: -1
      1838: -1
      1839: -1
      1840: -1
      1841: -1
      1842: -1
      1843: -1
      1844: -1
      1845: -1
      1846: -1
      1847: -1
      1848: -1
      1849: -1
      1850: -1
      1851: -1
      1852: -1
      1853: -1
      1854: -1
      1855: -1
      1856: -1
      1857: -1
      1858: -1
      1859: -1
      1860: -1
      1861: -1
      1862: -1
      1863: -1
      1864: -1
      1865: -1
      1866: -1
      1867: -1
      1868: -1
      1869: -1
      1870: -1
      1871: -1
      1872: -1
      1873: -1
      1874: -1
      1875: -1
      1876: -1
      1877: -1
      1878: -1
      1879: -1
      1880: -1
      1881: -1
      1882: -1
      1883: -1
      1884: -1
      1885: -1
      1886: -1
      1887: -1
      1888: -1
      1889: -1
      1890: -1
      1891: -1
      1892: -1
      1893: -1
      1894: -1
      1895: -1
      1896: -1
      1897: -1
      1898: -1
      1899: -1
      1900: -1
      1901: -1
      1902: -1
      1903: -1
      1904: -1
      1905: -1
      1906: -1
      1907: -1
      1908: -1
      1909: -1
      1910: -1
      1911: -1
      1912: -1
      1913: -1
      1914: -1
      1915: -1
      1916: -1
      1917: -1
      1918: -1
      1919: -1
      1920: -1
      1921: -1
      1922: -1
      1923: -1
      1924: -1
      1925: -1
      1926: -1
      1927: -1
      1928: -1
      1929: -1
      1930: -1
      1931: -1
      1932: -1
      1933: -1
      1934: -1
      1935: -1
      1936: -1
      1937: -1
      1938: -1
      1939: -1
      1940: -1
      1941: -1
      1942: -1
      1943: -1
      1944: -1
      1945: -1
      1946: -1
      1947: -1
      1948: -1
      1949: -1
      1950: -1
      1951: -1
      1952: -1
      1953: -1
      1954: -1
      1955: -1
      1956: -1
      1957: -1
      1958: -1
      1959: -1
      1960: -1
      1961: -1
      1962: -1
      1963: -1
      1964: -1
      1965: -1
      1966: -1
      1967: -1
      1968: -1
      1969: -1
      1970: -1
      1971: -1
      1972: -1
      1973: -1
      1974: -1
      1975: -1
      1976: -1
      1977: -1
      1978: -1
      1979: -1
      1980: -1
      1981: -1
      1982: -1
      1983: -1
      1984: -1
      1985: -1
      1986: -1
      1987: -1
      1988: -1
      1989: -1
      1990: -1
      1991: -1
      1992: -1
      1993: -1
      1994: -1
      1995: -1
      1996: -1
      1997: -1
      1998: -1
      1999: -1
      2000: -1
      2001: -1
      2002: -1
      2003: -1
      2004: -1
      2005: -1
      2006: -1
      2007: -1
      2008: -1
      2009: -1
      2010: -1
      2011: -1
      2012: -1
      2013: -1
      2014: -1
      2015: -1
      2016: -1
      2017: -1
      2018: -1
      2019: -1
      2020: -1
      2021: -1
      2022: -1
      2023: -1
      2024: -1
      2025: -1
      2026: -1
      2027: -1
      2028: -1
      2029: -1
      2030: -1
      2031: -1
      2032: -1
      2033: -1
      2034: -1
      2035: -1
      2036: -1
      2037: -1
      2038: -1
      2039: -1
      2040: -1
      2041: -1
      2042: -1
      2043: -1
      2044: -1
      2045: -1
      2046: -1
      2047: -1
      2048: -1
      2049: -1
      2050: -1
      2051: -1
      2052: -1
      2053: -1
      2054: -1
      2055: -1
      2056: -1
      2057: -1
      2058: -1
      2059: -1
      2060: -1
      2061: -1
      2062: -1
      2063: -1
      2064: -1
      2065: -1
      2066: -1
      2067: -1
      2068: -1
      2069: -1
      2070: -1
      2071: -1
      2072: -1
      2073: -1
      2074: -1
      2075: -1
      2076: -1
      2077: -1
      2078: -1
      2079: -1
      2080: -1
      2081: -1
      2082: -1
      2083: -1
      2084: -1
      2085: -1
      2086: -1
      2087: -1
      2088: -1
      2089: -1
      2090: -1
      2091: -1
      2092: -1
      2093: -1
      2094: -1
      2095: -1
      2096: -1
      2097: -1
      2098: -1
      2099: -1
      2100: -1
      2101: -1
      2102: -1
      2103: -1
      2104: -1
      2105: -1
      2106: -1
      2107: -1
      2108: -1
      2109: -1
      2110: -1
      2111: -1
      2112: -1
      2113: -1
      2114: -1
      2115: -1
      2116: -1
      2117: -1
      2118: -1
      2119: -1
      2120: -1
      2121: -1
      2122: -1
      2123: -1
      2124: -1
      2125: -1
      2126: -1
      2127: -1
      2128: -1
      2129: -1
      2130: -1
      2131: -1
      2132: -1
      2133: -1
      2134: -1
      2135: -1
      2136: -1
      2137: -1
      2138: -1
      2139: -1
      2140: -1
      2141: -1
      2142: -1
      2143: -1
      2144: -1
      2145: -1
      2146: -1
      2147: -1
      2148: -1
      2149: -1
      2150: -1
      2151: -1
      2152: -1
      2153: -1
      2154: -1
      2155: -1
      2156: -1
      2157: -1
      2158: -1
      2159: -1
      2160: -1
      2161: -1
      2162: -1
      2163: -1
      2164: -1
      2165: -1
      2166: -1
      2167: -1
      2168: -1
      2169: -1
      2170: -1
      2171: -1
      2172: -1
      2173: -1
      2174: -1
      2175: -1
      2176: -1
      2177: -1
      2178: -1
      2179: -1
      2180: -1
      2181: -1
      2182: -1
      2183: -1
      2184: -1
      2185: -1
      2186: -1
      2187: -1
      2188: -1
      2189: -1
      2190: -1
      2191: -1
      2192: -1
      2193: -1
      2194: -1
      2195: -1
      2196: -1
      2197: -1
      2198: -1
      2199: -1
      2200: -1
      2201: -1
      2202: -1
      2203: -1
      2204: -1
      2205: -1
      2206: -1
      2207: -1
      2208: -1
      2209: -1
      2210: -1
      2211: -1
      2212: -1
      2213: -1
      2214: -1
      2215: -1
      2216: -1
      2217: -1
      2218: -1
      2219: -1
      2220: -1
      2221: -1
      2222: -1
      2223: -1
      2224: -1
      2225: -1
      2226: -1
      2227: -1
      2228: -1
      2229: -1
      2230: -1
      2231: -1
      2232: -1
      2233: -1
      2234: -1
      2235: -1
      2236: -1
      2237: -1
      2238: -1
      2239: -1
      2240: -1
      2241: -1
      2242: -1
      2243: -1
      2244: -1
      2245: -1
      2246: -1
      2247: -1
      2248: -1
      2249: -1
      2250: -1
      2251: -1
      2252: -1
      2253: -1
      2254: -1
      2255: -1
      2256: -1
      2257: -1
      2258: -1
      2259: -1
      2260: -1
      2261: -1
      2262: -1
      2263: -1
      2264: -1
      2265: -1
      2266: -1
      2267: -1
      2268: -1
      2269: -1
      2270: -1
      2271: -1
      2272: -1
      2273: -1
      2274: -1
      2275: -1
      2276: -1
      2277: -1
      2278: -1
      2279: -1
      2280: -1
      2281: -1
      2282: -1
      2283: -1
      2284: -1
      2285: -1
      2286: -1
      2287: -1
      2288: -1
      2289: -1
      2290: -1
      2291: -1
      2292: -1
      2293: -1
      2294: -1
      2295: -1
      2296: -1
      2297: -1
      2298: -1
      2299: -1
      2300: -1
      2301: -1
      2302: -1
      2303: -1
      2304: -1
      2305: -1
      2306: -1
      2307: -1
      2308: -1
      2309: -1
      2310: -1
      2311: -1
      2312: -1
      2313: -1
      2314: -1
      2315: -1
      2316: -1
      2317: -1
      2318: -1
      2319: -1
      2320: -1
      2321: -1
      2322: -1
      2323: -1
      2324: -1
      2325: -1
      2326: -1
      2327: -1
      2328: -1
      2329: -1
      2330: -1
      2331: -1
      2332: -1
      2333: -1
      2334: -1
      2335: -1
      2336: -1
      2337: -1
      2338: -1
      2339: -1
      2340: -1
      2341: -1
      2342: -1
      2343: -1
      2344: -1
      2345: -1
      2346: -1
      2347: -1
      2348: -1
      2349: -1
      2350: -1
      2351: -1
      2352: -1
      2353: -1
      2354: -1
      2355: -1
      2356: -1
      2357: -1
      2358: -1
      2359: -1
      2360: -1
      2361: -1
      2362: -1
      2363: -1
      2364: -1
      2365: -1
      2366: -1
      2367: -1
      2368: -1
      2369: -1
      2370: -1
      2371: -1
      2372: -1
      2373: -1
      2374: -1
      2375: -1
      2376: -1
      2377: -1
      2378: -1
      2379: -1
      2380: -1
      2381: -1
      2382: -1
      2383: -1
      2384: -1
      2385: -1
      2386: -1
      2387: -1
      2388: -1
      2389: -1
      2390: -1
      2391: -1
      2392: -1
      2393: -1
      2394: -1
      2395: -1
      2396: -1
      2397: -1
      2398: -1
      2399: -1
      2400: -1
      2401: -1
      2402: -1
      2403: -1
      2404: -1
      2405: -1
      2406: -1
      2407: -1
      2408: -1
      2409: -1
      2410: -1
      2411: -1
      2412: -1
      2413: -1
      2414: -1
      2415: -1
      2416: -1
      2417: -1
      2418: -1
      2419: -1
      2420: -1
      2421: -1
      2422: -1
      2423: -1
      2424: -1
      2425: -1
      2426: -1
      2427: -1
      2428: -1
      2429: -1
      2430: -1
      2431: -1
      2432: -1
      2433: -1
      2434: -1
      2435: -1
      2436: -1
      2437: -1
      2438: -1
      2439: -1
      2440: -1
      2441: -1
      2442: -1
      2443: -1
      2444: -1
      2445: -1
      2446: -1
      2447: -1
      2448: -1
      2449: -1
      2450: -1
      2451: -1
      2452: -1
      2453: -1
      2454: -1
      2455: -1
      2456: -1
      2457: -1
      2458: -1
      2459: -1
      2460: -1
      2461: -1
      2462: -1
      2463: -1
      2464: -1
      2465: -1
      2466: -1
      2467: -1
      2468: -1
      2469: -1
      2470: -1
      2471: -1
      2472: -1
      2473: -1
      2474: -1
      2475: -1
      2476: -1
      2477: -1
      2478: -1
      2479: -1
      2480: -1
      2481: -1
      2482: -1
      2483: -1
      2484: -1
      2485: -1
      2486: -1
      2487: -1
      2488: -1
      2489: -1
      2490: -1
      2491: -1
      2492: -1
      2493: -1
      2494: -1
      2495: -1
      2496: -1
      2497: -1
      2498: -1
      2499: -1
      2500: -1
      2501: -1
      2502: -1
      2503: -1
      2504: -1
      2505: -1
      2506: -1
      2507: -1
      2508: -1
      2509: -1
      2510: -1
      2511: -1
      2512: -1
      2513: -1
      2514: -1
      2515: -1
      2516: -1
      2517: -1
      2518: -1
      2519: -1
      2520: -1
      2521: -1
      2522: -1
      2523: -1
      2524: -1
      2525: -1
      2526: -1
      2527: -1
      2528: -1
      2529: -1
      2530: -1
      2531: -1
      2532: -1
      2533: -1
      2534: -1
      2535: -1
      2536: -1
      2537: -1
      2538: -1
      2539: -1
      2540: -1
      2541: -1
      2542: -1
      2543: -1
      2544: -1
      2545: -1
      2546: -1
      2547: -1
      2548: -1
      2549: -1
      2550: -1
      2551: -1
      2552: -1
      2553: -1
      2554: -1
      2555: -1
      2556: -1
      2557: -1
      2558: -1
      2559: -1
      2560: -1
      2561: -1
      2562: -1
      2563: -1
      2564: -1
      2565: -1
      2566: -1
      2567: -1
      2568: -1
      2569: -1
      2570: -1
      2571: -1
      2572: -1
      2573: -1
      2574: -1
      2575: -1
      2576: -1
      2577: -1
      2578: -1
      2579: -1
      2580: -1
      2581: -1
      2582: -1
      2583: -1
      2584: -1
      2585: -1
      2586: -1
      2587: -1
      2588: -1
      2589: -1
      2590: -1
      2591: -1
      2592: -1
      2593: -1
      2594: -1
      2595: -1
      2596: -1
      2597: -1
      2598: -1
      2599: -1
      2600: -1
      2601: -1
      2602: -1
      2603: -1
      2604: -1
      2605: -1
      2606: -1
      2607: -1
      2608: -1
      2609: -1
      2610: -1
      2611: -1
      2612: -1
      2613: -1
      2614: -1
      2615: -1
      2616: -1
      2617: -1
      2618: -1
      2619: -1
      2620: -1
      2621: -1
      2622: -1
      2623: -1
      2624: -1
      2625: -1
      2626: -1
      2627: -1
      2628: -1
      2629: -1
      2630: -1
      2631: -1
      2632: -1
      2633: -1
      2634: -1
      2635: -1
      2636: -1
      2637: -1
      2638: -1
      2639: -1
      2640: -1
      2641: -1
      2642: -1
      2643: -1
      2644: -1
      2645: -1
      2646: -1
      2647: -1
      2648: -1
      2649: -1
      2650: -1
      2651: -1
      2652: -1
      2653: -1
      2654: -1
      2655: -1
      2656: -1
      2657: -1
      2658: -1
      2659: -1
      2660: -1
      2661: -1
      2662: -1
      2663: -1
      2664: -1
      2665: -1
      2666: -1
      2667: -1
      2668: -1
      2669: -1
      2670: -1
      2671: -1
      2672: -1
      2673: -1
      2674: -1
      2675: -1
      2676: -1
      2677: -1
      2678: -1
      2679: -1
      2680: -1
      2681: -1
      2682: -1
      2683: -1
      2684: -1
      2685: -1
      2686: -1
      2687: -1
      2688: -1
      2689: -1
      2690: -1
      2691: -1
      2692: -1
      2693: -1
      2694: -1
      2695: -1
      2696: -1
      2697: -1
      2698: -1
      2699: -1
      2700: -1
      2701: -1
      2702: -1
      2703: -1
      2704: -1
      2705: -1
      2706: -1
      2707: -1
      2708: -1
      2709: -1
      2710: -1
      2711: -1
      2712: -1
      2713: -1
      2714: -1
      2715: -1
      2716: -1
      2717: -1
      2718: -1
      2719: -1
      2720: -1
      2721: -1
      2722: -1
      2723: -1
      2724: -1
      2725: -1
      2726: -1
      2727: -1
      2728: -1
      2729: -1
      2730: -1
      2731: -1
      2732: -1
      2733: -1
      2734: -1
      2735: -1
      2736: -1
      2737: -1
      2738: -1
      2739: -1
      2740: -1
      2741: -1
      2742: -1
      2743: -1
      2744: -1
      2745: -1
      2746: -1
      2747: -1
      2748: -1
      2749: -1
      2750: -1
      2751: -1
      2752: -1
      2753: -1
      2754: -1
      2755: -1
      2756: -1
      2757: -1
      2758: -1
      2759: -1
      2760: -1
      2761: -1
      2762: -1
      2763: -1
      2764: -1
      2765: -1
      2766: -1
      2767: -1
      2768: -1
      2769: -1
      2770: -1
      2771: -1
      2772: -1
      2773: -1
      2774: -1
      2775: -1
      2776: -1
      2777: -1
      2778: -1
      2779: -1
      2780: -1
      2781: -1
      2782: -1
      2783: -1
      2784: -1
      2785: -1
      2786: -1
      2787: -1
      2788: -1
      2789: -1
      2790: -1
      2791: -1
      2792: -1
      2793: -1
      2794: -1
      2795: -1
      2796: -1
      2797: -1
      2798: -1
      2799: -1
      2800: -1
      2801: -1
      2802: -1
      2803: -1
      2804: -1
      2805: -1
      2806: -1
      2807: -1
      2808: -1
      2809: -1
      2810: -1
      2811: -1
      2812: -1
      2813: -1
      2814: -1
      2815: -1
      2816: -1
      2817: -1
      2818: -1
      2819: -1
      2820: -1
      2821: -1
      2822: -1
      2823: -1
      2824: -1
      2825: -1
      2826: -1
      2827: -1
      2828: -1
      2829: -1
      2830: -1
      2831: -1
      2832: -1
      2833: -1
      2834: -1
      2835: -1
      2836: -1
      2837: -1
      2838: -1
      2839: -1
      2840: -1
      2841: -1
      2842: -1
      2843: -1
      2844: -1
      2845: -1
      2846: -1
      2847: -1
      2848: -1
      2849: -1
      2850: -1
      2851: -1
      2852: -1
      2853: -1
      2854: -1
      2855: -1
      2856: -1
      2857: -1
      2858: -1
      2859: -1
      2860: -1
      2861: -1
      2862: -1
      2863: -1
      2864: -1
      2865: -1
      2866: -1
      2867: -1
      2868: -1
      2869: -1
      2870: -1
      2871: -1
      2872: -1
      2873: -1
      2874: -1
      2875: -1
      2876: -1
      2877: -1
      2878: -1
      2879: -1
      2880: -1
      2881: -1
      2882: -1
      2883: -1
      2884: -1
      2885: -1
      2886: -1
      2887: -1
      2888: -1
      2889: -1
      2890: -1
      2891: -1
      2892: -1
      2893: -1
      2894: -1
      2895: -1
      2896: -1
      2897: -1
      2898: -1
      2899: -1
      2900: -1
      2901: -1
      2902: -1
      2903: -1
      2904: -1
      2905: -1
      2906: -1
      2907: -1
      2908: -1
      2909: -1
      2910: -1
      2911: -1
      2912: -1
      2913: -1
      2914: -1
      2915: -1
      2916: -1
      2917: -1
      2918: -1
      2919: -1
      2920: -1
      2921: -1
      2922: -1
      2923: -1
      2924: -1
      2925: -1
      2926: -1
      2927: -1
      2928: -1
      2929: -1
      2930: -1
      2931: -1
      2932: -1
      2933: -1
      2934: -1
      2935: -1
      2936: -1
      2937: -1
      2938: -1
      2939: -1
      2940: -1
      2941: -1
      2942: -1
      2943: -1
      2944: -1
      2945: -1
      2946: -1
      2947: -1
      2948: -1
      2949: -1
      2950: -1
      2951: -1
      2952: -1
      2953: -1
      2954: -1
      2955: -1
      2956: -1
      2957: -1
      2958: -1
      2959: -1
      2960: -1
      2961: -1
      2962: -1
      2963: -1
      2964: -1
      2965: -1
      2966: -1
      2967: -1
      2968: -1
      2969: -1
      2970: -1
      2971: -1
      2972: -1
      2973: -1
      2974: -1
      2975: -1
      2976: -1
      2977: -1
      2978: -1
      2979: -1
      2980: -1
      2981: -1
      2982: -1
      2983: -1
      2984: -1
      2985: -1
      2986: -1
      2987: -1
      2988: -1
      2989: -1
      2990: -1
      2991: -1
      2992: -1
      2993: -1
      2994: -1
      2995: -1
      2996: -1
      2997: -1
      2998: -1
      2999: -1
      3000: -1
      3001: -1
      3002: -1
      3003: -1
      3004: -1
      3005: -1
      3006: -1
      3007: -1
      3008: -1
      3009: -1
      3010: -1
      3011: -1
      3012: -1
      3013: -1
      3014: -1
      3015: -1
      3016: -1
      3017: -1
      3018: -1
      3019: -1
      3020: -1
      3021: -1
      3022: -1
      3023: -1
      3024: -1
      3025: -1
      3026: -1
      3027: -1
      3028: -1
      3029: -1
      3030: -1
      3031: -1
      3032: -1
      3033: -1
      3034: -1
      3035: -1
      3036: -1
      3037: -1
      3038: -1
      3039: -1
      3040: -1
      3041: -1
      3042: -1
      3043: -1
      3044: -1
      3045: -1
      3046: -1
      3047: -1
      3048: -1
      3049: -1
      3050: -1
      3051: -1
      3052: -1
      3053: -1
      3054: -1
      3055: -1
      3056: -1
      3057: -1
      3058: -1
      3059: -1
      3060: -1
      3061: -1
      3062: -1
      3063: -1
      3064: -1
      3065: -1
      3066: -1
      3067: -1
      3068: -1
      3069: -1
      3070: -1
      3071: -1
      3072: -1
      3073: -1
      3074: -1
      3075: -1
      3076: -1
      3077: -1
      3078: -1
      3079: -1
      3080: -1
      3081: -1
      3082: -1
      3083: -1
      3084: -1
      3085: -1
      3086: -1
      3087: -1
      3088: -1
      3089: -1
      3090: -1
      3091: -1
      3092: -1
      3093: -1
      3094: -1
      3095: -1
      3096: -1
      3097: -1
      3098: -1
      3099: -1
      3100: -1
      3101: -1
      3102: -1
      3103: -1
      3104: -1
      3105: -1
      3106: -1
      3107: -1
      3108: -1
      3109: -1
      3110: -1
      3111: -1
      3112: -1
      3113: -1
      3114: -1
      3115: -1
      3116: -1
      3117: -1
      3118: -1
      3119: -1
      3120: -1
      3121: -1
      3122: -1
      3123: -1
      3124: -1
      3125: -1
      3126: -1
      3127: -1
      3128: -1
      3129: -1
      3130: -1
      3131: -1
      3132: -1
      3133: -1
      3134: -1
      3135: -1
      3136: -1
      3137: -1
      3138: -1
      3139: -1
      3140: -1
      3141: -1
      3142: -1
      3143: -1
      3144: -1
      3145: -1
      3146: -1
      3147: -1
      3148: -1
      3149: -1
      3150: -1
      3151: -1
      3152: -1
      3153: -1
      3154: -1
      3155: -1
      3156: -1
      3157: -1
      3158: -1
      3159: -1
      3160: -1
      3161: -1
      3162: -1
      3163: -1
      3164: -1
      3165: -1
      3166: -1
      3167: -1
      3168: -1
      3169: -1
      3170: -1
      3171: -1
      3172: -1
      3173: -1
      3174: -1
      3175: -1
      3176: -1
      3177: -1
      3178: -1
      3179: -1
      3180: -1
      3181: -1
      3182: -1
      3183: -1
      3184: -1
      3185: -1
      3186: -1
      3187: -1
      3188: -1
      3189: -1
      3190: -1
      3191: -1
      3192: -1
      3193: -1
      3194: -1
      3195: -1
      3196: -1
      3197: -1
      3198: -1
      3199: -1
      3200: -1
      3201: -1
      3202: -1
      3203: -1
      3204: -1
      3205: -1
      3206: -1
      3207: -1
      3208: -1
      3209: -1
      3210: -1
      3211: -1
      3212: -1
      3213: -1
      3214: -1
      3215: -1
      3216: -1
      3217: -1
      3218: -1
      3219: -1
      3220: -1
      3221: -1
      3222: -1
      3223: -1
      3224: -1
      3225: -1
      3226: -1
      3227: -1
      3228: -1
      3229: -1
      3230: -1
      3231: -1
      3232: -1
      3233: -1
      3234: -1
      3235: -1
      3236: -1
      3237: -1
      3238: -1
      3239: -1
      3240: -1
      3241: -1
      3242: -1
      3243: -1
      3244: -1
      3245: -1
      3246: -1
      3247: -1
      3248: -1
      3249: -1
      3250: -1
      3251: -1
      3252: -1
      3253: -1
      3254: -1
      3255: -1
      3256: -1
      3257: -1
      3258: -1
      3259: -1
      3260: -1
      3261: -1
      3262: -1
      3263: -1
      3264: -1
      3265: -1
      3266: -1
      3267: -1
      3268: -1
      3269: -1
      3270: -1
      3271: -1
      3272: -1
      3273: -1
      3274: -1
      3275: -1
      3276: -1
      3277: -1
      3278: -1
      3279: -1
      3280: -1
      3281: -1
      3282: -1
      3283: -1
      3284: -1
      3285: -1
      3286: -1
      3287: -1
      3288: -1
      3289: -1
      3290: -1
      3291: -1
      3292: -1
      3293: -1
      3294: -1
      3295: -1
      3296: -1
      3297: -1
      3298: -1
      3299: -1
      3300: -1
      3301: -1
      3302: -1
      3303: -1
      3304: -1
      3305: -1
      3306: -1
      3307: -1
      3308: -1
      3309: -1
      3310: -1
      3311: -1
      3312: -1
      3313: -1
      3314: -1
      3315: -1
      3316: -1
      3317: -1
      3318: -1
      3319: -1
      3320: -1
      3321: -1
      3322: -1
      3323: -1
      3324: -1
      3325: -1
      3326: -1
      3327: -1
      3328: -1
      3329: -1
      3330: -1
      3331: -1
      3332: -1
      3333: -1
      3334: -1
      3335: -1
      3336: -1
      3337: -1
      3338: -1
      3339: -1
      3340: -1
      3341: -1
      3342: -1
      3343: -1
      3344: -1
      3345: -1
      3346: -1
      3347: -1
      3348: -1
      3349: -1
      3350: -1
      3351: -1
      3352: -1
      3353: -1
      3354: -1
      3355: -1
      3356: -1
      3357: -1
      3358: -1
      3359: -1
      3360: -1
      3361: -1
      3362: -1
      3363: -1
      3364: -1
      3365: -1
      3366: -1
      3367: -1
      3368: -1
      3369: -1
      3370: -1
      3371: -1
      3372: -1
      3373: -1
      3374: -1
      3375: -1
      3376: -1
      3377: -1
      3378: -1
      3379: -1
      3380: -1
      3381: -1
      3382: -1
      3383: -1
      3384: -1
      3385: -1
      3386: -1
      3387: -1
      3388: -1
      3389: -1
      3390: -1
      3391: -1
      3392: -1
      3393: -1
      3394: -1
      3395: -1
      3396: -1
      3397: -1
      3398: -1
      3399: -1
      3400: -1
      3401: -1
      3402: -1
      3403: -1
      3404: -1
      3405: -1
      3406: -1
      3407: -1
      3408: -1
      3409: -1
      3410: -1
      3411: -1
      3412: -1
      3413: -1
      3414: -1
      3415: -1
      3416: -1
      3417: -1
      3418: -1
      3419: -1
      3420: -1
      3421: -1
      3422: -1
      3423: -1
      3424: -1
      3425: -1
      3426: -1
      3427: -1
      3428: -1
      3429: -1
      3430: -1
      3431: -1
      3432: -1
      3433: -1
      3434: -1
      3435: -1
      3436: -1
      3437: -1
    engagements:
    buffer: 200
    asmManual: 0
    dirty: true
    fallen:
      0: false
      1: false
      2: false
      3: false
      4: false
      5: false
      6: false
      7: false
      8: false
      9: false
      10: false
      11: false
      12: false
      13: false
      14: false
      15: false
      16: false
      17: false
      18: false
      19: false
      20: false
      21: false
      22: false
      23: false
      24: false
      25: false
      26: false
      27: false
      28: false
      29: false
      30: false
      31: false
      32: false
      33: false
      34: false
      35: false
      36: false
      37: false
      38: false
      39: false
      40: false
      41: false
      42: false
      43: false
      44: false
      45: false
      46: false
      47: false
      48: false
      49: false
      50: false
      51: false
      52: false
      53: false
      54: false
      55: false
      56: false
      57: false
      58: false
      59: false
      60: false
      61: false
      62: false
      63: false
      64: false
      65: false
      66: false
      67: false
      68: false
      69: false
      70: false
      71: false
      72: false
      73: false
      74: false
      75: false
      76: false
      77: false
      78: false
      79: false
      80: false
      81: false
      82: false
      83: false
      84: false
      85: false
      86: false
      87: false
      88: false
      89: false
      90: false
      91: false
      92: false
      93: false
      94: false
      95: false
      96: false
      97: false
      98: false
      99: false
      100: false
      101: false
      102: false
      103: false
      104: false
      105: false
      106: false
      107: false
      108: false
      109: false
      110: false
      111: false
      112: false
      113: false
      114: false
      115: false
      116: false
      117: false
      118: false
      119: false
      120: false
      121: false
      122: false
      123: false
      124: false
      125: false
      126: false
      127: false
      128: false
      129: false
      130: false
      131: false
      132: false
      133: false
      134: false
      135: false
      136: false
      137: false
      138: false
      139: false
      140: false
      141: false
      142: false
      143: false
      144: false
      145: false
      146: false
      147: false
      148: false
      149: false
      150: false
      151: false
      152: false
      153: false
      154: false
      155: false
      156: false
      157: false
      158: false
      159: false
      160: false
      161: false
      162: false
      163: false
      164: false
      165: false
      166: false
      167: false
      168: false
      169: false
      170: false
      171: false
      172: false
      173: false
      174: false
      175: false
      176: false
      177: false
      178: false
      179: false
      180: false
      181: false
      182: false
      183: false
      184: false
      185: false
      186: false
      187: false
      188: false
      189: false
      190: false
      191: false
      192: false
      193: false
      194: false
      195: false
      196: false
      197: false
      198: false
      199: false
      200: false
      201: false
      202: false
      203: false
      204: false
      205: false
      206: false
      207: false
      208: false
      209: false
      210: false
      211: false
      212: false
      213: false
      214: false
      215: false
      216: false
      217: false
      218: false
      219: false
      220: false
      221: false
      222: false
      223: false
      224: false
      225: false
      226: false
      227: false
      228: false
      229: false
      230: false
      231: false
      232: false
      233: false
      234: false
      235: false
      236: false
      237: false
      238: false
      239: false
      240: false
      241: false
      242: false
      243: false
      244: false
      245: false
      246: false
      247: false
      248: false
      249: false
      250: false
      251: false
      252: false
      253: false
      254: false
      255: false
      256: false
      257: false
      258: false
      259: false
      260: false
      261: false
      262: false
      263: false
      264: false
      265: false
      266: false
      267: false
      268: false
      269: false
      270: false
      271: false
      272: false
      273: false
      274: false
      275: false
      276: false
      277: false
      278: false
      279: false
      280: false
      281: false
      282: false
      283: false
      284: false
      285: false
      286: false
      287: false
      288: false
      289: false
      290: false
      291: false
      292: false
      293: false
      294: false
      295: false
      296: false
      297: false
      298: false
      299: false
      300: false
      301: false
      302: false
      303: false
      304: false
      305: false
      306: false
      307: false
      308: false
      309: false
      310: false
      311: false
      312: false
      313: false
      314: false
      315: false
      316: false
      317: false
      318: false
      319: false
      320: false
      321: false
      322: false
      323: false
      324: false
      325: false
      326: false
      327: false
      328: false
      329: false
      330: false
      331: false
      332: false
      333: false
      334: false
      335: false
      336: false
      337: false
      338: false
      339: false
      340: false
      341: false
      342: false
      343: false
      344: false
      345: false
      346: false
      347: false
      348: false
      349: false
      350: false
      351: false
      352: false
      353: false
      354: false
      355: false
      356: false
      357: false
      358: false
      359: false
      360: false
      361: false
      362: false
      363: false
      364: false
      365: false
      366: false
      367: false
      368: false
      369: false
      370: false
      371: false
      372: false
      373: false
      374: false
      375: false
      376: false
      377: false
      378: false
      379: false
      380: false
      381: false
    recentRounds:
      0: 0
      1: 0
      2: 0
      3: 0
      4: 0
      5: 0
      6: 0
      7: 0
      8: 0
      9: 0
      10: 0
      11: 0
      12: 0
      13: 0
      14: 0
      15: 0
      16: 0
      17: 0
      18: 0
      19: 0
      20: 0
      21: 0
      22: 0
      23: 0
      24: 0
      25: 0
      26: 0
      27: 0
      28: 0
      29: 0
      30: 0
      31: 0
      32: 0
      33: 0
      34: 0
      35: 0
      36: 0
      37: 0
      38: 0
      39: 0
      40: 0
      41: 0
      42: 0
      43: 0
      44: 0
      45: 0
      46: 0
      47: 0
      48: 0
      49: 0
      50: 0
      51: 0
      52: 0
      53: 0
      54: 0
      55: 0
      56: 0
      57: 0
      58: 0
      59: 0
      60: 0
      61: 0
      62: 0
      63: 0
      64: 0
      65: 0
      66: 0
      67: 0
      68: 0
      69: 0
      70: 0
      71: 0
      72: 0
      73: 0
      74: 0
      75: 0
      76: 0
      77: 0
      78: 0
      79: 0
      80: 0
      81: 0
      82: 0
      83: 0
      84: 0
      85: 0
      86: 0
      87: 0
      88: 0
      89: 0
      90: 0
      91: 0
      92: 0
      93: 0
      94: 0
      95: 0
      96: 0
      97: 0
      98: 0
      99: 0
      100: 0
      101: 0
      102: 0
      103: 0
      104: 0
      105: 0
      106: 0
      107: 0
      108: 0
      109: 0
      110: 0
      111: 0
      112: 0
      113: 0
      114: 0
      115: 0
      116: 0
      117: 0
      118: 0
      119: 0
      120: 0
      121: 0
      122: 0
      123: 0
      124: 0
      125: 0
      126: 0
      127: 0
      128: 0
      129: 0
      130: 0
      131: 0
      132: 0
      133: 0
      134: 0
      135: 0
      136: 0
      137: 0
      138: 0
      139: 0
      140: 0
      141: 0
      142: 0
      143: 0
      144: 0
      145: 0
      146: 0
      147: 0
      148: 0
      149: 0
      150: 0
      151: 0
      152: 0
      153: 0
      154: 0
      155: 0
      156: 0
      157: 0
      158: 0
      159: 0
      160: 0
      161: 0
      162: 0
      163: 0
      164: 0
      165: 0
      166: 0
      167: 0
      168: 0
      169: 0
      170: 0
      171: 0
      172: 0
      173: 0
      174: 0
      175: 0
      176: 0
      177: 0
      178: 0
      179: 0
      180: 0
      181: 0
      182: 0
      183: 0
      184: 0
      185: 0
      186: 0
      187: 0
      188: 0
      189: 0
      190: 0
      191: 0
      192: 0
      193: 0
      194: 0
      195: 0
      196: 0
      197: 0
      198: 0
      199: 0
      200: 0
      201: 0
      202: 0
      203: 0
      204: 0
      205: 0
      206: 0
      207: 0
      208: 0
      209: 0
      210: 0
      211: 0
      212: 0
      213: 0
      214: 0
      215: 0
      216: 0
      217: 0
      218: 0
      219: 0
      220: 0
      221: 0
      222: 0
      223: 0
      224: 0
      225: 0
      226: 0
      227: 0
      228: 0
      229: 0
      230: 0
      231: 0
      232: 0
      233: 0
      234: 0
      235: 0
      236: 0
      237: 0
      238: 0
      239: 0
      240: 0
      241: 0
      242: 0
      243: 0
      244: 0
      245: 0
      246: 0
      247: 0
      248: 0
      249: 0
      250: 0
      251: 0
      252: 0
      253: 0
      254: 0
      255: 0
      256: 0
      257: 0
      258: 0
      259: 0
      260: 0
      261: 0
      262: 0
      263: 0
      264: 0
      265: 0
      266: 0
      267: 0
      268: 0
      269: 0
      270: 0
      271: 0
      272: 0
      273: 0
      274: 0
      275: 0
      276: 0
      277: 0
      278: 0
      279: 0
      280: 0
      281: 0
      282: 0
      283: 0
      284: 0
      285: 0
      286: 0
      287: 0
      288: 0
      289: 0
      290: 0
      291: 0
      292: 0
      293: 0
      294: 0
      295: 0
      296: 0
      297: 0
      298: 0
      299: 0
      300: 0
      301: 0
      302: 0
      303: 0
      304: 0
      305: 0
      306: 0
      307: 0
      308: 0
      309: 0
      310: 0
      311: 0
      312: 0
      313: 0
      314: 0
      315: 0
      316: 0
      317: 0
      318: 0
      319: 0
      320: 0
      321: 0
      322: 0
      323: 0
      324: 0
      325: 0
      326: 0
      327: 0
      328: 0
      329: 0
      330: 0
      331: 0
      332: 0
      333: 0
      334: 0
      335: 0
      336: 0
      337: 0
      338: 0
      339: 0
      340: 0
      341: 0
      342: 0
      343: 0
      344: 0
      345: 0
      346: 0
      347: 0
      348: 0
      349: 0
      350: 0
      351: 0
      352: 0
      353: 0
      354: 0
      355: 0
      356: 0
      357: 0
      358: 0
      359: 0
      360: 0
      361: 0
      362: 0
      363: 0
      364: 0
      365: 0
      366: 0
      367: 0
      368: 0
      369: 0
      370: 0
      371: 0
      372: 0
      373: 0
      374: 0
      375: 0
      376: 0
      377: 0
      378: 0
      379: 0
      380: 0
      381: 0
      382: 0
      383: 0
      384: 0
      385: 0
      386: 0
      387: 0
      388: 0
      389: 0
      390: 0
      391: 0
      392: 0
      393: 0
      394: 0
      395: 0
      396: 0
      397: 0
      398: 0
      399: 0
      400: 0
      401: 0
      402: 0
      403: 0
      404: 0
      405: 0
      406: 0
      407: 0
      408: 0
      409: 0
      410: 0
      411: 0
      412: 0
      413: 0
      414: 0
      415: 0
      416: 0
      417: 0
      418: 0
      419: 0
      420: 0
      421: 0
      422: 0
      423: 0
      424: 0
      425: 0
      426: 0
      427: 0
      428: 0
      429: 0
      430: 0
      431: 0
      432: 0
      433: 0
      434: 0
      435: 0
      436: 0
      437: 0
      438: 0
      439: 0
      440: 0
      441: 0
      442: 0
      443: 0
      444: 0
      445: 0
      446: 0
      447: 0
      448: 0
      449: 0
      450: 0
      451: 0
      452: 0
      453: 0
      454: 0
      455: 0
      456: 0
      457: 0
      458: 0
      459: 0
      460: 0
      461: 0
      462: 0
      463: 0
      464: 0
      465: 0
      466: 0
      467: 0
      468: 0
      469: 0
      470: 0
      471: 0
      472: 0
      473: 0
      474: 0
      475: 0
      476: 0
      477: 0
      478: 0
      479: 0
      480: 0
      481: 0
      482: 0
      483: 0
      484: 0
      485: 0
      486: 0
      487: 0
      488: 0
      489: 0
      490: 0
      491: 0
      492: 0
      493: 0
      494: 0
      495: 0
      496: 0
      497: 0
      498: 0
      499: 0
      500: 0
      501: 0
      502: 0
      503: 0
      504: 0
      505: 0
      506: 0
      507: 0
      508: 0
      509: 0
      510: 0
      511: 0
      512: 0
      513: 0
      514: 0
      515: 0
      516: 0
      517: 0
      518: 0
      519: 0
      520: 0
      521: 0
      522: 0
      523: 0
      524: 0
      525: 0
      526: 0
      527: 0
      528: 0
      529: 0
      530: 0
      531: 0
      532: 0
      533: 0
      534: 0
      535: 0
      536: 0
      537: 0
      538: 0
      539: 0
      540: 0
      541: 0
      542: 0
      543: 0
      544: 0
      545: 0
      546: 0
      547: 0
      548: 0
      549: 0
      550: 0
      551: 0
      552: 0
      553: 0
      554: 0
      555: 0
      556: 0
      557: 0
      558: 0
      559: 0
      560: 0
      561: 0
      562: 0
      563: 0
      564: 0
      565: 0
      566: 0
      567: 0
      568: 0
      569: 0
      570: 0
      571: 0
      572: 0
      573: 0
      574: 0
      575: 0
      576: 0
      577: 0
      578: 0
      579: 0
      580: 0
      581: 0
      582: 0
      583: 0
      584: 0
      585: 0
      586: 0
      587: 0
      588: 0
      589: 0
      590: 0
      591: 0
      592: 0
      593: 0
      594: 0
      595: 0
      596: 0
      597: 0
      598: 0
      599: 0
    recentShells:
      0: 0
      1: 0
      2: 0
      3: 0
      4: 0
      5: 0
      6: 0
      7: 0
      8: 0
      9: 0
      10: 0
      11: 0
      12: 0
      13: 0
      14: 0
      15: 0
      16: 0
      17: 0
      18: 0
      19: 0
      20: 0
      21: 0
      22: 0
      23: 0
      24: 0
      25: 0
      26: 0
      27: 0
      28: 0
      29: 0
      30: 0
      31: 0
      32: 0
      33: 0
      34: 0
      35: 0
      36: 0
      37: 0
      38: 0
      39: 0
      40: 0
      41: 0
      42: 0
      43: 0
      44: 0
      45: 0
      46: 0
      47: 0
      48: 0
      49: 0
      50: 0
      51: 0
      52: 0
      53: 0
      54: 0
      55: 0
      56: 0
      57: 0
      58: 0
      59: 0
      60: 0
      61: 0
      62: 0
      63: 0
      64: 0
      65: 0
      66: 0
      67: 0
      68: 0
      69: 0
      70: 0
      71: 0
      72: 0
      73: 0
      74: 0
      75: 0
      76: 0
      77: 0
      78: 0
      79: 0
      80: 0
      81: 0
      82: 0
      83: 0
      84: 0
      85: 0
      86: 0
      87: 0
      88: 0
      89: 0
      90: 0
      91: 0
      92: 0
      93: 0
      94: 0
      95: 0
      96: 0
      97: 0
      98: 0
      99: 0
      100: 0
      101: 0
      102: 0
      103: 0
      104: 0
      105: 0
      106: 0
      107: 0
      108: 0
      109: 0
      110: 0
      111: 0
      112: 0
      113: 0
      114: 0
      115: 0
      116: 0
      117: 0
      118: 0
      119: 0
      120: 0
      121: 0
      122: 0
      123: 0
      124: 0
      125: 0
      126: 0
      127: 0
      128: 0
      129: 0
      130: 0
      131: 0
      132: 0
      133: 0
      134: 0
      135: 0
      136: 0
      137: 0
      138: 0
      139: 0
      140: 0
      141: 0
      142: 0
      143: 0
      144: 0
      145: 0
      146: 0
      147: 0
      148: 0
      149: 0
      150: 0
      151: 0
      152: 0
      153: 0
      154: 0
      155: 0
      156: 0
      157: 0
      158: 0
      159: 0
      160: 0
      161: 0
      162: 0
      163: 0
      164: 0
      165: 0
      166: 0
      167: 0
      168: 0
      169: 0
      170: 0
      171: 0
      172: 0
      173: 0
      174: 0
      175: 0
      176: 0
      177: 0
      178: 0
      179: 0
      180: 0
      181: 0
      182: 0
      183: 0
      184: 0
      185: 0
      186: 0
      187: 0
      188: 0
      189: 0
      190: 0
      191: 0
      192: 0
      193: 0
      194: 0
      195: 0
      196: 0
      197: 0
      198: 0
      199: 0
      200: 0
      201: 0
      202: 0
      203: 0
      204: 0
      205: 0
      206: 0
      207: 0
      208: 0
      209: 0
      210: 0
      211: 0
      212: 0
      213: 0
      214: 0
      215: 0
      216: 0
      217: 0
      218: 0
      219: 0
      220: 0
      221: 0
      222: 0
      223: 0
      224: 0
      225: 0
      226: 0
      227: 0
      228: 0
      229: 0
      230: 0
      231: 0
      232: 0
      233: 0
      234: 0
      235: 0
      236: 0
      237: 0
      238: 0
      239: 0
      240: 0
      241: 0
      242: 0
      243: 0
      244: 0
      245: 0
      246: 0
      247: 0
      248: 0
      249: 0
      250: 0
      251: 0
      252: 0
      253: 0
      254: 0
      255: 0
      256: 0
      257: 0
      258: 0
      259: 0
      260: 0
      261: 0
      262: 0
      263: 0
      264: 0
      265: 0
      266: 0
      267: 0
      268: 0
      269: 0
      270: 0
      271: 0
      272: 0
      273: 0
      274: 0
      275: 0
      276: 0
      277: 0
      278: 0
      279: 0
      280: 0
      281: 0
      282: 0
      283: 0
      284: 0
      285: 0
      286: 0
      287: 0
      288: 0
      289: 0
      290: 0
      291: 0
      292: 0
      293: 0
      294: 0
      295: 0
      296: 0
      297: 0
      298: 0
      299: 0
      300: 0
      301: 0
      302: 0
      303: 0
      304: 0
      305: 0
      306: 0
      307: 0
      308: 0
      309: 0
      310: 0
      311: 0
      312: 0
      313: 0
      314: 0
      315: 0
      316: 0
      317: 0
      318: 0
      319: 0
      320: 0
      321: 0
      322: 0
      323: 0
      324: 0
      325: 0
      326: 0
      327: 0
      328: 0
      329: 0
      330: 0
      331: 0
      332: 0
      333: 0
      334: 0
      335: 0
      336: 0
      337: 0
      338: 0
      339: 0
      340: 0
      341: 0
      342: 0
      343: 0
      344: 0
      345: 0
      346: 0
      347: 0
      348: 0
      349: 0
      350: 0
      351: 0
      352: 0
      353: 0
      354: 0
      355: 0
      356: 0
      357: 0
      358: 0
      359: 0
      360: 0
      361: 0
      362: 0
      363: 0
      364: 0
      365: 0
      366: 0
      367: 0
      368: 0
      369: 0
      370: 0
      371: 0
      372: 0
      373: 0
      374: 0
      375: 0
      376: 0
      377: 0
      378: 0
      379: 0
      380: 0
      381: 0
      382: 0
      383: 0
      384: 0
      385: 0
      386: 0
      387: 0
      388: 0
      389: 0
      390: 0
      391: 0
      392: 0
      393: 0
      394: 0
      395: 0
      396: 0
      397: 0
      398: 0
      399: 0
      400: 0
      401: 0
      402: 0
      403: 0
      404: 0
      405: 0
      406: 0
      407: 0
      408: 0
      409: 0
      410: 0
      411: 0
      412: 0
      413: 0
      414: 0
      415: 0
      416: 0
      417: 0
      418: 0
      419: 0
      420: 0
      421: 0
      422: 0
      423: 0
      424: 0
      425: 0
      426: 0
      427: 0
      428: 0
      429: 0
      430: 0
      431: 0
      432: 0
      433: 0
      434: 0
      435: 0
      436: 0
      437: 0
      438: 0
      439: 0
      440: 0
      441: 0
      442: 0
      443: 0
      444: 0
      445: 0
      446: 0
      447: 0
      448: 0
      449: 0
      450: 0
      451: 0
      452: 0
      453: 0
      454: 0
      455: 0
      456: 0
      457: 0
      458: 0
      459: 0
      460: 0
      461: 0
      462: 0
      463: 0
      464: 0
      465: 0
      466: 0
      467: 0
      468: 0
      469: 0
      470: 0
      471: 0
      472: 0
      473: 0
      474: 0
      475: 0
      476: 0
      477: 0
      478: 0
      479: 0
      480: 0
      481: 0
      482: 0
      483: 0
      484: 0
      485: 0
      486: 0
      487: 0
      488: 0
      489: 0
      490: 0
      491: 0
      492: 0
      493: 0
      494: 0
      495: 0
      496: 0
      497: 0
      498: 0
      499: 0
      500: 0
      501: 0
      502: 0
      503: 0
      504: 0
      505: 0
      506: 0
      507: 0
      508: 0
      509: 0
      510: 0
      511: 0
      512: 0
      513: 0
      514: 0
      515: 0
      516: 0
      517: 0
      518: 0
      519: 0
      520: 0
      521: 0
      522: 0
      523: 0
      524: 0
      525: 0
      526: 0
      527: 0
      528: 0
      529: 0
      530: 0
      531: 0
      532: 0
      533: 0
      534: 0
      535: 0
      536: 0
      537: 0
      538: 0
      539: 0
      540: 0
      541: 0
      542: 0
      543: 0
      544: 0
      545: 0
      546: 0
      547: 0
      548: 0
      549: 0
      550: 0
      551: 0
      552: 0
      553: 0
      554: 0
      555: 0
      556: 0
      557: 0
      558: 0
      559: 0
      560: 0
      561: 0
      562: 0
      563: 0
      564: 0
      565: 0
      566: 0
      567: 0
      568: 0
      569: 0
      570: 0
      571: 0
      572: 0
      573: 0
      574: 0
      575: 0
      576: 0
      577: 0
      578: 0
      579: 0
      580: 0
      581: 0
      582: 0
      583: 0
      584: 0
      585: 0
      586: 0
      587: 0
      588: 0
      589: 0
      590: 0
      591: 0
      592: 0
      593: 0
      594: 0
      595: 0
      596: 0
      597: 0
      598: 0
      599: 0
    recentRoundsSum: 0
    recentShellsSum: 0
    totalRounds: 0
    totalShells: 0
    hourly:
    stats:
      lost: 0
      retakes: 0
      claims: 0
      firstInterior: -1
      firstFall: -1
      firstUnfed: -1
      unfedTotal: 0
      lostLog:
      ringReorders: 0
      assemblersAdded: 0
      claimsRejected: 0
      magsMade: 0
      machinesLost: 0
      ranDry: 0
      dryLog:
      firstBrownout: -1
      brownoutS: 0
      throttleMin: 1
      lostInWindow: 0
      lostAfterWindow: 0
      wellsDead: 0
      ringDraw: 0
      ringFired: 0
      spentSteel: 0
      spentCopper: 0
      roundsLost: 0
    stock:
      stone: 50
      copper: 100
      steel: 200
    patch:
      steel: 7680
      copper: 3840
    power:
      supply: 300
      throttle: 1
      short: false
      shortAt: -1
      okAt: -999
      asmActive: 0
      demandKw:
      supplyKw:
    asmTrack:
      n: 0
      at: -1
    wellDead:
      0: false
      1: false
      2: false
      3: false
      4: false
    wellEnclosedSince:
      0: -1
      1: -1
      2: -1
      3: -1
      4: -1
    events:
      0:
        type: 'stalker'
        t: 0
        id: 1
        what: 'spawn'
        x: 378
        y: 599
        site: 332
    flow:
      version: 1
      tick: 0
      next: 3
      rev: 3
      tw: 800
      machines:
        0:
          id: 1
          kind: 'depot'
          x: 418
          y: 632
          dir: 0
          size: 6
          items:
          hold: ~
          timer: 0
          phase: 0
          inv:
          out: 0
          busy: false
        1:
          id: 2
          kind: 'generator'
          x: 428
          y: 631
          dir: 0
          size: 2
          items:
          hold: ~
          timer: 0
          phase: 0
          inv:
            coal: 40
          out: 0
          busy: false
      occ:
        505228: 2
        505229: 2
        506018: 1
        506019: 1
        506020: 1
        506021: 1
        506022: 1
        506023: 1
        506028: 2
        506029: 2
        506818: 1
        506819: 1
        506820: 1
        506821: 1
        506822: 1
        506823: 1
        507618: 1
        507619: 1
        507620: 1
        507621: 1
        507622: 1
        507623: 1
        508418: 1
        508419: 1
        508420: 1
        508421: 1
        508422: 1
        508423: 1
        509218: 1
        509219: 1
        509220: 1
        509221: 1
        509222: 1
        509223: 1
        510018: 1
        510019: 1
        510020: 1
        510021: 1
        510022: 1
        510023: 1
      dug:
      units:
      store:
        coal: 40
        wire: 0
        frame: 0
        board: 0
      hand:
        mine: ~
        prog: 0
        crafts: 0
        crafting: false
        craftProg: 0
        full: false
        away: false
      stats:
        magsMade: 0
        magsDelivered: 0
        mined: 0
        handMined: 0
        handCrafted: 0
        delivered:
          steel: 0
          copper: 0
          stone: 0
          coal: 0
          magazine: 0
          wire: 0
          frame: 0
          board: 0
        putBack:
          steel: 0
          copper: 0
          stone: 0
          coal: 0
          magazine: 0
          wire: 0
          frame: 0
          board: 0
        fired: 0
        coalBurned: 0
        handFed: 0
        handFedMags: 0
        handFedCoal: 0
        chestTrips: 0
        reachRefused: 0
        minedOf:
          steel: 0
          copper: 0
          stone: 0
          coal: 0
          magazine: 0
          wire: 0
          frame: 0
          board: 0
        handMinedOf:
          steel: 0
          copper: 0
          stone: 0
          coal: 0
          magazine: 0
          wire: 0
          frame: 0
          board: 0
        railCoal: 0
        made:
          steel: 0
          copper: 0
          stone: 0
          coal: 0
          magazine: 0
          wire: 0
          frame: 0
          board: 0
        consumed:
          steel: 0
          copper: 0
          stone: 0
          coal: 0
          magazine: 0
          wire: 0
          frame: 0
          board: 0
        turretFed: 0
        genFed: 0
        placed:
          steel: 0
          copper: 0
      pending:
      delivered:
      commissionSeq: 0
      projects:
      power:
        supply: 0
        demand: 0
        load: 0
        overS: 0
        throttle: 1
      ledger:
        tick: 0
        base:
          steel: 200
          copper: 100
          stone: 50
          coal: 80
          magazine: 20
          wire: 0
          frame: 0
          board: 0
          concrete: 0
  actual:
    version: 3
    seed: 3
    t: 0
    rng: 4293106050
    speed: 1
    acc: 0
    ruleset: 'exploration-v2'
    campaign:
      version: 10
      opening: 'culdesac-v1'
      homeBlock: 356
      expansion:
        station:
          block: 353
          x: 386
          y: 632
          size: 3
          delivered:
            steel: 0
            copper: 0
          restoredAt: -1
        radio:
          block: 353
          x: 376
          y: 621
          size: 1
          delivered:
            steel: 0
            copper: 0
          restoredAt: -1
        route:
          0: 508436
          1: 507636
          2: 506836
          3: 506036
          4: 505236
          5: 504436
          6: 503636
          7: 502836
          8: 502036
          9: 501236
          10: 500436
          11: 499636
          12: 498836
          13: 498036
          14: 497236
          15: 496436
          16: 495636
          17: 495635
          18: 495634
          19: 495633
          20: 495632
          21: 495631
          22: 495630
          23: 495629
          24: 495628
          25: 495627
          26: 495626
          27: 495625
          28: 495624
          29: 495623
          30: 495622
          31: 495621
          32: 495620
          33: 495619
          34: 495618
          35: 495617
          36: 495616
          37: 495615
          38: 495614
          39: 495613
          40: 495612
          41: 495611
          42: 495610
          43: 495609
          44: 495608
          45: 495607
          46: 495606
          47: 495605
        stops:
          0:
            0: 434
            1: 635
          1:
            0: 403
            1: 619
        reward:
          track: 0
          tramstop: 0
          tram: 0
        grantedAt: -1
      defence:
        version: 2
        bases:
          0:
            block: 356
            x: 418
            y: 632
            size: 6
            hp: 300
            commissionedAt: 0
        nextId: 1
        nextDawn: 2400
        lastMajorEnd: -1
        lastMinorSlot: -1
        nominations:
        major: ~
        minor: ~
        radioUpgrade: false
        warning: ~
        repair: ~
        sites:
          0:
            id: 1
            block: 0
            tile: 8008
            spawned: false
          1:
            id: 2
            block: 1
            tile: 6460
            spawned: false
          2:
            id: 3
            block: 2
            tile: 6504
            spawned: false
        history:
        raidsStarted: 0
        majorSpawned: 0
        notice: ''
      districts:
        version: 1
        station:
          block: 332
          x: 390
          y: 596
          size: 3
          delivered:
            steel: 0
            copper: 0
          restoredAt: -1
        workshop:
          block: 332
          x: 378
          y: 585
          size: 1
          delivered:
            steel: 0
            copper: 0
          restoredAt: -1
        route:
          0: 495605
          1: 494805
          2: 494005
          3: 493205
          4: 492405
        stop:
          0: 403
          1: 615
        sources:
          0:
            block: 353
            x: 377
            y: 621
            size: 5
            item: 'steel'
          1:
            block: 332
            x: 379
            y: 585
            size: 5
            item: 'copper'
          2:
            block: 334
            x: 414
            y: 586
            size: 5
            item: 'coal'
        repair: ~
        repairs: 0
        supplied:
          steel: 0
          copper: 0
          magazine: 0
        visits: 0
        lastVisit: -1
        resuppliedAt: -1
      discovery:
        version: 1
        id: '3:workshop-field-repair-v1'
        block: 332
        x: 378
        y: 599
        seenAt: -1
        recoveredAt: -1
        guardian:
          cand:
            perception: 5
            leash: 8
            hpMul: 2
            speedMul: 1.2
            windupS: 1.2
            attackS: 1.2
            attackHp: 5
            investigateS: 6
            lostS: 2
            hysteresis: 2
            respawnS: 0
          next: 2
          stalkers:
            0:
              id: 1
              kind: 'stalker'
              site: 332
              hx: 378.5
              hy: 599.5
              x: 378.5
              y: 599.5
              hp: 24
              mode: 'guard'
              modeT: 0
              px: 378.5
              py: 599.5
              windup: 0
              atk: 0
              warmed: false
              lost: 0
              stuck: 0
              born: 0
              dir:
                0: 0
                1: 0
              path:
              goal: -1
              planT: -1
          sites:
            332:
              restored: false
              diedAt: -1
              spawned: 1
          ex: 421.5
          ey: 638.5
          shotAt: -1
          machineId: 3
          stats:
            spawned: 1
            pursuits: 0
            attacks: 0
            hits: 0
            dodged: 0
            kills: 0
            retired: 0
            contactS: 0
      recruits:
        version: 4
        sites:
          0:
            id: '3:recruit:electricians:v1'
            kind: 'electricians'
            block: 355
            x: 443
            y: 635
            seenAt: -1
            recruitedAt: -1
            inherited: false
          1:
            id: '3:recruit:concrete:v1'
            kind: 'concrete'
            block: 334
            x: 433
            y: 613
            seenAt: -1
            recruitedAt: -1
            inherited: false
          2:
            id: '3:recruit:lamplighters:v1'
            kind: 'lamplighters'
            block: 355
            x: 465
            y: 645
            seenAt: -1
            recruitedAt: -1
            inherited: false
          3:
            id: '3:recruit:surveyors:v1'
            kind: 'surveyors'
            block: 334
            x: 434
            y: 588
            seenAt: -1
            recruitedAt: -1
            inherited: false
          4:
            id: '3:recruit:foreman:v1'
            kind: 'foreman'
            block: 353
            x: 398
            y: 621
            seenAt: -1
            recruitedAt: -1
            inherited: false
      turbine:
        id: '3:turbine:v1'
        block: 363
        x: 517
        y: 656
        size: 4
        seenAt: -1
        restoredAt: -1
        enabled: false
        delivered:
          steel: 0
          copper: 0
          concrete: 0
      knowledge:
        version: 1
        sites:
          station: 0
    w: 800
    h: 800
    start:
      0: 421
      1: 634
    target:
      0: 615
      1: 487
    wells:
      0:
        0: 653
        1: 441
      1:
        0: 18
        1: 86
      2:
        0: 782
        1: 40
      3:
        0: 39
        1: 660
      4:
        0: 643
        1: 673
    facilities:
      0:
        name: 'Foundry'
        x: 615
        y: 487
      1:
        name: 'Arsenal'
        x: 727
        y: 688
      2:
        name: 'Turbine hall'
        x: 500
        y: 311
      3:
        name: 'Refinery'
        x: 125
        y: 636
      4:
        name: 'Power station'
        x: 236
        y: 60
      5:
        name: 'Tram depot'
        x: 521
        y: 588
    survivors:
      0:
        name: 'Electricians'
        tag: 'E'
        x: 313
        y: 658
      1:
        name: 'Concrete crew'
        tag: 'N'
        x: 331
        y: 498
      2:
        name: 'Gunsmith'
        tag: 'G'
        x: 455
        y: 376
      3:
        name: 'Rail crew'
        tag: 'K'
        x: 282
        y: 500
      4:
        name: 'Foreman'
        tag: 'M'
        x: 434
        y: 237
    config:
      production: true
      asmSchedule:
      startAssemblers: 1
      asmRate: 20
      asmEarlyRate: ~
      startAsmRate: 10
      hopper: 100
      bufferCap: 4000
      startRounds: 200
      unfed: 'substation'
      unfedN: 40
      starveQuiet: false
      scatter: true
      scatterFrac: 0.09
      validator: 'none'
      shadeThr: 0.3
      hulkThr: 0.5
      wakeCap: true
      bloomBase: 4
      jitter: 0.1
      fallTiles: 30
      hulkRoll: 'hash'
      bloomT: 120
      bloomDrop: 0.9
      relight: ~
      power: true
      supply: 'generators'
      headroom: 500
      shortfall: ~
      draw: 'half'
      interiorGrace: 0
      asmTrack: 0
      wellDeath: false
      interleave: false
      economy: true
      walk: true
      eco:
        yieldPerMin: 32
        claimCost:
          copper: 5
          steel: 10
        assemblerCost:
          copper: 20
          steel: 40
        startStock:
          stone: 0
          copper: 40
          steel: 80
        startPatch:
          steel: 7680
          perMin: 64
          copper: 3840
          copperPerMin: 32
        magazineCost:
          steel: 2
          copper: 1
        pool:
          civ: 3840
          res: 3840
          ind: 3840
    blocks:
      0:
        x: 29
        y: 29
        state: 0
        d: 0.44316524300049054
        dmax: 0.9779999999999999
        g: 0.00195
        name: 'ind'
        well: true
        base: 0.7529999999999999
        gBase: 0.0006
        timer: -1
        contestUntil: 0
        upto: 0
        awake: false
        subOn: true
        creep: 0
        unfed: 0
        fedTimer: 0
        shadeOff: 0
        unfedSince: -1
        starveSince: -1
        machines: 0
        slots: 3
        area: 2036
        pool: 13573.333333333334
        exposed: true
        exposedAt: 0
      1:
        x: 72
        y: 20
        state: 0
        d: 0.47896710034303824
        dmax: 0.9029999999999999
        g: 0.0014999999999999998
        name: 'ind'
        well: true
        base: 0.7529999999999999
        gBase: 0.0006
        timer: -1
        contestUntil: 0
        upto: 0
        awake: false
        subOn: true
        creep: 0
        unfed: 0
        fedTimer: 0
        shadeOff: 0
        unfedSince: -1
        starveSince: -1
        machines: 0
        slots: 1
        area: 701
        pool: 4673.333333333333
        exposed: true
        exposedAt: 0
      2:
        x: 112
        y: 17
        state: 0
        d: 0.40684931739850433
        dmax: 0.819
        g: 0.00105
        name: 'ind'
        well: true
        base: 0.744
        gBase: 0.0006
        timer: -1
        contestUntil: 0
        upto: 0
        awake: false
        subOn: true
        creep: 0
        unfed: 0
        fedTimer: 0
        shadeOff: 0
        unfedSince: -1
        starveSince: -1
        machines: 0
        slots: 1
        area: 558
        pool: 3720
        exposed: true
        exposedAt: 0
      3:
        x: 143
        y: 22
        state: 0
        d: 0.5385006292490289
        dmax: 1
        g: 0.0008
        name: 'out'
        well: false
        base: 1
        gBase: 0.0008
        timer: -1
        contestUntil: 0
        upto: 0
        awake: false
        subOn: true
        creep: 0
        unfed: 0
        fedTimer: 0
        shadeOff: 0
        unfedSince: -1
        starveSince: -1
        machines: 0
        slots: 2
        area: 1268
        pool: 0
        exposed: true
        exposedAt: 0
      4:
        x: 174
        y: 16
        state: 0
        d: 0.4668991052079946
        dmax: 1
        g: 0.0008
        name: 'out'
        well: false
        base: 1
        gBase: 0.0008
        timer: -1
        contestUntil: 0
        upto: 0
        awake: false
        subOn: true
        creep: 0
        unfed: 0
        fedTimer: 0
        shadeOff: 0
        unfedSince: -1
        starveSince: -1
        machines: 0
        slots: 1
        area: 690
        pool: 0
        exposed: true
        exposedAt: 0
      5:
        x: 207
        y: 24
        state: 0
        d: 0.46512542171403765
        dmax: 1
        g: 0.0008
        name: 'out'
        well: false
        base: 1
        gBase: 0.0008
        timer: -1
        contestUntil: 0
        upto: 0
        awake: false
        subOn: true
        creep: 0
        unfed: 0
        fedTimer: 0
        shadeOff: 0
        unfedSince: -1
        starveSince: -1
        machines: 0
        slots: 2
        area: 1239
        pool: 0
        exposed: true
        exposedAt: 0
      6:
        x: 243
        y: 19
        state: 0
        d: 0.4817041707923636
        dmax: 1
        g: 0.0008
        name: 'out'
        well: false
        base: 1
        gBase: 0.0008
        timer: -1
        contestUntil: 0
        upto: 0
        awake: false
        subOn: true
        creep: 0
        unfed: 0
        fedTimer: 0
        shadeOff: 0
        unfedSince: -1
        starveSince: -1
        machines: 0
        slots: 1
        area: 749
        pool: 0
        exposed: true
        exposedAt: 0
      7:
        x: 275
        y: 38
        state: 0
        d: 0.48371578196529297
        dmax: 1
        g: 0.0008
        name: 'out'
        well: false
        base: 1
        gBase: 0.0008
        timer: -1
        contestUntil: 0
        upto: 0
        awake: false
        subOn: true
        creep: 0
        unfed: 0
        fedTimer: 0
        shadeOff: 0
        unfedSince: -1
        starveSince: -1
        machines: 0
        slots: 1
        area: 797
        pool: 0
        exposed: true
        exposedAt: 0
      8:
        x: 298
        y: 15
        state: 0
        d: 0.5251796968281269
        dmax: 1
        g: 0.0008
        name: 'out'
        well: false
        base: 1
        gBase: 0.0008
        timer: -1
        contestUntil: 0
        upto: 0
        awake: false
        subOn: true
        creep: 0
        unfed: 0
        fedTimer: 0
        shadeOff: 0
        unfedSince: -1
        starveSince: -1
        machines: 0
        slots: 1
        area: 565
        pool: 0
        exposed: true
        exposedAt: 0
      9:
        x: 327
        y: 33
        state: 0
        d: 0.5381930499337614
        dmax: 1
        g: 0.0008
        name: 'out'
        well: false
        base: 1
        gBase: 0.0008
        timer: -1
        contestUntil: 0
        upto: 0
        awake: false
        subOn: true
        creep: 0
        unfed: 0
        fedTimer: 0
        shadeOff: 0
        unfedSince: -1
        starveSince: -1
        machines: 0
        slots: 2
        area: 1405
        pool: 0
        exposed: true
        exposedAt: 0
      10:
        x: 359
        y: 18
        state: 0
        d: 0.5275515437591821
        dmax: 1
        g: 0.0008
        name: 'out'
        well: false
        base: 1
        gBase: 0.0008
        timer: -1
        contestUntil: 0
        upto: 0
        awake: false
        subOn: true
        creep: 0
        unfed: 0
        fedTimer: 0
        shadeOff: 0
        unfedSince: -1
        starveSince: -1
        machines: 0
        slots: 1
        area: 750
        pool: 0
        exposed: true
        exposedAt: 0
      11:
        x: 410
        y: 17
        state: 0
        d: 0.517765131755732
        dmax: 1
        g: 0.0008
        name: 'out'
        well: false
        base: 1
        gBase: 0.0008
        timer: -1
        contestUntil: 0
        upto: 0
        awake: false
        subOn: true
        creep: 0
        unfed: 0
        fedTimer: 0
        shadeOff: 0
        unfedSince: -1
        starveSince: -1
        machines: 0
        slots: 1
        area: 619
        pool: 0
        exposed: true
        exposedAt: 0
      12:
        x: 444
        y: 17
        state: 0
        d: 0.5223967312136665
        dmax: 1
        g: 0.0008
        name: 'out'
        well: false
        base: 1
        gBase: 0.0008
        timer: -1
        contestUntil: 0
        upto: 0
        awake: false
        subOn: true
        creep: 0
        unfed: 0
        fedTimer: 0
        shadeOff: 0
        unfedSince: -1
        starveSince: -1
        machines: 0
        slots: 1
        area: 787
        pool: 0
        exposed: true
        exposedAt: 0
      13:
        x: 497
        y: 22
        state: 0
        d: 0.46493337778374555
        dmax: 1
        g: 0.0008
        name: 'out'
        well: false
        base: 1
        gBase: 0.0008
        timer: -1
        contestUntil: 0
        upto: 0
        awake: false
        subOn: true
        creep: 0
        unfed: 0
        fedTimer: 0
        shadeOff: 0
        unfedSince: -1
        starveSince: -1
        machines: 0
        slots: 2
        area: 1485
        pool: 0
        exposed: true
        exposedAt: 0
      14:
        x: 540
        y: 17
        state: 0
        d: 0.5064395461929962
        dmax: 1
        g: 0.0008
        name: 'out'
        well: false
        base: 1
        gBase: 0.0008
        timer: -1
        contestUntil: 0
        upto: 0
        awake: false
        subOn: true
        creep: 0
        unfed: 0
        fedTimer: 0
        shadeOff: 0
        unfedSince: -1
        starveSince: -1
        machines: 0
        slots: 1
        area: 628
        pool: 0
        exposed: true
        exposedAt: 0
      15:
        x: 571
        y: 26
        state: 0
        d: 0.4544519920134917
        dmax: 1
        g: 0.0008
        name: 'out'
        well: false
        base: 1
        gBase: 0.0008
        timer: -1
        contestUntil: 0
        upto: 0
        awake: false
        subOn: true
        creep: 0
        unfed: 0
        fedTimer: 0
        shadeOff: 0
        unfedSince: -1
        starveSince: -1
        machines: 0
        slots: 1
        area: 630
        pool: 0
        exposed: true
        exposedAt: 0
      16:
        x: 597
        y: 17
        state: 3
        d: 0.5083317574579269
        dmax: 1
        g: 0.0008
        name: 'out'
        well: false
        base: 1
        gBase: 0.0008
        timer: -1
        contestUntil: 0
        upto: 0
        awake: false
        subOn: true
        creep: 0
        unfed: 0
        fedTimer: 0
        shadeOff: 0
        unfedSince: -1
        starveSince: -1
        machines: 0
        slots: 1
        area: 568
        pool: 0
        exposed: true
        exposedAt: 0
      17:
        x: 631
        y: 16
        state: 0
        d: 0.48860267663840207
        dmax: 1
        g: 0.0008
        name: 'out'
        well: false
        base: 1
        gBase: 0.0008
        timer: -1
        contestUntil: 0
        upto: 0
        awake: false
        subOn: true
        creep: 0
        unfed: 0
        fedTimer: 0
        shadeOff: 0
        unfedSince: -1
        starveSince: -1
        machines: 0
        slots: 1
        area: 540
        pool: 0
        exposed: true
        exposedAt: 0
      18:
        x: 674
        y: 22
        state: 0
        d: 0.5497169138630852
        dmax: 1
        g: 0.0014
        name: 'out'
        well: true
        base: 1
        gBase: 0.0008
        timer: -1
        contestUntil: 0
        upto: 0
        awake: false
        subOn: true
        creep: 0
        unfed: 0
        fedTimer: 0
        shadeOff: 0
        unfedSince: -1
        starveSince: -1
        machines: 0
        slots: 2
        area: 1432
        pool: 0
        exposed: true
        exposedAt: 0
      19:
        x: 712
        y: 16
        state: 0
        d: 0.4686209978699684
        dmax: 0.912
        g: 0.0014999999999999998
        name: 'ind'
        well: true
        base: 0.762
        gBase: 0.0006
        timer: -1
        contestUntil: 0
        upto: 0
        awake: false
        subOn: true
        creep: 0
        unfed: 0
        fedTimer: 0
        shadeOff: 0
        unfedSince: -1
        starveSince: -1
        machines: 0
        slots: 1
        area: 615
        pool: 4100
        exposed: true
        exposedAt: 0
      20:
        x: 751
        y: 20
        state: 0
        d: 0.4641280342424288
        dmax: 0.987
        g: 0.00195
        name: 'ind'
        well: true
        base: 0.762
        gBase: 0.0006
        timer: -1
        contestUntil: 0
        upto: 0
        awake: false
        subOn: true
        creep: 0
        unfed: 0
        fedTimer: 0
        shadeOff: 0
        unfedSince: -1
        starveSince: -1
        machines: 0
        slots: 1
        area: 748
        pool: 4986.666666666667
        exposed: true
        exposedAt: 0
      21:
        x: 782
        y: 40
        state: 0
        d: 0.5303495201747864
        dmax: 1
        g: 0.0024
        name: 'ind'
        well: true
        base: 0.762
        gBase: 0.0006
        timer: -1
        contestUntil: 0
        upto: 0
        awake: false
        subOn: true
        creep: 0
        unfed: 0
        fedTimer: 0
        shadeOff: 0
        unfedSince: -1
        starveSince: -1
        machines: 0
        slots: 1
        area: 830
        pool: 5533.333333333333
        exposed: true
        exposedAt: 0
      22:
        x: 708
        y: 44
        state: 0
        d: 0.5190834458218887
        dmax: 1
        g: 0.002
        name: 'out'
        well: true
        base: 1
        gBase: 0.0008
        timer: -1
        contestUntil: 0
        upto: 0
        awake: false
        subOn: true
        creep: 0
        unfed: 0
        fedTimer: 0
        shadeOff: 0
        unfedSince: -1
        starveSince: -1
        machines: 0
        slots: 1
        area: 984
        pool: 0
        exposed: true
        exposedAt: 0
      23:
        x: 636
        y: 45
        state: 0
        d: 0.4778599068289623
        dmax: 1
        g: 0.0008
        name: 'out'
        well: false
        base: 1
        gBase: 0.0008
        timer: -1
        contestUntil: 0
        upto: 0
        awake: false
        subOn: true
        creep: 0
        unfed: 0
        fedTimer: 0
        shadeOff: 0
        unfedSince: -1
        starveSince: -1
        machines: 0
        slots: 1
        area: 981
        pool: 0
        exposed: true
        exposedAt: 0
      24:
        x: 402
        y: 47
        state: 0
        d: 0.539961589127779
        dmax: 1
        g: 0.0008
        name: 'out'
        well: false
        base: 1
        gBase: 0.0008
        timer: -1
        contestUntil: 0
        upto: 0
        awake: false
        subOn: true
        creep: 0
        unfed: 0
        fedTimer: 0
        shadeOff: 0
        unfedSince: -1
        starveSince: -1
        machines: 0
        slots: 1
        area: 965
        pool: 0
        exposed: true
        exposedAt: 0
      25:
        x: 449
        y: 49
        state: 0
        d: 0.5117248089751228
        dmax: 1
        g: 0.0008
        name: 'out'
        well: false
        base: 1
        gBase: 0.0008
        timer: -1
        contestUntil: 0
        upto: 0
        awake: false
        subOn: true
        creep: 0
        unfed: 0
        fedTimer: 0
        shadeOff: 0
        unfedSince: -1
        starveSince: -1
        machines: 0
        slots: 2
        area: 1217
        pool: 0
        exposed: true
        exposedAt: 0
      26:
        x: 368
        y: 47
        state: 0
        d: 0.5361515667522326
        dmax: 1
        g: 0.0008
        name: 'out'
        well: false
        base: 1
        gBase: 0.0008
        timer: -1
        contestUntil: 0
        upto: 0
        awake: false
        subOn: true
        creep: 0
        unfed: 0
        fedTimer: 0
        shadeOff: 0
        unfedSince: -1
        starveSince: -1
        machines: 0
        slots: 1
        area: 611
        pool: 0
        exposed: true
        exposedAt: 0
      27:
        x: 610
        y: 51
        state: 0
        d: 0.538417428242974
        dmax: 1
        g: 0.0008
        name: 'out'
        well: false
        base: 1
        gBase: 0.0008
        timer: -1
        contestUntil: 0
        upto: 0
        awake: false
        subOn: true
        creep: 0
        unfed: 0
        fedTimer: 0
        shadeOff: 0
        unfedSince: -1
        starveSince: -1
        machines: 0
        slots: 1
        area: 246
        pool: 0
        exposed: true
        exposedAt: 0
      28:
        x: 746
        y: 48
        state: 0
        d: 0.44911632962243164
        dmax: 0.987
        g: 0.00195
        name: 'ind'
        well: true
        base: 0.762
        gBase: 0.0006
        timer: -1
        contestUntil: 0
        upto: 0
        awake: false
        subOn: true
        creep: 0
        unfed: 0
        fedTimer: 0
        shadeOff: 0
        unfedSince: -1
        starveSince: -1
        machines: 0
        slots: 1
        area: 549
        pool: 3660
        exposed: true
        exposedAt: 0
      29:
        x: 68
        y: 50
        state: 0
        d: 0.48809491899702695
        dmax: 0.9029999999999999
        g: 0.0014999999999999998
        name: 'ind'
        well: true
        base: 0.7529999999999999
        gBase: 0.0006
        timer: -1
        contestUntil: 0
        upto: 0
        awake: false
        subOn: true
        creep: 0
        unfed: 0
        fedTimer: 0
        shadeOff: 0
        unfedSince: -1
        starveSince: -1
        machines: 0
        slots: 1
        area: 430
        pool: 2866.6666666666665
        exposed: true
        exposedAt: 0
      30:
        x: 109
        y: 52
        state: 0
        d: 0.5253275593509897
        dmax: 1
        g: 0.0014
        name: 'out'
        well: true
        base: 1
        gBase: 0.0008
        timer: -1
        contestUntil: 0
        upto: 0
        awake: false
        subOn: true
        creep: 0
        unfed: 0
        fedTimer: 0
        shadeOff: 0
        unfedSince: -1
        starveSince: -1
        machines: 0
        slots: 1
        area: 235
        pool: 0
        exposed: true
        exposedAt: 0
      31:
        x: 205
        y: 62
        state: 3
        d: 0.4545697818510234
        dmax: 1
        g: 0.0008
        name: 'out'
        well: false
        base: 1
        gBase: 0.0008
        timer: -1
        contestUntil: 0
        upto: 0
        awake: false
        subOn: true
        creep: 0
        unfed: 0
        fedTimer: 0
        shadeOff: 0
        unfedSince: -1
        starveSince: -1
        machines: 0
        slots: 1
        area: 930
        pool: 0
        exposed: true
        exposedAt: 0
      32:
        x: 236
        y: 60
        state: 0
        d: 0.5251784273656085
        dmax: 1
        g: 0.0008
        name: 'out'
        well: false
        base: 1
        gBase: 0.0008
        timer: -1
        contestUntil: 0
        upto: 0
        awake: false
        subOn: true
        creep: 0
        unfed: 0
        fedTimer: 0
        shadeOff: 0
        unfedSince: -1
        starveSince: -1
        machines: 0
        slots: 1
        area: 683
        pool: 0
        exposed: true
        exposedAt: 0
      33:
        x: 531
        y: 61
        state: 0
        d: 0.5367918828502297
        dmax: 1
        g: 0.0008
        name: 'out'
        well: false
        base: 1
        gBase: 0.0008
        timer: -1
        contestUntil: 0
        upto: 0
        awake: false
        subOn: true
        creep: 0
        unfed: 0
        fedTimer: 0
        shadeOff: 0
        unfedSince: -1
        starveSince: -1
        machines: 0
        slots: 1
        area: 574
        pool: 0
        exposed: true
        exposedAt: 0
      34:
        x: 567
        y: 65
        state: 0
        d: 0.5447966257575899
        dmax: 1
        g: 0.0008
        name: 'out'
        well: false
        base: 1
        gBase: 0.0008
        timer: -1
        contestUntil: 0
        upto: 0
        awake: false
        subOn: true
        creep: 0
        unfed: 0
        fedTimer: 0
        shadeOff: 0
        unfedSince: -1
        starveSince: -1
        machines: 0
        slots: 1
        area: 765
        pool: 0
        exposed: true
        exposedAt: 0
      35:
        x: 169
        y: 74
        state: 0
        d: 0.5287807842716574
        dmax: 1
        g: 0.0008
        name: 'out'
        well: false
        base: 1
        gBase: 0.0008
        timer: -1
        contestUntil: 0
        upto: 0
        awake: false
        subOn: true
        creep: 0
        unfed: 0
        fedTimer: 0
        shadeOff: 0
        unfedSince: -1
        starveSince: -1
        machines: 0
        slots: 2
        area: 1216
        pool: 0
        exposed: true
        exposedAt: 0
      36:
        x: 497
        y: 72
        state: 0
        d: 0.47234131277073177
        dmax: 1
        g: 0.0008
        name: 'out'
        well: false
        base: 1
        gBase: 0.0008
        timer: -1
        contestUntil: 0
        upto: 0
        awake: false
        subOn: true
        creep: 0
        unfed: 0
        fedTimer: 0
        shadeOff: 0
        unfedSince: -1
        starveSince: -1
        machines: 0
        slots: 1
        area: 997
        pool: 0
        exposed: true
        exposedAt: 0
      37:
        x: 132
        y: 80
        state: 0
        d: 0.5493692262331024
        dmax: 1
        g: 0.0014
        name: 'out'
        well: true
        base: 1
        gBase: 0.0008
        timer: -1
        contestUntil: 0
        upto: 0
        awake: false
        subOn: true
        creep: 0
        unfed: 0
        fedTimer: 0
        shadeOff: 0
        unfedSince: -1
        starveSince: -1
        machines: 0
        slots: 1
        area: 811
        pool: 0
        exposed: true
        exposedAt: 0
      38:
        x: 778
        y: 74
        state: 0
        d: 0.4578728263033087
        dmax: 0.9779999999999999
        g: 0.00195
        name: 'ind'
        well: true
        base: 0.7529999999999999
        gBase: 0.0006
        timer: -1
        contestUntil: 0
        upto: 0
        awake: false
        subOn: true
        creep: 0
        unfed: 0
        fedTimer: 0
        shadeOff: 0
        unfedSince: -1
        starveSince: -1
        machines: 0
        slots: 1
        area: 755
        pool: 5033.333333333333
        exposed: true
        exposedAt: 0
      39:
        x: 18
        y: 86
        state: 0
        d: 0.5479543107328937
        dmax: 1
        g: 0.0024
        name: 'ind'
        well: true
        base: 0.744
        gBase: 0.0006
        timer: -1
        contestUntil: 0
        upto: 0
        awake: false
        subOn: true
        creep: 0
        unfed: 0
        fedTimer: 0
        shadeOff: 0
        unfedSince: -1
        starveSince: -1
        machines: 0
        slots: 1
        area: 733
        pool: 4886.666666666667
        exposed: true
        exposedAt: 0
      40:
        x: 273
        y: 76
        state: 0
        d: 0.49229934518225493
        dmax: 1
        g: 0.0008
        name: 'out'
        well: false
        base: 1
        gBase: 0.0008
        timer: -1
        contestUntil: 0
        upto: 0
        awake: false
        subOn: true
        creep: 0
        unfed: 0
        fedTimer: 0
        shadeOff: 0
        unfedSince: -1
        starveSince: -1
        machines: 0
        slots: 1
        area: 1162
        pool: 0
        exposed: true
        exposedAt: 0
      41:
        x: 50
        y: 78
        state: 0
        d: 0.4725331404944882
        dmax: 1
        g: 0.0026000000000000003
        name: 'out'
        well: true
        base: 1
        gBase: 0.0008
        timer: -1
        contestUntil: 0
        upto: 0
        awake: false
        subOn: true
        creep: 0
        unfed: 0
        fedTimer: 0
        shadeOff: 0
        unfedSince: -1
        starveSince: -1
        machines: 0
        slots: 1
        area: 1161
        pool: 0
        exposed: true
        exposedAt: 0
      42:
        x: 666
        y: 73
        state: 0
        d: 0.45963594757486137
        dmax: 1
        g: 0.0008
        name: 'out'
        well: false
        base: 1
        gBase: 0.0008
        timer: -1
        contestUntil: 0
        upto: 0
        awake: false
        subOn: true
        creep: 0
        unfed: 0
        fedTimer: 0
        shadeOff: 0
        unfedSince: -1
        starveSince: -1
        machines: 0
        slots: 1
        area: 651
        pool: 0
        exposed: true
        exposedAt: 0
      43:
        x: 376
        y: 83
        state: 0
        d: 0.46693959364201876
        dmax: 1
        g: 0.0008
        name: 'out'
        well: false
        base: 1
        gBase: 0.0008
        timer: -1
        contestUntil: 0
        upto: 0
        awake: false
        subOn: true
        creep: 0
        unfed: 0
        fedTimer: 0
        shadeOff: 0
        unfedSince: -1
        starveSince: -1
        machines: 0
        slots: 2
        area: 1517
        pool: 0
        exposed: true
        exposedAt: 0
      44:
        x: 699
        y: 78
        state: 3
        d: 0.47330247887875887
        dmax: 1
        g: 0.0014
        name: 'out'
        well: true
        base: 1
        gBase: 0.0008
        timer: -1
        contestUntil: 0
        upto: 0
        awake: false
        subOn: true
        creep: 0
        unfed: 0
        fedTimer: 0
        shadeOff: 0
        unfedSince: -1
        starveSince: -1
        machines: 0
        slots: 1
        area: 1132
        pool: 0
        exposed: true
        exposedAt: 0
      45:
        x: 89
        y: 75
        state: 0
        d: 0.46816220418550075
        dmax: 1
        g: 0.002
        name: 'out'
        well: true
        base: 1
        gBase: 0.0008
        timer: -1
        contestUntil: 0
        upto: 0
        awake: false
        subOn: true
        creep: 0
        unfed: 0
        fedTimer: 0
        shadeOff: 0
        unfedSince: -1
        starveSince: -1
        machines: 0
        slots: 1
        area: 720
        pool: 0
        exposed: true
        exposedAt: 0
      46:
        x: 307
        y: 72
        state: 0
        d: 0.5211188030662015
        dmax: 1
        g: 0.0008
        name: 'out'
        well: false
        base: 1
        gBase: 0.0008
        timer: -1
        contestUntil: 0
        upto: 0
        awake: false
        subOn: true
        creep: 0
        unfed: 0
        fedTimer: 0
        shadeOff: 0
        unfedSince: -1
        starveSince: -1
        machines: 0
        slots: 1
        area: 371
        pool: 0
        exposed: true
        exposedAt: 0
      47:
        x: 334
        y: 79
        state: 0
        d: 0.5255583442514762
        dmax: 1
        g: 0.0008
        name: 'out'
        well: false
        base: 1
        gBase: 0.0008
        timer: -1
        contestUntil: 0
        upto: 0
        awake: false
        subOn: true
        creep: 0
        unfed: 0
        fedTimer: 0
        shadeOff: 0
        unfedSince: -1
        starveSince: -1
        machines: 0
        slots: 1
        area: 849
        pool: 0
        exposed: true
        exposedAt: 0
      48:
        x: 745
        y: 76
        state: 0
        d: 0.4542944168439135
        dmax: 1
        g: 0.002
        name: 'out'
        well: true
        base: 1
        gBase: 0.0008
        timer: -1
        contestUntil: 0
        upto: 0
        awake: false
        subOn: true
        creep: 0
        unfed: 0
        fedTimer: 0
        shadeOff: 0
        unfedSince: -1
        starveSince: -1
        machines: 0
        slots: 1
        area: 500
        pool: 0
        exposed: true
        exposedAt: 0
      49:
        x: 416
        y: 79
        state: 0
        d: 0.539211445627734
        dmax: 1
        g: 0.0008
        name: 'out'
        well: false
        base: 1
        gBase: 0.0008
        timer: -1
        contestUntil: 0
        upto: 0
        awake: false
        subOn: true
        creep: 0
        unfed: 0
        fedTimer: 0
        shadeOff: 0
        unfedSince: -1
        starveSince: -1
        machines: 0
        slots: 1
        area: 795
        pool: 0
        exposed: true
        exposedAt: 0
      50:
        x: 462
        y: 85
        state: 0
        d: 0.469073262042366
        dmax: 1
        g: 0.0008
        name: 'out'
        well: false
        base: 1
        gBase: 0.0008
        timer: -1
        contestUntil: 0
        upto: 0
        awake: false
        subOn: true
        creep: 0
        unfed: 0
        fedTimer: 0
        shadeOff: 0
        unfedSince: -1
        starveSince: -1
        machines: 0
        slots: 1
        area: 869
        pool: 0
        exposed: true
        exposedAt: 0
      51:
        x: 593
        y: 98
        state: 0
        d: 0.4803879184881225
        dmax: 1
        g: 0.0008
        name: 'out'
        well: false
        base: 1
        gBase: 0.0008
        timer: -1
        contestUntil: 0
        upto: 0
        awake: false
        subOn: true
        creep: 0
        unfed: 0
        fedTimer: 0
        shadeOff: 0
        unfedSince: -1
        starveSince: -1
        machines: 0
        slots: 1
        area: 1136
        pool: 0
        exposed: true
        exposedAt: 0
      52:
        x: 624
        y: 88
        state: 3
        d: 0.4865096595836803
        dmax: 1
        g: 0.0008
        name: 'out'
        well: false
        base: 1
        gBase: 0.0008
        timer: -1
        contestUntil: 0
        upto: 0
        awake: false
        subOn: true
        creep: 0
        unfed: 0
        fedTimer: 0
        shadeOff: 0
        unfedSince: -1
        starveSince: -1
        machines: 0
        slots: 1
        area: 697
        pool: 0
        exposed: true
        exposedAt: 0
      53:
        x: 555
        y: 96
        state: 0
        d: 0.48351806434802713
        dmax: 1
        g: 0.0008
        name: 'out'
        well: false
        base: 1
        gBase: 0.0008
        timer: -1
        contestUntil: 0
        upto: 0
        awake: false
        subOn: true
        creep: 0
        unfed: 0
        fedTimer: 0
        shadeOff: 0
        unfedSince: -1
        starveSince: -1
        machines: 0
        slots: 1
        area: 595
        pool: 0
        exposed: true
        exposedAt: 0
      54:
        x: 85
        y: 120
        state: 0
        d: 0.4570110882865265
        dmax: 1
        g: 0.002
        name: 'out'
        well: true
        base: 1
        gBase: 0.0008
        timer: -1
        contestUntil: 0
        upto: 0
        awake: false
        subOn: true
        creep: 0
        unfed: 0
        fedTimer: 0
        shadeOff: 0
        unfedSince: -1
        starveSince: -1
        machines: 0
        slots: 1
        area: 1084
        pool: 0
        exposed: true
        exposedAt: 0
      55:
        x: 227
        y: 105
        state: 0
        d: 0.5438602950889617
        dmax: 1
        g: 0.0008
        name: 'out'
        well: false
        base: 1
        gBase: 0.0008
        timer: -1
        contestUntil: 0
        upto: 0
        awake: false
        subOn: true
        creep: 0
        unfed: 0
        fedTimer: 0
        shadeOff: 0
        unfedSince: -1
        starveSince: -1
        machines: 0
        slots: 1
        area: 854
        pool: 0
        exposed: true
        exposedAt: 0
      56:
        x: 505
        y: 119
        state: 0
        d: 0.5414271281799301
        dmax: 1
        g: 0.0008
        name: 'out'
        well: false
        base: 1
        gBase: 0.0008
        timer: -1
        contestUntil: 0
        upto: 0
        awake: false
        subOn: true
        creep: 0
        unfed: 0
        fedTimer: 0
        shadeOff: 0
        unfedSince: -1
        starveSince: -1
        machines: 0
        slots: 3
        area: 1876
        pool: 0
        exposed: true
        exposedAt: 0
      57:
        x: 777
        y: 105
        state: 0
        d: 0.48846674145399593
        dmax: 0.894
        g: 0.0014999999999999998
        name: 'ind'
        well: true
        base: 0.744
        gBase: 0.0006
        timer: -1
        contestUntil: 0
        upto: 0
        awake: false
        subOn: true
        creep: 0
        unfed: 0
        fedTimer: 0
        shadeOff: 0
        unfedSince: -1
        starveSince: -1
        machines: 0
        slots: 1
        area: 472
        pool: 3146.6666666666665
        exposed: true
        exposedAt: 0
      58:
        x: 195
        y: 111
        state: 3
        d: 0.5286179482704029
        dmax: 1
        g: 0.0008
        name: 'out'
        well: false
        base: 1
        gBase: 0.0008
        timer: -1
        contestUntil: 0
        upto: 0
        awake: false
        subOn: true
        creep: 0
        unfed: 0
        fedTimer: 0
        shadeOff: 0
        unfedSince: -1
        starveSince: -1
        machines: 0
        slots: 2
        area: 1301
        pool: 0
        exposed: true
        exposedAt: 0
      59:
        x: 422
        y: 118
        state: 0
        d: 0.3699555393515853
        dmax: 0.717
        g: 0.0006
        name: 'ind'
        well: false
        base: 0.717
        gBase: 0.0006
        timer: -1
        contestUntil: 0
        upto: 0
        awake: false
        subOn: true
        creep: 0
        unfed: 0
        fedTimer: 0
        shadeOff: 0
        unfedSince: -1
        starveSince: -1
        machines: 0
        slots: 2
        area: 1768
        pool: 11786.666666666666
        exposed: true
        exposedAt: 0
      60:
        x: 744
        y: 109
        state: 0
        d: 0.45194247900508344
        dmax: 1
        g: 0.002
        name: 'out'
        well: true
        base: 1
        gBase: 0.0008
        timer: -1
        contestUntil: 0
        upto: 0
        awake: false
        subOn: true
        creep: 0
        unfed: 0
        fedTimer: 0
        shadeOff: 0
        unfedSince: -1
        starveSince: -1
        machines: 0
        slots: 1
        area: 705
        pool: 0
        exposed: true
        exposedAt: 0
      61:
        x: 706
        y: 116
        state: 0
        d: 0.5375239967834204
        dmax: 1
        g: 0.0014
        name: 'out'
        well: true
        base: 1
        gBase: 0.0008
        timer: -1
        contestUntil: 0
        upto: 0
        awake: false
        subOn: true
        creep: 0
        unfed: 0
        fedTimer: 0
        shadeOff: 0
        unfedSince: -1
        starveSince: -1
        machines: 0
        slots: 2
        area: 1710
        pool: 0
        exposed: true
        exposedAt: 0
      62:
        x: 157
        y: 115
        state: 0
        d: 0.48907623609993606
        dmax: 1
        g: 0.0008
        name: 'out'
        well: false
        base: 1
        gBase: 0.0008
        timer: -1
        contestUntil: 0
        upto: 0
        awake: false
        subOn: true
        creep: 0
        unfed: 0
        fedTimer: 0
        shadeOff: 0
        unfedSince: -1
        starveSince: -1
        machines: 0
        slots: 1
        area: 1106
        pool: 0
        exposed: true
        exposedAt: 0
      63:
        x: 259
        y: 116
        state: 0
        d: 0.5041798619786277
        dmax: 1
        g: 0.0008
        name: 'out'
        well: false
        base: 1
        gBase: 0.0008
        timer: -1
        contestUntil: 0
        upto: 0
        awake: false
        subOn: true
        creep: 0
        unfed: 0
        fedTimer: 0
        shadeOff: 0
        unfedSince: -1
        starveSince: -1
        machines: 0
        slots: 1
        area: 670
        pool: 0
        exposed: true
        exposedAt: 0
      64:
        x: 667
        y: 114
        state: 0
        d: 0.46803706309292464
        dmax: 1
        g: 0.0008
        name: 'out'
        well: false
        base: 1
        gBase: 0.0008
        timer: -1
        contestUntil: 0
        upto: 0
        awake: false
        subOn: true
        creep: 0
        unfed: 0
        fedTimer: 0
        shadeOff: 0
        unfedSince: -1
        starveSince: -1
        machines: 0
        slots: 2
        area: 1362
        pool: 0
        exposed: true
        exposedAt: 0
      65:
        x: 293
        y: 111
        state: 0
        d: 0.46432411873247476
        dmax: 1
        g: 0.0008
        name: 'out'
        well: false
        base: 1
        gBase: 0.0008
        timer: -1
        contestUntil: 0
        upto: 0
        awake: false
        subOn: true
        creep: 0
        unfed: 0
        fedTimer: 0
        shadeOff: 0
        unfedSince: -1
        starveSince: -1
        machines: 0
        slots: 1
        area: 636
        pool: 0
        exposed: true
        exposedAt: 0
      66:
        x: 125
        y: 116
        state: 0
        d: 0.47822210618760436
        dmax: 1
        g: 0.0014
        name: 'out'
        well: true
        base: 1
        gBase: 0.0008
        timer: -1
        contestUntil: 0
        upto: 0
        awake: false
        subOn: true
        creep: 0
        unfed: 0
        fedTimer: 0
        shadeOff: 0
        unfedSince: -1
        starveSince: -1
        machines: 0
        slots: 1
        area: 545
        pool: 0
        exposed: true
        exposedAt: 0
      67:
        x: 25
        y: 114
        state: 0
        d: 0.46717460427898916
        dmax: 1
        g: 0.0026000000000000003
        name: 'out'
        well: true
        base: 1
        gBase: 0.0008
        timer: -1
        contestUntil: 0
        upto: 0
        awake: false
        subOn: true
        creep: 0
        unfed: 0
        fedTimer: 0
        shadeOff: 0
        unfedSince: -1
        starveSince: -1
        machines: 0
        slots: 1
        area: 634
        pool: 0
        exposed: true
        exposedAt: 0
      68:
        x: 331
        y: 123
        state: 0
        d: 0.46142115285620094
        dmax: 1
        g: 0.0008
        name: 'out'
        well: false
        base: 1
        gBase: 0.0008
        timer: -1
        contestUntil: 0
        upto: 0
        awake: false
        subOn: true
        creep: 0
        unfed: 0
        fedTimer: 0
        shadeOff: 0
        unfedSince: -1
        starveSince: -1
        machines: 0
        slots: 3
        area: 1834
        pool: 0
        exposed: true
        exposedAt: 0
      69:
        x: 53
        y: 113
        state: 0
        d: 0.4915486690355465
        dmax: 1
        g: 0.002
        name: 'out'
        well: true
        base: 1
        gBase: 0.0008
        timer: -1
        contestUntil: 0
        upto: 0
        awake: false
        subOn: true
        creep: 0
        unfed: 0
        fedTimer: 0
        shadeOff: 0
        unfedSince: -1
        starveSince: -1
        machines: 0
        slots: 1
        area: 331
        pool: 0
        exposed: true
        exposedAt: 0
      70:
        x: 376
        y: 124
        state: 0
        d: 0.3713044016739121
        dmax: 0.717
        g: 0.0006
        name: 'ind'
        well: false
        base: 0.717
        gBase: 0.0006
        timer: -1
        contestUntil: 0
        upto: 0
        awake: false
        subOn: true
        creep: 0
        unfed: 0
        fedTimer: 0
        shadeOff: 0
        unfedSince: -1
        starveSince: -1
        machines: 0
        slots: 1
        area: 789
        pool: 5260
        exposed: true
        exposedAt: 0
      71:
        x: 631
        y: 121
        state: 0
        d: 0.3623585166946985
        dmax: 0.726
        g: 0.0006
        name: 'ind'
        well: false
        base: 0.726
        gBase: 0.0006
        timer: -1
        contestUntil: 0
        upto: 0
        awake: false
        subOn: true
        creep: 0
        unfed: 0
        fedTimer: 0
        shadeOff: 0
        unfedSince: -1
        starveSince: -1
        machines: 0
        slots: 1
        area: 693
        pool: 4620
        exposed: true
        exposedAt: 0
      72:
        x: 463
        y: 122
        state: 0
        d: 0.3466556850466412
        dmax: 0.717
        g: 0.0006
        name: 'ind'
        well: false
        base: 0.717
        gBase: 0.0006
        timer: -1
        contestUntil: 0
        upto: 0
        awake: false
        subOn: true
        creep: 0
        unfed: 0
        fedTimer: 0
        shadeOff: 0
        unfedSince: -1
        starveSince: -1
        machines: 0
        slots: 1
        area: 681
        pool: 4540
        exposed: true
        exposedAt: 0
      73:
        x: 778
        y: 154
        state: 3
        d: 0.4540908076334745
        dmax: 1
        g: 0.0014
        name: 'out'
        well: true
        base: 1
        gBase: 0.0008
        timer: -1
        contestUntil: 0
        upto: 0
        awake: false
        subOn: true
        creep: 0
        unfed: 0
        fedTimer: 0
        shadeOff: 0
        unfedSince: -1
        starveSince: -1
        machines: 0
        slots: 1
        area: 1110
        pool: 0
        exposed: true
        exposedAt: 0
      74:
        x: 591
        y: 130
        state: 0
        d: 0.3580285229351604
        dmax: 0.717
        g: 0.0006
        name: 'ind'
        well: false
        base: 0.717
        gBase: 0.0006
        timer: -1
        contestUntil: 0
        upto: 0
        awake: false
        subOn: true
        creep: 0
        unfed: 0
        fedTimer: 0
        shadeOff: 0
        unfedSince: -1
        starveSince: -1
        machines: 0
        slots: 1
        area: 437
        pool: 2913.3333333333335
        exposed: true
        exposedAt: 0
      75:
        x: 568
        y: 130
        state: 0
        d: 0.3326451920956839
        dmax: 0.717
        g: 0.0006
        name: 'ind'
        well: false
        base: 0.717
        gBase: 0.0006
        timer: -1
        contestUntil: 0
        upto: 0
        awake: false
        subOn: true
        creep: 0
        unfed: 0
        fedTimer: 0
        shadeOff: 0
        unfedSince: -1
        starveSince: -1
        machines: 0
        slots: 1
        area: 201
        pool: 1340
        exposed: true
        exposedAt: 0
      76:
        x: 745
        y: 144
        state: 0
        d: 0.4905854715500027
        dmax: 1
        g: 0.0014
        name: 'out'
        well: true
        base: 1
        gBase: 0.0008
        timer: -1
        contestUntil: 0
        upto: 0
        awake: false
        subOn: true
        creep: 0
        unfed: 0
        fedTimer: 0
        shadeOff: 0
        unfedSince: -1
        starveSince: -1
        machines: 0
        slots: 1
        area: 1150
        pool: 0
        exposed: true
        exposedAt: 0
      77:
        x: 18
        y: 154
        state: 0
        d: 0.4564342309953645
        dmax: 1
        g: 0.002
        name: 'out'
        well: true
        base: 1
        gBase: 0.0008
        timer: -1
        contestUntil: 0
        upto: 0
        awake: false
        subOn: true
        creep: 0
        unfed: 0
        fedTimer: 0
        shadeOff: 0
        unfedSince: -1
        starveSince: -1
        machines: 0
        slots: 1
        area: 747
        pool: 0
        exposed: true
        exposedAt: 0
      78:
        x: 47
        y: 144
        state: 3
        d: 0.4921141542028636
        dmax: 1
        g: 0.002
        name: 'out'
        well: true
        base: 1
        gBase: 0.0008
        timer: -1
        contestUntil: 0
        upto: 0
        awake: false
        subOn: true
        creep: 0
        unfed: 0
        fedTimer: 0
        shadeOff: 0
        unfedSince: -1
        starveSince: -1
        machines: 0
        slots: 1
        area: 833
        pool: 0
        exposed: true
        exposedAt: 0
      79:
        x: 76
        y: 146
        state: 0
        d: 0.49666753618512305
        dmax: 1
        g: 0.0014
        name: 'out'
        well: true
        base: 1
        gBase: 0.0008
        timer: -1
        contestUntil: 0
        upto: 0
        awake: false
        subOn: true
        creep: 0
        unfed: 0
        fedTimer: 0
        shadeOff: 0
        unfedSince: -1
        starveSince: -1
        machines: 0
        slots: 1
        area: 704
        pool: 0
        exposed: true
        exposedAt: 0
      80:
        x: 254
        y: 146
        state: 0
        d: 0.33145114981576335
        dmax: 0.717
        g: 0.0006
        name: 'ind'
        well: false
        base: 0.717
        gBase: 0.0006
        timer: -1
        contestUntil: 0
        upto: 0
        awake: false
        subOn: true
        creep: 0
        unfed: 0
        fedTimer: 0
        shadeOff: 0
        unfedSince: -1
        starveSince: -1
        machines: 0
        slots: 1
        area: 462
        pool: 3080
        exposed: true
        exposedAt: 0
      81:
        x: 119
        y: 147
        state: 0
        d: 0.3987342685002833
        dmax: 0.726
        g: 0.0006
        name: 'ind'
        well: false
        base: 0.726
        gBase: 0.0006
        timer: -1
        contestUntil: 0
        upto: 0
        awake: false
        subOn: true
        creep: 0
        unfed: 0
        fedTimer: 0
        shadeOff: 0
        unfedSince: -1
        starveSince: -1
        machines: 0
        slots: 1
        area: 450
        pool: 3000
        exposed: true
        exposedAt: 0
      82:
        x: 281
        y: 150
        state: 0
        d: 0.36740598115569445
        dmax: 0.717
        g: 0.0006
        name: 'ind'
        well: false
        base: 0.717
        gBase: 0.0006
        timer: -1
        contestUntil: 0
        upto: 0
        awake: false
        subOn: true
        creep: 0
        unfed: 0
        fedTimer: 0
        shadeOff: 0
        unfedSince: -1
        starveSince: -1
        machines: 0
        slots: 1
        area: 473
        pool: 3153.3333333333335
        exposed: true
        exposedAt: 0
      83:
        x: 144
        y: 152
        state: 0
        d: 0.39008209826122037
        dmax: 0.726
        g: 0.0006
        name: 'ind'
        well: false
        base: 0.726
        gBase: 0.0006
        timer: -1
        contestUntil: 0
        upto: 0
        awake: false
        subOn: true
        creep: 0
        unfed: 0
        fedTimer: 0
        shadeOff: 0
        unfedSince: -1
        starveSince: -1
        machines: 0
        slots: 1
        area: 732
        pool: 4880
        exposed: true
        exposedAt: 0
      84:
        x: 628
        y: 156
        state: 0
        d: 0.39849956521340646
        dmax: 0.726
        g: 0.0006
        name: 'ind'
        well: false
        base: 0.726
        gBase: 0.0006
        timer: -1
        contestUntil: 0
        upto: 0
        awake: false
        subOn: true
        creep: 0
        unfed: 0
        fedTimer: 0
        shadeOff: 0
        unfedSince: -1
        starveSince: -1
        machines: 0
        slots: 1
        area: 958
        pool: 6386.666666666667
        exposed: true
        exposedAt: 0
      85:
        x: 380
        y: 157
        state: 0
        d: 0.3550222645048052
        dmax: 0.708
        g: 0.0006
        name: 'ind'
        well: false
        base: 0.708
        gBase: 0.0006
        timer: -1
        contestUntil: 0
        upto: 0
        awake: false
        subOn: true
        creep: 0
        unfed: 0
        fedTimer: 0
        shadeOff: 0
        unfedSince: -1
        starveSince: -1
        machines: 0
        slots: 1
        area: 759
        pool: 5060
        exposed: true
        exposedAt: 0
      86:
        x: 598
        y: 159
        state: 0
        d: 0.3542916857823729
        dmax: 0.717
        g: 0.0006
        name: 'ind'
        well: false
        base: 0.717
        gBase: 0.0006
        timer: -1
        contestUntil: 0
        upto: 0
        awake: false
        subOn: true
        creep: 0
        unfed: 0
        fedTimer: 0
        shadeOff: 0
        unfedSince: -1
        starveSince: -1
        machines: 0
        slots: 1
        area: 760
        pool: 5066.666666666667
        exposed: true
        exposedAt: 0
      87:
        x: 412
        y: 154
        state: 0
        d: 0.3529985220554285
        dmax: 0.708
        g: 0.0006
        name: 'ind'
        well: false
        base: 0.708
        gBase: 0.0006
        timer: -1
        contestUntil: 0
        upto: 0
        awake: false
        subOn: true
        creep: 0
        unfed: 0
        fedTimer: 0
        shadeOff: 0
        unfedSince: -1
        starveSince: -1
        machines: 0
        slots: 1
        area: 456
        pool: 3040
        exposed: true
        exposedAt: 0
      88:
        x: 442
        y: 160
        state: 0
        d: 0.3479862415566109
        dmax: 0.708
        g: 0.0006
        name: 'ind'
        well: false
        base: 0.708
        gBase: 0.0006
        timer: -1
        contestUntil: 0
        upto: 0
        awake: false
        subOn: true
        creep: 0
        unfed: 0
        fedTimer: 0
        shadeOff: 0
        unfedSince: -1
        starveSince: -1
        machines: 0
        slots: 2
        area: 1334
        pool: 8893.333333333334
        exposed: true
        exposedAt: 0
      89:
        x: 570
        y: 164
        state: 0
        d: 0.3583363412900828
        dmax: 0.708
        g: 0.0006
        name: 'ind'
        well: false
        base: 0.708
        gBase: 0.0006
        timer: -1
        contestUntil: 0
        upto: 0
        awake: false
        subOn: true
        creep: 0
        unfed: 0
        fedTimer: 0
        shadeOff: 0
        unfedSince: -1
        starveSince: -1
        machines: 0
        slots: 1
        area: 910
        pool: 6066.666666666667
        exposed: true
        exposedAt: 0
      90:
        x: 542
        y: 178
        state: 0
        d: 0.38209780752696093
        dmax: 0.708
        g: 0.0006
        name: 'ind'
        well: false
        base: 0.708
        gBase: 0.0006
        timer: -1
        contestUntil: 0
        upto: 0
        awake: false
        subOn: true
        creep: 0
        unfed: 0
        fedTimer: 0
        shadeOff: 0
        unfedSince: -1
        starveSince: -1
        machines: 0
        slots: 1
        area: 320
        pool: 2133.3333333333335
        exposed: true
        exposedAt: 0
      91:
        x: 214
        y: 165
        state: 0
        d: 0.36746876628901803
        dmax: 0.708
        g: 0.0006
        name: 'ind'
        well: false
        base: 0.708
        gBase: 0.0006
        timer: -1
        contestUntil: 0
        upto: 0
        awake: false
        subOn: true
        creep: 0
        unfed: 0
        fedTimer: 0
        shadeOff: 0
        unfedSince: -1
        starveSince: -1
        machines: 0
        slots: 2
        area: 1406
        pool: 9373.333333333334
        exposed: true
        exposedAt: 0
      92:
        x: 498
        y: 162
        state: 0
        d: 0.3288976941305212
        dmax: 0.708
        g: 0.0006
        name: 'ind'
        well: false
        base: 0.708
        gBase: 0.0006
        timer: -1
        contestUntil: 0
        upto: 0
        awake: false
        subOn: true
        creep: 0
        unfed: 0
        fedTimer: 0
        shadeOff: 0
        unfedSince: -1
        starveSince: -1
        machines: 0
        slots: 1
        area: 1027
        pool: 6846.666666666667
        exposed: true
        exposedAt: 0
      93:
        x: 304
        y: 191
        state: 0
        d: 0.3437482521719299
        dmax: 0.708
        g: 0.0006
        name: 'ind'
        well: false
        base: 0.708
        gBase: 0.0006
        timer: -1
        contestUntil: 0
        upto: 0
        awake: false
        subOn: true
        creep: 0
        unfed: 0
        fedTimer: 0
        shadeOff: 0
        unfedSince: -1
        starveSince: -1
        machines: 0
        slots: 1
        area: 431
        pool: 2873.3333333333335
        exposed: true
        exposedAt: 0
      94:
        x: 183
        y: 162
        state: 0
        d: 0.33823561558616344
        dmax: 0.717
        g: 0.0006
        name: 'ind'
        well: false
        base: 0.717
        gBase: 0.0006
        timer: -1
        contestUntil: 0
        upto: 0
        awake: false
        subOn: true
        creep: 0
        unfed: 0
        fedTimer: 0
        shadeOff: 0
        unfedSince: -1
        starveSince: -1
        machines: 0
        slots: 1
        area: 788
        pool: 5253.333333333333
        exposed: true
        exposedAt: 0
      95:
        x: 340
        y: 176
        state: 0
        d: 0.3406405151408398
        dmax: 0.699
        g: 0.0006
        name: 'ind'
        well: false
        base: 0.699
        gBase: 0.0006
        timer: -1
        contestUntil: 0
        upto: 0
        awake: false
        subOn: true
        creep: 0
        unfed: 0
        fedTimer: 0
        shadeOff: 0
        unfedSince: -1
        starveSince: -1
        machines: 0
        slots: 3
        area: 1972
        pool: 13146.666666666666
        exposed: true
        exposedAt: 0
      96:
        x: 660
        y: 165
        state: 0
        d: 0.37591163726882076
        dmax: 0.726
        g: 0.0006
        name: 'ind'
        well: false
        base: 0.726
        gBase: 0.0006
        timer: -1
        contestUntil: 0
        upto: 0
        awake: false
        subOn: true
        creep: 0
        unfed: 0
        fedTimer: 0
        shadeOff: 0
        unfedSince: -1
        starveSince: -1
        machines: 0
        slots: 1
        area: 726
        pool: 4840
        exposed: true
        exposedAt: 0
      97:
        x: 697
        y: 164
        state: 3
        d: 0.5046800554962829
        dmax: 1
        g: 0.0008
        name: 'out'
        well: false
        base: 1
        gBase: 0.0008
        timer: -1
        contestUntil: 0
        upto: 0
        awake: false
        subOn: true
        creep: 0
        unfed: 0
        fedTimer: 0
        shadeOff: 0
        unfedSince: -1
        starveSince: -1
        machines: 0
        slots: 1
        area: 746
        pool: 0
        exposed: true
        exposedAt: 0
      98:
        x: 84
        y: 177
        state: 0
        d: 0.51616799258627
        dmax: 1
        g: 0.0014
        name: 'out'
        well: true
        base: 1
        gBase: 0.0008
        timer: -1
        contestUntil: 0
        upto: 0
        awake: false
        subOn: true
        creep: 0
        unfed: 0
        fedTimer: 0
        shadeOff: 0
        unfedSince: -1
        starveSince: -1
        machines: 0
        slots: 1
        area: 1185
        pool: 0
        exposed: true
        exposedAt: 0
      99:
        x: 250
        y: 174
        state: 0
        d: 0.36944895829651503
        dmax: 0.708
        g: 0.0006
        name: 'ind'
        well: false
        base: 0.708
        gBase: 0.0006
        timer: -1
        contestUntil: 0
        upto: 0
        awake: false
        subOn: true
        creep: 0
        unfed: 0
        fedTimer: 0
        shadeOff: 0
        unfedSince: -1
        starveSince: -1
        machines: 0
        slots: 1
        area: 465
        pool: 3100
        exposed: true
        exposedAt: 0
      100:
        x: 278
        y: 178
        state: 0
        d: 0.3729460623054765
        dmax: 0.708
        g: 0.0006
        name: 'ind'
        well: false
        base: 0.708
        gBase: 0.0006
        timer: -1
        contestUntil: 0
        upto: 0
        awake: false
        subOn: true
        creep: 0
        unfed: 0
        fedTimer: 0
        shadeOff: 0
        unfedSince: -1
        starveSince: -1
        machines: 0
        slots: 1
        area: 772
        pool: 5146.666666666667
        exposed: true
        exposedAt: 0
      101:
        x: 145
        y: 183
        state: 0
        d: 0.3758886884468375
        dmax: 0.717
        g: 0.0006
        name: 'ind'
        well: false
        base: 0.717
        gBase: 0.0006
        timer: -1
        contestUntil: 0
        upto: 0
        awake: false
        subOn: true
        creep: 0
        unfed: 0
        fedTimer: 0
        shadeOff: 0
        unfedSince: -1
        starveSince: -1
        machines: 0
        slots: 1
        area: 789
        pool: 5260
        exposed: true
        exposedAt: 0
      102:
        x: 773
        y: 192
        state: 0
        d: 0.4882168505107984
        dmax: 1
        g: 0.0008
        name: 'out'
        well: false
        base: 1
        gBase: 0.0008
        timer: -1
        contestUntil: 0
        upto: 0
        awake: false
        subOn: true
        creep: 0
        unfed: 0
        fedTimer: 0
        shadeOff: 0
        unfedSince: -1
        starveSince: -1
        machines: 0
        slots: 2
        area: 1420
        pool: 0
        exposed: true
        exposedAt: 0
      103:
        x: 17
        y: 185
        state: 0
        d: 0.4517806879710406
        dmax: 1
        g: 0.0014
        name: 'out'
        well: true
        base: 1
        gBase: 0.0008
        timer: -1
        contestUntil: 0
        upto: 0
        awake: false
        subOn: true
        creep: 0
        unfed: 0
        fedTimer: 0
        shadeOff: 0
        unfedSince: -1
        starveSince: -1
        machines: 0
        slots: 1
        area: 565
        pool: 0
        exposed: true
        exposedAt: 0
      104:
        x: 115
        y: 184
        state: 0
        d: 0.32602394402911883
        dmax: 0.717
        g: 0.0006
        name: 'ind'
        well: false
        base: 0.717
        gBase: 0.0006
        timer: -1
        contestUntil: 0
        upto: 0
        awake: false
        subOn: true
        creep: 0
        unfed: 0
        fedTimer: 0
        shadeOff: 0
        unfedSince: -1
        starveSince: -1
        machines: 0
        slots: 1
        area: 403
        pool: 2686.6666666666665
        exposed: true
        exposedAt: 0
      105:
        x: 47
        y: 190
        state: 0
        d: 0.46683927467092873
        dmax: 1
        g: 0.0014
        name: 'out'
        well: true
        base: 1
        gBase: 0.0008
        timer: -1
        contestUntil: 0
        upto: 0
        awake: false
        subOn: true
        creep: 0
        unfed: 0
        fedTimer: 0
        shadeOff: 0
        unfedSince: -1
        starveSince: -1
        machines: 0
        slots: 1
        area: 757
        pool: 0
        exposed: true
        exposedAt: 0
      106:
        x: 381
        y: 186
        state: 0
        d: 0.351089540007594
        dmax: 0.699
        g: 0.0006
        name: 'ind'
        well: false
        base: 0.699
        gBase: 0.0006
        timer: -1
        contestUntil: 0
        upto: 0
        awake: false
        subOn: true
        creep: 0
        unfed: 0
        fedTimer: 0
        shadeOff: 0
        unfedSince: -1
        starveSince: -1
        machines: 0
        slots: 1
        area: 572
        pool: 3813.3333333333335
        exposed: true
        exposedAt: 0
      107:
        x: 716
        y: 190
        state: 0
        d: 0.5454706403426826
        dmax: 1
        g: 0.0008
        name: 'out'
        well: false
        base: 1
        gBase: 0.0008
        timer: -1
        contestUntil: 0
        upto: 0
        awake: false
        subOn: true
        creep: 0
        unfed: 0
        fedTimer: 0
        shadeOff: 0
        unfedSince: -1
        starveSince: -1
        machines: 0
        slots: 1
        area: 752
        pool: 0
        exposed: true
        exposedAt: 0
      108:
        x: 411
        y: 189
        state: 0
        d: 0.35053317187211935
        dmax: 0.699
        g: 0.0006
        name: 'ind'
        well: false
        base: 0.699
        gBase: 0.0006
        timer: -1
        contestUntil: 0
        upto: 0
        awake: false
        subOn: true
        creep: 0
        unfed: 0
        fedTimer: 0
        shadeOff: 0
        unfedSince: -1
        starveSince: -1
        machines: 0
        slots: 1
        area: 608
        pool: 4053.3333333333335
        exposed: true
        exposedAt: 0
      109:
        x: 690
        y: 202
        state: 0
        d: 0.5028256713412702
        dmax: 1
        g: 0.0008
        name: 'out'
        well: false
        base: 1
        gBase: 0.0008
        timer: -1
        contestUntil: 0
        upto: 0
        awake: false
        subOn: true
        creep: 0
        unfed: 0
        fedTimer: 0
        shadeOff: 0
        unfedSince: -1
        starveSince: -1
        machines: 0
        slots: 1
        area: 465
        pool: 0
        exposed: true
        exposedAt: 0
      110:
        x: 450
        y: 203
        state: 0
        d: 0.3712350049363682
        dmax: 0.699
        g: 0.0006
        name: 'ind'
        well: false
        base: 0.699
        gBase: 0.0006
        timer: -1
        contestUntil: 0
        upto: 0
        awake: false
        subOn: true
        creep: 0
        unfed: 0
        fedTimer: 0
        shadeOff: 0
        unfedSince: -1
        starveSince: -1
        machines: 0
        slots: 2
        area: 1303
        pool: 8686.666666666666
        exposed: true
        exposedAt: 0
      111:
        x: 661
        y: 198
        state: 0
        d: 0.3528009158429224
        dmax: 0.717
        g: 0.0006
        name: 'ind'
        well: false
        base: 0.717
        gBase: 0.0006
        timer: -1
        contestUntil: 0
        upto: 0
        awake: false
        subOn: true
        creep: 0
        unfed: 0
        fedTimer: 0
        shadeOff: 0
        unfedSince: -1
        starveSince: -1
        machines: 0
        slots: 1
        area: 944
        pool: 6293.333333333333
        exposed: true
        exposedAt: 0
      112:
        x: 493
        y: 200
        state: 0
        d: 0.37929763910758774
        dmax: 0.699
        g: 0.0006
        name: 'ind'
        well: false
        base: 0.699
        gBase: 0.0006
        timer: -1
        contestUntil: 0
        upto: 0
        awake: false
        subOn: true
        creep: 0
        unfed: 0
        fedTimer: 0
        shadeOff: 0
        unfedSince: -1
        starveSince: -1
        machines: 0
        slots: 1
        area: 1143
        pool: 7620
        exposed: true
        exposedAt: 0
      113:
        x: 630
        y: 195
        state: 0
        d: 0.3347866839208407
        dmax: 0.717
        g: 0.0006
        name: 'ind'
        well: false
        base: 0.717
        gBase: 0.0006
        timer: -1
        contestUntil: 0
        upto: 0
        awake: false
        subOn: true
        creep: 0
        unfed: 0
        fedTimer: 0
        shadeOff: 0
        unfedSince: -1
        starveSince: -1
        machines: 0
        slots: 1
        area: 266
        pool: 1773.3333333333333
        exposed: true
        exposedAt: 0
      114:
        x: 598
        y: 211
        state: 0
        d: 0.3345853233994916
        dmax: 0.708
        g: 0.0006
        name: 'ind'
        well: false
        base: 0.708
        gBase: 0.0006
        timer: -1
        contestUntil: 0
        upto: 0
        awake: false
        subOn: true
        creep: 0
        unfed: 0
        fedTimer: 0
        shadeOff: 0
        unfedSince: -1
        starveSince: -1
        machines: 0
        slots: 1
        area: 471
        pool: 3140
        exposed: true
        exposedAt: 0
      115:
        x: 533
        y: 226
        state: 0
        d: 0.3812232813154812
        dmax: 0.699
        g: 0.0006
        name: 'ind'
        well: false
        base: 0.699
        gBase: 0.0006
        timer: -1
        contestUntil: 0
        upto: 0
        awake: false
        subOn: true
        creep: 0
        unfed: 0
        fedTimer: 0
        shadeOff: 0
        unfedSince: -1
        starveSince: -1
        machines: 0
        slots: 1
        area: 773
        pool: 5153.333333333333
        exposed: true
        exposedAt: 0
      116:
        x: 183
        y: 213
        state: 0
        d: 0.34528616987736893
        dmax: 0.708
        g: 0.0006
        name: 'ind'
        well: false
        base: 0.708
        gBase: 0.0006
        timer: -1
        contestUntil: 0
        upto: 0
        awake: false
        subOn: true
        creep: 0
        unfed: 0
        fedTimer: 0
        shadeOff: 0
        unfedSince: -1
        starveSince: -1
        machines: 0
        slots: 1
        area: 355
        pool: 2366.6666666666665
        exposed: true
        exposedAt: 0
      117:
        x: 216
        y: 217
        state: 0
        d: 0.35041653434671455
        dmax: 0.699
        g: 0.0006
        name: 'ind'
        well: false
        base: 0.699
        gBase: 0.0006
        timer: -1
        contestUntil: 0
        upto: 0
        awake: false
        subOn: true
        creep: 0
        unfed: 0
        fedTimer: 0
        shadeOff: 0
        unfedSince: -1
        starveSince: -1
        machines: 0
        slots: 1
        area: 791
        pool: 5273.333333333333
        exposed: true
        exposedAt: 0
      118:
        x: 154
        y: 214
        state: 0
        d: 0.3517962862727232
        dmax: 0.708
        g: 0.0006
        name: 'ind'
        well: false
        base: 0.708
        gBase: 0.0006
        timer: -1
        contestUntil: 0
        upto: 0
        awake: false
        subOn: true
        creep: 0
        unfed: 0
        fedTimer: 0
        shadeOff: 0
        unfedSince: -1
        starveSince: -1
        machines: 0
        slots: 1
        area: 409
        pool: 2726.6666666666665
        exposed: true
        exposedAt: 0
      119:
        x: 258
        y: 218
        state: 3
        d: 0.35093841746554244
        dmax: 0.699
        g: 0.0006
        name: 'ind'
        well: false
        base: 0.699
        gBase: 0.0006
        timer: -1
        contestUntil: 0
        upto: 0
        awake: false
        subOn: true
        creep: 0
        unfed: 0
        fedTimer: 0
        shadeOff: 0
        unfedSince: -1
        starveSince: -1
        machines: 0
        slots: 1
        area: 1186
        pool: 7906.666666666667
        exposed: true
        exposedAt: 0
      120:
        x: 288
        y: 216
        state: 0
        d: 0.3734220319576794
        dmax: 0.699
        g: 0.0006
        name: 'ind'
        well: false
        base: 0.699
        gBase: 0.0006
        timer: -1
        contestUntil: 0
        upto: 0
        awake: false
        subOn: true
        creep: 0
        unfed: 0
        fedTimer: 0
        shadeOff: 0
        unfedSince: -1
        starveSince: -1
        machines: 0
        slots: 1
        area: 842
        pool: 5613.333333333333
        exposed: true
        exposedAt: 0
      121:
        x: 619
        y: 212
        state: 0
        d: 0.35626738009415565
        dmax: 0.708
        g: 0.0006
        name: 'ind'
        well: false
        base: 0.708
        gBase: 0.0006
        timer: -1
        contestUntil: 0
        upto: 0
        awake: false
        subOn: true
        creep: 0
        unfed: 0
        fedTimer: 0
        shadeOff: 0
        unfedSince: -1
        starveSince: -1
        machines: 0
        slots: 1
        area: 232
        pool: 1546.6666666666667
        exposed: true
        exposedAt: 0
      122:
        x: 119
        y: 221
        state: 0
        d: 0.4983968022745103
        dmax: 1
        g: 0.0008
        name: 'out'
        well: false
        base: 1
        gBase: 0.0008
        timer: -1
        contestUntil: 0
        upto: 0
        awake: false
        subOn: true
        creep: 0
        unfed: 0
        fedTimer: 0
        shadeOff: 0
        unfedSince: -1
        starveSince: -1
        machines: 0
        slots: 1
        area: 1171
        pool: 0
        exposed: true
        exposedAt: 0
      123:
        x: 572
        y: 218
        state: 3
        d: 0.33515483464265705
        dmax: 0.699
        g: 0.0006
        name: 'ind'
        well: false
        base: 0.699
        gBase: 0.0006
        timer: -1
        contestUntil: 0
        upto: 0
        awake: false
        subOn: true
        creep: 0
        unfed: 0
        fedTimer: 0
        shadeOff: 0
        unfedSince: -1
        starveSince: -1
        machines: 0
        slots: 1
        area: 992
        pool: 6613.333333333333
        exposed: true
        exposedAt: 0
      124:
        x: 315
        y: 219
        state: 0
        d: 0.3411862163737183
        dmax: 0.699
        g: 0.0006
        name: 'ind'
        well: false
        base: 0.699
        gBase: 0.0006
        timer: -1
        contestUntil: 0
        upto: 0
        awake: false
        subOn: true
        creep: 0
        unfed: 0
        fedTimer: 0
        shadeOff: 0
        unfedSince: -1
        starveSince: -1
        machines: 0
        slots: 1
        area: 986
        pool: 6573.333333333333
        exposed: true
        exposedAt: 0
      125:
        x: 723
        y: 230
        state: 3
        d: 0.5187595796771347
        dmax: 1
        g: 0.0008
        name: 'out'
        well: false
        base: 1
        gBase: 0.0008
        timer: -1
        contestUntil: 0
        upto: 0
        awake: false
        subOn: true
        creep: 0
        unfed: 0
        fedTimer: 0
        shadeOff: 0
        unfedSince: -1
        starveSince: -1
        machines: 0
        slots: 2
        area: 1430
        pool: 0
        exposed: true
        exposedAt: 0
      126:
        x: 73
        y: 223
        state: 0
        d: 0.47693968259263786
        dmax: 1
        g: 0.0008
        name: 'out'
        well: false
        base: 1
        gBase: 0.0008
        timer: -1
        contestUntil: 0
        upto: 0
        awake: false
        subOn: true
        creep: 0
        unfed: 0
        fedTimer: 0
        shadeOff: 0
        unfedSince: -1
        starveSince: -1
        machines: 0
        slots: 1
        area: 1145
        pool: 0
        exposed: true
        exposedAt: 0
      127:
        x: 355
        y: 223
        state: 0
        d: 0.33673730977415106
        dmax: 0.69
        g: 0.0006
        name: 'ind'
        well: false
        base: 0.69
        gBase: 0.0006
        timer: -1
        contestUntil: 0
        upto: 0
        awake: false
        subOn: true
        creep: 0
        unfed: 0
        fedTimer: 0
        shadeOff: 0
        unfedSince: -1
        starveSince: -1
        machines: 0
        slots: 1
        area: 808
        pool: 5386.666666666667
        exposed: true
        exposedAt: 0
      128:
        x: 24
        y: 242
        state: 0
        d: 0.4533966922434047
        dmax: 1
        g: 0.0008
        name: 'out'
        well: false
        base: 1
        gBase: 0.0008
        timer: -1
        contestUntil: 0
        upto: 0
        awake: false
        subOn: true
        creep: 0
        unfed: 0
        fedTimer: 0
        shadeOff: 0
        unfedSince: -1
        starveSince: -1
        machines: 0
        slots: 2
        area: 1408
        pool: 0
        exposed: true
        exposedAt: 0
      129:
        x: 388
        y: 231
        state: 0
        d: 0.3722328550096135
        dmax: 0.69
        g: 0.0006
        name: 'ind'
        well: false
        base: 0.69
        gBase: 0.0006
        timer: -1
        contestUntil: 0
        upto: 0
        awake: false
        subOn: true
        creep: 0
        unfed: 0
        fedTimer: 0
        shadeOff: 0
        unfedSince: -1
        starveSince: -1
        machines: 0
        slots: 1
        area: 1112
        pool: 7413.333333333333
        exposed: true
        exposedAt: 0
      130:
        x: 765
        y: 230
        state: 0
        d: 0.4882121144561097
        dmax: 1
        g: 0.0008
        name: 'out'
        well: false
        base: 1
        gBase: 0.0008
        timer: -1
        contestUntil: 0
        upto: 0
        awake: false
        subOn: true
        creep: 0
        unfed: 0
        fedTimer: 0
        shadeOff: 0
        unfedSince: -1
        starveSince: -1
        machines: 0
        slots: 1
        area: 717
        pool: 0
        exposed: true
        exposedAt: 0
      131:
        x: 434
        y: 237
        state: 0
        d: 0.3261744237206876
        dmax: 0.69
        g: 0.0006
        name: 'ind'
        well: false
        base: 0.69
        gBase: 0.0006
        timer: -1
        contestUntil: 0
        upto: 0
        awake: false
        subOn: true
        creep: 0
        unfed: 0
        fedTimer: 0
        shadeOff: 0
        unfedSince: -1
        starveSince: -1
        machines: 0
        slots: 1
        area: 509
        pool: 3393.3333333333335
        exposed: true
        exposedAt: 0
      132:
        x: 618
        y: 241
        state: 0
        d: 0.32494652269904034
        dmax: 0.699
        g: 0.0006
        name: 'ind'
        well: false
        base: 0.699
        gBase: 0.0006
        timer: -1
        contestUntil: 0
        upto: 0
        awake: false
        subOn: true
        creep: 0
        unfed: 0
        fedTimer: 0
        shadeOff: 0
        unfedSince: -1
        starveSince: -1
        machines: 0
        slots: 2
        area: 1290
        pool: 8600
        exposed: true
        exposedAt: 0
      133:
        x: 657
        y: 239
        state: 0
        d: 0.3215807930144481
        dmax: 0.708
        g: 0.0006
        name: 'ind'
        well: false
        base: 0.708
        gBase: 0.0006
        timer: -1
        contestUntil: 0
        upto: 0
        awake: false
        subOn: true
        creep: 0
        unfed: 0
        fedTimer: 0
        shadeOff: 0
        unfedSince: -1
        starveSince: -1
        machines: 0
        slots: 1
        area: 749
        pool: 4993.333333333333
        exposed: true
        exposedAt: 0
      134:
        x: 689
        y: 239
        state: 0
        d: 0.5242186422925442
        dmax: 1
        g: 0.0008
        name: 'out'
        well: false
        base: 1
        gBase: 0.0008
        timer: -1
        contestUntil: 0
        upto: 0
        awake: false
        subOn: true
        creep: 0
        unfed: 0
        fedTimer: 0
        shadeOff: 0
        unfedSince: -1
        starveSince: -1
        machines: 0
        slots: 1
        area: 519
        pool: 0
        exposed: true
        exposedAt: 0
      135:
        x: 162
        y: 244
        state: 0
        d: 0.3254846157919848
        dmax: 0.699
        g: 0.0006
        name: 'ind'
        well: false
        base: 0.699
        gBase: 0.0006
        timer: -1
        contestUntil: 0
        upto: 0
        awake: false
        subOn: true
        creep: 0
        unfed: 0
        fedTimer: 0
        shadeOff: 0
        unfedSince: -1
        starveSince: -1
        machines: 0
        slots: 1
        area: 1082
        pool: 7213.333333333333
        exposed: true
        exposedAt: 0
      136:
        x: 462
        y: 242
        state: 0
        d: 0.34786235676356586
        dmax: 0.69
        g: 0.0006
        name: 'ind'
        well: false
        base: 0.69
        gBase: 0.0006
        timer: -1
        contestUntil: 0
        upto: 0
        awake: false
        subOn: true
        creep: 0
        unfed: 0
        fedTimer: 0
        shadeOff: 0
        unfedSince: -1
        starveSince: -1
        machines: 0
        slots: 1
        area: 363
        pool: 2420
        exposed: true
        exposedAt: 0
      137:
        x: 222
        y: 252
        state: 0
        d: 0.32462280212645417
        dmax: 0.69
        g: 0.0006
        name: 'ind'
        well: false
        base: 0.69
        gBase: 0.0006
        timer: -1
        contestUntil: 0
        upto: 0
        awake: false
        subOn: true
        creep: 0
        unfed: 0
        fedTimer: 0
        shadeOff: 0
        unfedSince: -1
        starveSince: -1
        machines: 0
        slots: 1
        area: 972
        pool: 6480
        exposed: true
        exposedAt: 0
      138:
        x: 123
        y: 253
        state: 0
        d: 0.5193596094846725
        dmax: 1
        g: 0.0008
        name: 'out'
        well: false
        base: 1
        gBase: 0.0008
        timer: -1
        contestUntil: 0
        upto: 0
        awake: false
        subOn: true
        creep: 0
        unfed: 0
        fedTimer: 0
        shadeOff: 0
        unfedSince: -1
        starveSince: -1
        machines: 0
        slots: 1
        area: 849
        pool: 0
        exposed: true
        exposedAt: 0
      139:
        x: 499
        y: 263
        state: 0
        d: 0.37030979250208473
        dmax: 0.69
        g: 0.0006
        name: 'ind'
        well: false
        base: 0.69
        gBase: 0.0006
        timer: -1
        contestUntil: 0
        upto: 0
        awake: false
        subOn: true
        creep: 0
        unfed: 0
        fedTimer: 0
        shadeOff: 0
        unfedSince: -1
        starveSince: -1
        machines: 0
        slots: 1
        area: 586
        pool: 3906.6666666666665
        exposed: true
        exposedAt: 0
      140:
        x: 778
        y: 265
        state: 0
        d: 0.5066017435165122
        dmax: 1
        g: 0.0008
        name: 'out'
        well: false
        base: 1
        gBase: 0.0008
        timer: -1
        contestUntil: 0
        upto: 0
        awake: false
        subOn: true
        creep: 0
        unfed: 0
        fedTimer: 0
        shadeOff: 0
        unfedSince: -1
        starveSince: -1
        machines: 0
        slots: 1
        area: 836
        pool: 0
        exposed: true
        exposedAt: 0
      141:
        x: 395
        y: 272
        state: 3
        d: 0.32668245853786354
        dmax: 0.6809999999999999
        g: 0.0006
        name: 'ind'
        well: false
        base: 0.6809999999999999
        gBase: 0.0006
        timer: -1
        contestUntil: 0
        upto: 0
        awake: false
        subOn: true
        creep: 0
        unfed: 0
        fedTimer: 0
        shadeOff: 0
        unfedSince: -1
        starveSince: -1
        machines: 0
        slots: 3
        area: 1883
        pool: 12553.333333333334
        exposed: true
        exposedAt: 0
      142:
        x: 538
        y: 271
        state: 0
        d: 0.3455407946461346
        dmax: 0.69
        g: 0.0006
        name: 'ind'
        well: false
        base: 0.69
        gBase: 0.0006
        timer: -1
        contestUntil: 0
        upto: 0
        awake: false
        subOn: true
        creep: 0
        unfed: 0
        fedTimer: 0
        shadeOff: 0
        unfedSince: -1
        starveSince: -1
        machines: 0
        slots: 1
        area: 1126
        pool: 7506.666666666667
        exposed: true
        exposedAt: 0
      143:
        x: 741
        y: 267
        state: 0
        d: 0.4712032337207347
        dmax: 1
        g: 0.0008
        name: 'out'
        well: false
        base: 1
        gBase: 0.0008
        timer: -1
        contestUntil: 0
        upto: 0
        awake: false
        subOn: true
        creep: 0
        unfed: 0
        fedTimer: 0
        shadeOff: 0
        unfedSince: -1
        starveSince: -1
        machines: 0
        slots: 1
        area: 1154
        pool: 0
        exposed: true
        exposedAt: 0
      144:
        x: 319
        y: 266
        state: 0
        d: 0.31205078039830547
        dmax: 0.69
        g: 0.0006
        name: 'ind'
        well: false
        base: 0.69
        gBase: 0.0006
        timer: -1
        contestUntil: 0
        upto: 0
        awake: false
        subOn: true
        creep: 0
        unfed: 0
        fedTimer: 0
        shadeOff: 0
        unfedSince: -1
        starveSince: -1
        machines: 0
        slots: 1
        area: 639
        pool: 4260
        exposed: true
        exposedAt: 0
      145:
        x: 351
        y: 268
        state: 0
        d: 0.33399420728534457
        dmax: 0.69
        g: 0.0006
        name: 'ind'
        well: false
        base: 0.69
        gBase: 0.0006
        timer: -1
        contestUntil: 0
        upto: 0
        awake: false
        subOn: true
        creep: 0
        unfed: 0
        fedTimer: 0
        shadeOff: 0
        unfedSince: -1
        starveSince: -1
        machines: 0
        slots: 1
        area: 739
        pool: 4926.666666666667
        exposed: true
        exposedAt: 0
      146:
        x: 460
        y: 267
        state: 0
        d: 0.3540350135305663
        dmax: 0.6809999999999999
        g: 0.0006
        name: 'ind'
        well: false
        base: 0.6809999999999999
        gBase: 0.0006
        timer: -1
        contestUntil: 0
        upto: 0
        awake: false
        subOn: true
        creep: 0
        unfed: 0
        fedTimer: 0
        shadeOff: 0
        unfedSince: -1
        starveSince: -1
        machines: 0
        slots: 1
        area: 647
        pool: 4313.333333333333
        exposed: true
        exposedAt: 0
      147:
        x: 281
        y: 272
        state: 0
        d: 0.3788680998233612
        dmax: 0.69
        g: 0.0006
        name: 'ind'
        well: false
        base: 0.69
        gBase: 0.0006
        timer: -1
        contestUntil: 0
        upto: 0
        awake: false
        subOn: true
        creep: 0
        unfed: 0
        fedTimer: 0
        shadeOff: 0
        unfedSince: -1
        starveSince: -1
        machines: 0
        slots: 1
        area: 1196
        pool: 7973.333333333333
        exposed: true
        exposedAt: 0
      148:
        x: 432
        y: 266
        state: 0
        d: 0.35769186523393726
        dmax: 0.6809999999999999
        g: 0.0006
        name: 'ind'
        well: false
        base: 0.6809999999999999
        gBase: 0.0006
        timer: -1
        contestUntil: 0
        upto: 0
        awake: false
        subOn: true
        creep: 0
        unfed: 0
        fedTimer: 0
        shadeOff: 0
        unfedSince: -1
        starveSince: -1
        machines: 0
        slots: 1
        area: 642
        pool: 4280
        exposed: true
        exposedAt: 0
      149:
        x: 692
        y: 273
        state: 3
        d: 0.5040529706981033
        dmax: 1
        g: 0.0008
        name: 'out'
        well: false
        base: 1
        gBase: 0.0008
        timer: -1
        contestUntil: 0
        upto: 0
        awake: false
        subOn: true
        creep: 0
        unfed: 0
        fedTimer: 0
        shadeOff: 0
        unfedSince: -1
        starveSince: -1
        machines: 0
        slots: 1
        area: 729
        pool: 0
        exposed: true
        exposedAt: 0
      150:
        x: 163
        y: 276
        state: 0
        d: 0.3589346357965842
        dmax: 0.699
        g: 0.0006
        name: 'ind'
        well: false
        base: 0.699
        gBase: 0.0006
        timer: -1
        contestUntil: 0
        upto: 0
        awake: false
        subOn: true
        creep: 0
        unfed: 0
        fedTimer: 0
        shadeOff: 0
        unfedSince: -1
        starveSince: -1
        machines: 0
        slots: 1
        area: 736
        pool: 4906.666666666667
        exposed: true
        exposedAt: 0
      151:
        x: 592
        y: 285
        state: 0
        d: 0.3543348532912787
        dmax: 0.69
        g: 0.0006
        name: 'ind'
        well: false
        base: 0.69
        gBase: 0.0006
        timer: -1
        contestUntil: 0
        upto: 0
        awake: false
        subOn: true
        creep: 0
        unfed: 0
        fedTimer: 0
        shadeOff: 0
        unfedSince: -1
        starveSince: -1
        machines: 0
        slots: 3
        area: 1889
        pool: 12593.333333333334
        exposed: true
        exposedAt: 0
      152:
        x: 657
        y: 275
        state: 0
        d: 0.34107457239506767
        dmax: 0.708
        g: 0.0006
        name: 'ind'
        well: false
        base: 0.708
        gBase: 0.0006
        timer: -1
        contestUntil: 0
        upto: 0
        awake: false
        subOn: true
        creep: 0
        unfed: 0
        fedTimer: 0
        shadeOff: 0
        unfedSince: -1
        starveSince: -1
        machines: 0
        slots: 1
        area: 628
        pool: 4186.666666666667
        exposed: true
        exposedAt: 0
      153:
        x: 28
        y: 277
        state: 0
        d: 0.4970476718386635
        dmax: 1
        g: 0.0008
        name: 'out'
        well: false
        base: 1
        gBase: 0.0008
        timer: -1
        contestUntil: 0
        upto: 0
        awake: false
        subOn: true
        creep: 0
        unfed: 0
        fedTimer: 0
        shadeOff: 0
        unfedSince: -1
        starveSince: -1
        machines: 0
        slots: 1
        area: 912
        pool: 0
        exposed: true
        exposedAt: 0
      154:
        x: 68
        y: 280
        state: 0
        d: 0.5380803300533443
        dmax: 1
        g: 0.0008
        name: 'out'
        well: false
        base: 1
        gBase: 0.0008
        timer: -1
        contestUntil: 0
        upto: 0
        awake: false
        subOn: true
        creep: 0
        unfed: 0
        fedTimer: 0
        shadeOff: 0
        unfedSince: -1
        starveSince: -1
        machines: 0
        slots: 1
        area: 1144
        pool: 0
        exposed: true
        exposedAt: 0
      155:
        x: 629
        y: 293
        state: 0
        d: 0.3483046317465836
        dmax: 0.699
        g: 0.0006
        name: 'ind'
        well: false
        base: 0.699
        gBase: 0.0006
        timer: -1
        contestUntil: 0
        upto: 0
        awake: false
        subOn: true
        creep: 0
        unfed: 0
        fedTimer: 0
        shadeOff: 0
        unfedSince: -1
        starveSince: -1
        machines: 0
        slots: 1
        area: 834
        pool: 5560
        exposed: true
        exposedAt: 0
      156:
        x: 192
        y: 282
        state: 0
        d: 0.36499643801143394
        dmax: 0.699
        g: 0.0006
        name: 'ind'
        well: false
        base: 0.699
        gBase: 0.0006
        timer: -1
        contestUntil: 0
        upto: 0
        awake: false
        subOn: true
        creep: 0
        unfed: 0
        fedTimer: 0
        shadeOff: 0
        unfedSince: -1
        starveSince: -1
        machines: 0
        slots: 1
        area: 435
        pool: 2900
        exposed: true
        exposedAt: 0
      157:
        x: 110
        y: 280
        state: 0
        d: 0.45304158837534486
        dmax: 1
        g: 0.0008
        name: 'out'
        well: false
        base: 1
        gBase: 0.0008
        timer: -1
        contestUntil: 0
        upto: 0
        awake: false
        subOn: true
        creep: 0
        unfed: 0
        fedTimer: 0
        shadeOff: 0
        unfedSince: -1
        starveSince: -1
        machines: 0
        slots: 1
        area: 526
        pool: 0
        exposed: true
        exposedAt: 0
      158:
        x: 136
        y: 281
        state: 0
        d: 0.34681330351503564
        dmax: 0.708
        g: 0.0006
        name: 'ind'
        well: false
        base: 0.708
        gBase: 0.0006
        timer: -1
        contestUntil: 0
        upto: 0
        awake: false
        subOn: true
        creep: 0
        unfed: 0
        fedTimer: 0
        shadeOff: 0
        unfedSince: -1
        starveSince: -1
        machines: 0
        slots: 1
        area: 266
        pool: 1773.3333333333333
        exposed: true
        exposedAt: 0
      159:
        x: 220
        y: 282
        state: 0
        d: 0.35646212141588324
        dmax: 0.69
        g: 0.0006
        name: 'ind'
        well: false
        base: 0.69
        gBase: 0.0006
        timer: -1
        contestUntil: 0
        upto: 0
        awake: false
        subOn: true
        creep: 0
        unfed: 0
        fedTimer: 0
        shadeOff: 0
        unfedSince: -1
        starveSince: -1
        machines: 0
        slots: 1
        area: 937
        pool: 6246.666666666667
        exposed: true
        exposedAt: 0
      160:
        x: 249
        y: 306
        state: 0
        d: 0.31761330470899113
        dmax: 0.6809999999999999
        g: 0.0006
        name: 'ind'
        well: false
        base: 0.6809999999999999
        gBase: 0.0006
        timer: -1
        contestUntil: 0
        upto: 0
        awake: false
        subOn: true
        creep: 0
        unfed: 0
        fedTimer: 0
        shadeOff: 0
        unfedSince: -1
        starveSince: -1
        machines: 0
        slots: 1
        area: 491
        pool: 3273.3333333333335
        exposed: true
        exposedAt: 0
      161:
        x: 476
        y: 293
        state: 0
        d: 0.3425921163315419
        dmax: 0.6809999999999999
        g: 0.0006
        name: 'ind'
        well: false
        base: 0.6809999999999999
        gBase: 0.0006
        timer: -1
        contestUntil: 0
        upto: 0
        awake: false
        subOn: true
        creep: 0
        unfed: 0
        fedTimer: 0
        shadeOff: 0
        unfedSince: -1
        starveSince: -1
        machines: 0
        slots: 1
        area: 257
        pool: 1713.3333333333333
        exposed: true
        exposedAt: 0
      162:
        x: 500
        y: 311
        state: 0
        d: 0.32576653992393984
        dmax: 0.6809999999999999
        g: 0.0006
        name: 'ind'
        well: false
        base: 0.6809999999999999
        gBase: 0.0006
        timer: -1
        contestUntil: 0
        upto: 0
        awake: false
        subOn: true
        creep: 0
        unfed: 0
        fedTimer: 0
        shadeOff: 0
        unfedSince: -1
        starveSince: -1
        machines: 0
        slots: 1
        area: 958
        pool: 6386.666666666667
        exposed: true
        exposedAt: 0
      163:
        x: 355
        y: 296
        state: 3
        d: 0.334697271696059
        dmax: 0.69
        g: 0.0006
        name: 'ind'
        well: false
        base: 0.69
        gBase: 0.0006
        timer: -1
        contestUntil: 0
        upto: 0
        awake: false
        subOn: true
        creep: 0
        unfed: 0
        fedTimer: 0
        shadeOff: 0
        unfedSince: -1
        starveSince: -1
        machines: 0
        slots: 1
        area: 515
        pool: 3433.3333333333335
        exposed: true
        exposedAt: 0
      164:
        x: 775
        y: 305
        state: 0
        d: 0.45463835396803914
        dmax: 1
        g: 0.0008
        name: 'out'
        well: false
        base: 1
        gBase: 0.0008
        timer: -1
        contestUntil: 0
        upto: 0
        awake: false
        subOn: true
        creep: 0
        unfed: 0
        fedTimer: 0
        shadeOff: 0
        unfedSince: -1
        starveSince: -1
        machines: 0
        slots: 2
        area: 1457
        pool: 0
        exposed: true
        exposedAt: 0
      165:
        x: 318
        y: 299
        state: 0
        d: 0.33193646090494
        dmax: 0.6809999999999999
        g: 0.0006
        name: 'ind'
        well: false
        base: 0.6809999999999999
        gBase: 0.0006
        timer: -1
        contestUntil: 0
        upto: 0
        awake: false
        subOn: true
        creep: 0
        unfed: 0
        fedTimer: 0
        shadeOff: 0
        unfedSince: -1
        starveSince: -1
        machines: 0
        slots: 1
        area: 332
        pool: 2213.3333333333335
        exposed: true
        exposedAt: 0
      166:
        x: 725
        y: 303
        state: 0
        d: 0.481544173322618
        dmax: 1
        g: 0.0008
        name: 'out'
        well: false
        base: 1
        gBase: 0.0008
        timer: -1
        contestUntil: 0
        upto: 0
        awake: false
        subOn: true
        creep: 0
        unfed: 0
        fedTimer: 0
        shadeOff: 0
        unfedSince: -1
        starveSince: -1
        machines: 0
        slots: 1
        area: 932
        pool: 0
        exposed: true
        exposedAt: 0
      167:
        x: 658
        y: 302
        state: 0
        d: 0.3554926756173838
        dmax: 0.699
        g: 0.0006
        name: 'ind'
        well: false
        base: 0.699
        gBase: 0.0006
        timer: -1
        contestUntil: 0
        upto: 0
        awake: false
        subOn: true
        creep: 0
        unfed: 0
        fedTimer: 0
        shadeOff: 0
        unfedSince: -1
        starveSince: -1
        machines: 0
        slots: 1
        area: 521
        pool: 3473.3333333333335
        exposed: true
        exposedAt: 0
      168:
        x: 294
        y: 302
        state: 0
        d: 0.3696331118165748
        dmax: 0.6809999999999999
        g: 0.0006
        name: 'ind'
        well: false
        base: 0.6809999999999999
        gBase: 0.0006
        timer: -1
        contestUntil: 0
        upto: 0
        awake: false
        subOn: true
        creep: 0
        unfed: 0
        fedTimer: 0
        shadeOff: 0
        unfedSince: -1
        starveSince: -1
        machines: 0
        slots: 1
        area: 530
        pool: 3533.3333333333335
        exposed: true
        exposedAt: 0
      169:
        x: 532
        y: 301
        state: 0
        d: 0.36211044299136846
        dmax: 0.6809999999999999
        g: 0.0006
        name: 'ind'
        well: false
        base: 0.6809999999999999
        gBase: 0.0006
        timer: -1
        contestUntil: 0
        upto: 0
        awake: false
        subOn: true
        creep: 0
        unfed: 0
        fedTimer: 0
        shadeOff: 0
        unfedSince: -1
        starveSince: -1
        machines: 0
        slots: 1
        area: 579
        pool: 3860
        exposed: true
        exposedAt: 0
      170:
        x: 18
        y: 306
        state: 0
        d: 0.4721172937890515
        dmax: 1
        g: 0.0008
        name: 'out'
        well: false
        base: 1
        gBase: 0.0008
        timer: -1
        contestUntil: 0
        upto: 0
        awake: false
        subOn: true
        creep: 0
        unfed: 0
        fedTimer: 0
        shadeOff: 0
        unfedSince: -1
        starveSince: -1
        machines: 0
        slots: 1
        area: 815
        pool: 0
        exposed: true
        exposedAt: 0
      171:
        x: 692
        y: 305
        state: 0
        d: 0.5118041967041791
        dmax: 1
        g: 0.0008
        name: 'out'
        well: false
        base: 1
        gBase: 0.0008
        timer: -1
        contestUntil: 0
        upto: 0
        awake: false
        subOn: true
        creep: 0
        unfed: 0
        fedTimer: 0
        shadeOff: 0
        unfedSince: -1
        starveSince: -1
        machines: 0
        slots: 1
        area: 254
        pool: 0
        exposed: true
        exposedAt: 0
      172:
        x: 135
        y: 322
        state: 3
        d: 0.33475815504617057
        dmax: 0.699
        g: 0.0006
        name: 'ind'
        well: false
        base: 0.699
        gBase: 0.0006
        timer: -1
        contestUntil: 0
        upto: 0
        awake: false
        subOn: true
        creep: 0
        unfed: 0
        fedTimer: 0
        shadeOff: 0
        unfedSince: -1
        starveSince: -1
        machines: 0
        slots: 1
        area: 748
        pool: 4986.666666666667
        exposed: true
        exposedAt: 0
      173:
        x: 170
        y: 327
        state: 0
        d: 0.34962880252115425
        dmax: 0.69
        g: 0.0006
        name: 'ind'
        well: false
        base: 0.69
        gBase: 0.0006
        timer: -1
        contestUntil: 0
        upto: 0
        awake: false
        subOn: true
        creep: 0
        unfed: 0
        fedTimer: 0
        shadeOff: 0
        unfedSince: -1
        starveSince: -1
        machines: 0
        slots: 2
        area: 1457
        pool: 9713.333333333334
        exposed: true
        exposedAt: 0
      174:
        x: 79
        y: 314
        state: 0
        d: 0.45279428230132907
        dmax: 1
        g: 0.0008
        name: 'out'
        well: false
        base: 1
        gBase: 0.0008
        timer: -1
        contestUntil: 0
        upto: 0
        awake: false
        subOn: true
        creep: 0
        unfed: 0
        fedTimer: 0
        shadeOff: 0
        unfedSince: -1
        starveSince: -1
        machines: 0
        slots: 1
        area: 948
        pool: 0
        exposed: true
        exposedAt: 0
      175:
        x: 110
        y: 309
        state: 0
        d: 0.48353389084804804
        dmax: 1
        g: 0.0008
        name: 'out'
        well: false
        base: 1
        gBase: 0.0008
        timer: -1
        contestUntil: 0
        upto: 0
        awake: false
        subOn: true
        creep: 0
        unfed: 0
        fedTimer: 0
        shadeOff: 0
        unfedSince: -1
        starveSince: -1
        machines: 0
        slots: 1
        area: 403
        pool: 0
        exposed: true
        exposedAt: 0
      176:
        x: 425
        y: 318
        state: 0
        d: 0.25311860713418577
        dmax: 0.5040000000000001
        g: 0.0005
        name: 'res'
        well: false
        base: 0.5040000000000001
        gBase: 0.0005
        timer: -1
        contestUntil: 0
        upto: 0
        awake: false
        subOn: true
        creep: 0
        unfed: 0
        fedTimer: 0
        shadeOff: 0
        unfedSince: -1
        starveSince: -1
        machines: 0
        slots: 1
        area: 969
        pool: 6460
        exposed: true
        exposedAt: 0
      177:
        x: 387
        y: 321
        state: 3
        d: 0.26732534206733116
        dmax: 0.5040000000000001
        g: 0.0005
        name: 'res'
        well: false
        base: 0.5040000000000001
        gBase: 0.0005
        timer: -1
        contestUntil: 0
        upto: 0
        awake: false
        subOn: true
        creep: 0
        unfed: 0
        fedTimer: 0
        shadeOff: 0
        unfedSince: -1
        starveSince: -1
        machines: 0
        slots: 1
        area: 1099
        pool: 7326.666666666667
        exposed: true
        exposedAt: 0
      178:
        x: 463
        y: 320
        state: 0
        d: 0.24479179116301242
        dmax: 0.5040000000000001
        g: 0.0005
        name: 'res'
        well: false
        base: 0.5040000000000001
        gBase: 0.0005
        timer: -1
        contestUntil: 0
        upto: 0
        awake: false
        subOn: true
        creep: 0
        unfed: 0
        fedTimer: 0
        shadeOff: 0
        unfedSince: -1
        starveSince: -1
        machines: 0
        slots: 1
        area: 503
        pool: 3353.3333333333335
        exposed: true
        exposedAt: 0
      179:
        x: 351
        y: 323
        state: 0
        d: 0.32394348939126355
        dmax: 0.6809999999999999
        g: 0.0006
        name: 'ind'
        well: false
        base: 0.6809999999999999
        gBase: 0.0006
        timer: -1
        contestUntil: 0
        upto: 0
        awake: false
        subOn: true
        creep: 0
        unfed: 0
        fedTimer: 0
        shadeOff: 0
        unfedSince: -1
        starveSince: -1
        machines: 0
        slots: 1
        area: 758
        pool: 5053.333333333333
        exposed: true
        exposedAt: 0
      180:
        x: 308
        y: 335
        state: 0
        d: 0.2457451619826258
        dmax: 0.5040000000000001
        g: 0.0005
        name: 'res'
        well: false
        base: 0.5040000000000001
        gBase: 0.0005
        timer: -1
        contestUntil: 0
        upto: 0
        awake: false
        subOn: true
        creep: 0
        unfed: 0
        fedTimer: 0
        shadeOff: 0
        unfedSince: -1
        starveSince: -1
        machines: 0
        slots: 2
        area: 1559
        pool: 10393.333333333334
        exposed: true
        exposedAt: 0
      181:
        x: 545
        y: 336
        state: 0
        d: 0.2705276031346992
        dmax: 0.5040000000000001
        g: 0.0005
        name: 'res'
        well: false
        base: 0.5040000000000001
        gBase: 0.0005
        timer: -1
        contestUntil: 0
        upto: 0
        awake: false
        subOn: true
        creep: 0
        unfed: 0
        fedTimer: 0
        shadeOff: 0
        unfedSince: -1
        starveSince: -1
        machines: 0
        slots: 2
        area: 1575
        pool: 10500
        exposed: true
        exposedAt: 0
      182:
        x: 586
        y: 332
        state: 0
        d: 0.3487000134458765
        dmax: 0.7559999999999999
        g: 0.00105
        name: 'ind'
        well: true
        base: 0.6809999999999999
        gBase: 0.0006
        timer: -1
        contestUntil: 0
        upto: 0
        awake: false
        subOn: true
        creep: 0
        unfed: 0
        fedTimer: 0
        shadeOff: 0
        unfedSince: -1
        starveSince: -1
        machines: 0
        slots: 1
        area: 1048
        pool: 6986.666666666667
        exposed: true
        exposedAt: 0
      183:
        x: 622
        y: 332
        state: 0
        d: 0.354822451677639
        dmax: 0.7649999999999999
        g: 0.00105
        name: 'ind'
        well: true
        base: 0.69
        gBase: 0.0006
        timer: -1
        contestUntil: 0
        upto: 0
        awake: false
        subOn: true
        creep: 0
        unfed: 0
        fedTimer: 0
        shadeOff: 0
        unfedSince: -1
        starveSince: -1
        machines: 0
        slots: 1
        area: 1120
        pool: 7466.666666666667
        exposed: true
        exposedAt: 0
      184:
        x: 681
        y: 333
        state: 0
        d: 0.46663379173260183
        dmax: 1
        g: 0.0014
        name: 'out'
        well: true
        base: 1
        gBase: 0.0008
        timer: -1
        contestUntil: 0
        upto: 0
        awake: false
        subOn: true
        creep: 0
        unfed: 0
        fedTimer: 0
        shadeOff: 0
        unfedSince: -1
        starveSince: -1
        machines: 0
        slots: 1
        area: 575
        pool: 0
        exposed: true
        exposedAt: 0
      185:
        x: 713
        y: 331
        state: 0
        d: 0.5276537169935182
        dmax: 1
        g: 0.0008
        name: 'out'
        well: false
        base: 1
        gBase: 0.0008
        timer: -1
        contestUntil: 0
        upto: 0
        awake: false
        subOn: true
        creep: 0
        unfed: 0
        fedTimer: 0
        shadeOff: 0
        unfedSince: -1
        starveSince: -1
        machines: 0
        slots: 1
        area: 587
        pool: 0
        exposed: true
        exposedAt: 0
      186:
        x: 254
        y: 339
        state: 0
        d: 0.22835736319832511
        dmax: 0.5040000000000001
        g: 0.0005
        name: 'res'
        well: false
        base: 0.5040000000000001
        gBase: 0.0005
        timer: -1
        contestUntil: 0
        upto: 0
        awake: false
        subOn: true
        creep: 0
        unfed: 0
        fedTimer: 0
        shadeOff: 0
        unfedSince: -1
        starveSince: -1
        machines: 0
        slots: 1
        area: 987
        pool: 6580
        exposed: true
        exposedAt: 0
      187:
        x: 18
        y: 336
        state: 0
        d: 0.5104366709245369
        dmax: 1
        g: 0.0008
        name: 'out'
        well: false
        base: 1
        gBase: 0.0008
        timer: -1
        contestUntil: 0
        upto: 0
        awake: false
        subOn: true
        creep: 0
        unfed: 0
        fedTimer: 0
        shadeOff: 0
        unfedSince: -1
        starveSince: -1
        machines: 0
        slots: 1
        area: 866
        pool: 0
        exposed: true
        exposedAt: 0
      188:
        x: 211
        y: 335
        state: 3
        d: 0.3086818944137776
        dmax: 0.6809999999999999
        g: 0.0006
        name: 'ind'
        well: false
        base: 0.6809999999999999
        gBase: 0.0006
        timer: -1
        contestUntil: 0
        upto: 0
        awake: false
        subOn: true
        creep: 0
        unfed: 0
        fedTimer: 0
        shadeOff: 0
        unfedSince: -1
        starveSince: -1
        machines: 0
        slots: 1
        area: 526
        pool: 3506.6666666666665
        exposed: true
        exposedAt: 0
      189:
        x: 496
        y: 348
        state: 0
        d: 0.23842766001317656
        dmax: 0.5040000000000001
        g: 0.0005
        name: 'res'
        well: false
        base: 0.5040000000000001
        gBase: 0.0005
        timer: -1
        contestUntil: 0
        upto: 0
        awake: false
        subOn: true
        creep: 0
        unfed: 0
        fedTimer: 0
        shadeOff: 0
        unfedSince: -1
        starveSince: -1
        machines: 0
        slots: 1
        area: 1119
        pool: 7460
        exposed: true
        exposedAt: 0
      190:
        x: 69
        y: 340
        state: 0
        d: 0.47695204108022154
        dmax: 1
        g: 0.0008
        name: 'out'
        well: false
        base: 1
        gBase: 0.0008
        timer: -1
        contestUntil: 0
        upto: 0
        awake: false
        subOn: true
        creep: 0
        unfed: 0
        fedTimer: 0
        shadeOff: 0
        unfedSince: -1
        starveSince: -1
        machines: 0
        slots: 1
        area: 315
        pool: 0
        exposed: true
        exposedAt: 0
      191:
        x: 460
        y: 349
        state: 0
        d: 0.2628401678401977
        dmax: 0.5040000000000001
        g: 0.0005
        name: 'res'
        well: false
        base: 0.5040000000000001
        gBase: 0.0005
        timer: -1
        contestUntil: 0
        upto: 0
        awake: false
        subOn: true
        creep: 0
        unfed: 0
        fedTimer: 0
        shadeOff: 0
        unfedSince: -1
        starveSince: -1
        machines: 0
        slots: 1
        area: 589
        pool: 3926.6666666666665
        exposed: true
        exposedAt: 0
      192:
        x: 778
        y: 354
        state: 0
        d: 0.3532828282881528
        dmax: 0.708
        g: 0.0006
        name: 'ind'
        well: false
        base: 0.708
        gBase: 0.0006
        timer: -1
        contestUntil: 0
        upto: 0
        awake: false
        subOn: true
        creep: 0
        unfed: 0
        fedTimer: 0
        shadeOff: 0
        unfedSince: -1
        starveSince: -1
        machines: 0
        slots: 1
        area: 900
        pool: 6000
        exposed: true
        exposedAt: 0
      193:
        x: 343
        y: 353
        state: 0
        d: 0.23956037104055292
        dmax: 0.5040000000000001
        g: 0.0005
        name: 'res'
        well: false
        base: 0.5040000000000001
        gBase: 0.0005
        timer: -1
        contestUntil: 0
        upto: 0
        awake: false
        subOn: true
        creep: 0
        unfed: 0
        fedTimer: 0
        shadeOff: 0
        unfedSince: -1
        starveSince: -1
        machines: 0
        slots: 1
        area: 807
        pool: 5380
        exposed: true
        exposedAt: 0
      194:
        x: 749
        y: 356
        state: 0
        d: 0.49995731718372555
        dmax: 1
        g: 0.0014
        name: 'out'
        well: true
        base: 1
        gBase: 0.0008
        timer: -1
        contestUntil: 0
        upto: 0
        awake: false
        subOn: true
        creep: 0
        unfed: 0
        fedTimer: 0
        shadeOff: 0
        unfedSince: -1
        starveSince: -1
        machines: 0
        slots: 1
        area: 431
        pool: 0
        exposed: true
        exposedAt: 0
      195:
        x: 428
        y: 372
        state: 0
        d: 0.25933189975128623
        dmax: 0.49725
        g: 0.0005
        name: 'res'
        well: false
        base: 0.49725
        gBase: 0.0005
        timer: -1
        contestUntil: 0
        upto: 0
        awake: false
        subOn: true
        creep: 0
        unfed: 0
        fedTimer: 0
        shadeOff: 0
        unfedSince: -1
        starveSince: -1
        machines: 0
        slots: 1
        area: 450
        pool: 3000
        exposed: true
        exposedAt: 0
      196:
        x: 721
        y: 356
        state: 0
        d: 0.5306552744470536
        dmax: 1
        g: 0.0014
        name: 'out'
        well: true
        base: 1
        gBase: 0.0008
        timer: -1
        contestUntil: 0
        upto: 0
        awake: false
        subOn: true
        creep: 0
        unfed: 0
        fedTimer: 0
        shadeOff: 0
        unfedSince: -1
        starveSince: -1
        machines: 0
        slots: 1
        area: 591
        pool: 0
        exposed: true
        exposedAt: 0
      197:
        x: 685
        y: 381
        state: 0
        d: 0.4703336035599932
        dmax: 1
        g: 0.002
        name: 'out'
        well: true
        base: 1
        gBase: 0.0008
        timer: -1
        contestUntil: 0
        upto: 0
        awake: false
        subOn: true
        creep: 0
        unfed: 0
        fedTimer: 0
        shadeOff: 0
        unfedSince: -1
        starveSince: -1
        machines: 0
        slots: 1
        area: 1009
        pool: 0
        exposed: true
        exposedAt: 0
      198:
        x: 167
        y: 361
        state: 0
        d: 0.37289237915701234
        dmax: 0.69
        g: 0.0006
        name: 'ind'
        well: false
        base: 0.69
        gBase: 0.0006
        timer: -1
        contestUntil: 0
        upto: 0
        awake: false
        subOn: true
        creep: 0
        unfed: 0
        fedTimer: 0
        shadeOff: 0
        unfedSince: -1
        starveSince: -1
        machines: 0
        slots: 1
        area: 395
        pool: 2633.3333333333335
        exposed: true
        exposedAt: 0
      199:
        x: 641
        y: 363
        state: 0
        d: 0.43795723145361987
        dmax: 0.84
        g: 0.0014999999999999998
        name: 'ind'
        well: true
        base: 0.69
        gBase: 0.0006
        timer: -1
        contestUntil: 0
        upto: 0
        awake: false
        subOn: true
        creep: 0
        unfed: 0
        fedTimer: 0
        shadeOff: 0
        unfedSince: -1
        starveSince: -1
        machines: 0
        slots: 1
        area: 601
        pool: 4006.6666666666665
        exposed: true
        exposedAt: 0
      200:
        x: 91
        y: 369
        state: 3
        d: 0.5394845757633447
        dmax: 1
        g: 0.0008
        name: 'out'
        well: false
        base: 1
        gBase: 0.0008
        timer: -1
        contestUntil: 0
        upto: 0
        awake: false
        subOn: true
        creep: 0
        unfed: 0
        fedTimer: 0
        shadeOff: 0
        unfedSince: -1
        starveSince: -1
        machines: 0
        slots: 1
        area: 1198
        pool: 0
        exposed: true
        exposedAt: 0
      201:
        x: 134
        y: 363
        state: 0
        d: 0.3546457461537793
        dmax: 0.699
        g: 0.0006
        name: 'ind'
        well: false
        base: 0.699
        gBase: 0.0006
        timer: -1
        contestUntil: 0
        upto: 0
        awake: false
        subOn: true
        creep: 0
        unfed: 0
        fedTimer: 0
        shadeOff: 0
        unfedSince: -1
        starveSince: -1
        machines: 0
        slots: 1
        area: 423
        pool: 2820
        exposed: true
        exposedAt: 0
      202:
        x: 21
        y: 368
        state: 0
        d: 0.5141199383884668
        dmax: 1
        g: 0.0008
        name: 'out'
        well: false
        base: 1
        gBase: 0.0008
        timer: -1
        contestUntil: 0
        upto: 0
        awake: false
        subOn: true
        creep: 0
        unfed: 0
        fedTimer: 0
        shadeOff: 0
        unfedSince: -1
        starveSince: -1
        machines: 0
        slots: 1
        area: 982
        pool: 0
        exposed: true
        exposedAt: 0
      203:
        x: 54
        y: 368
        state: 0
        d: 0.4871820824453607
        dmax: 1
        g: 0.0008
        name: 'out'
        well: false
        base: 1
        gBase: 0.0008
        timer: -1
        contestUntil: 0
        upto: 0
        awake: false
        subOn: true
        creep: 0
        unfed: 0
        fedTimer: 0
        shadeOff: 0
        unfedSince: -1
        starveSince: -1
        machines: 0
        slots: 1
        area: 971
        pool: 0
        exposed: true
        exposedAt: 0
      204:
        x: 193
        y: 361
        state: 3
        d: 0.32189579611408986
        dmax: 0.6809999999999999
        g: 0.0006
        name: 'ind'
        well: false
        base: 0.6809999999999999
        gBase: 0.0006
        timer: -1
        contestUntil: 0
        upto: 0
        awake: false
        subOn: true
        creep: 0
        unfed: 0
        fedTimer: 0
        shadeOff: 0
        unfedSince: -1
        starveSince: -1
        machines: 0
        slots: 1
        area: 262
        pool: 1746.6666666666667
        exposed: true
        exposedAt: 0
      205:
        x: 607
        y: 372
        state: 0
        d: 0.44261321928610553
        dmax: 0.831
        g: 0.0014999999999999998
        name: 'ind'
        well: true
        base: 0.6809999999999999
        gBase: 0.0006
        timer: -1
        contestUntil: 0
        upto: 0
        awake: false
        subOn: true
        creep: 0
        unfed: 0
        fedTimer: 0
        shadeOff: 0
        unfedSince: -1
        starveSince: -1
        machines: 0
        slots: 1
        area: 680
        pool: 4533.333333333333
        exposed: true
        exposedAt: 0
      206:
        x: 311
        y: 375
        state: 0
        d: 0.22719503529203358
        dmax: 0.49725
        g: 0.0005
        name: 'res'
        well: false
        base: 0.49725
        gBase: 0.0005
        timer: -1
        contestUntil: 0
        upto: 0
        awake: false
        subOn: true
        creep: 0
        unfed: 0
        fedTimer: 0
        shadeOff: 0
        unfedSince: -1
        starveSince: -1
        machines: 0
        slots: 1
        area: 1131
        pool: 7540
        exposed: true
        exposedAt: 0
      207:
        x: 391
        y: 372
        state: 0
        d: 0.2513774619659234
        dmax: 0.49725
        g: 0.0005
        name: 'res'
        well: false
        base: 0.49725
        gBase: 0.0005
        timer: -1
        contestUntil: 0
        upto: 0
        awake: false
        subOn: true
        creep: 0
        unfed: 0
        fedTimer: 0
        shadeOff: 0
        unfedSince: -1
        starveSince: -1
        machines: 0
        slots: 1
        area: 520
        pool: 3466.6666666666665
        exposed: true
        exposedAt: 0
      208:
        x: 575
        y: 377
        state: 0
        d: 0.28895413536352577
        dmax: 0.5790000000000001
        g: 0.000875
        name: 'res'
        well: true
        base: 0.5040000000000001
        gBase: 0.0005
        timer: -1
        contestUntil: 0
        upto: 0
        awake: false
        subOn: true
        creep: 0
        unfed: 0
        fedTimer: 0
        shadeOff: 0
        unfedSince: -1
        starveSince: -1
        machines: 0
        slots: 1
        area: 641
        pool: 4273.333333333333
        exposed: true
        exposedAt: 0
      209:
        x: 455
        y: 376
        state: 0
        d: 0.2395240912221023
        dmax: 0.49725
        g: 0.0005
        name: 'res'
        well: false
        base: 0.49725
        gBase: 0.0005
        timer: -1
        contestUntil: 0
        upto: 0
        awake: false
        subOn: true
        creep: 0
        unfed: 0
        fedTimer: 0
        shadeOff: 0
        unfedSince: -1
        starveSince: -1
        machines: 0
        slots: 1
        area: 792
        pool: 5280
        exposed: true
        exposedAt: 0
      210:
        x: 262
        y: 384
        state: 0
        d: 0.2651741385709495
        dmax: 0.5040000000000001
        g: 0.0005
        name: 'res'
        well: false
        base: 0.5040000000000001
        gBase: 0.0005
        timer: -1
        contestUntil: 0
        upto: 0
        awake: false
        subOn: true
        creep: 0
        unfed: 0
        fedTimer: 0
        shadeOff: 0
        unfedSince: -1
        starveSince: -1
        machines: 0
        slots: 2
        area: 1360
        pool: 9066.666666666666
        exposed: true
        exposedAt: 0
      211:
        x: 540
        y: 383
        state: 0
        d: 0.2377750280390843
        dmax: 0.49725
        g: 0.0005
        name: 'res'
        well: false
        base: 0.49725
        gBase: 0.0005
        timer: -1
        contestUntil: 0
        upto: 0
        awake: false
        subOn: true
        creep: 0
        unfed: 0
        fedTimer: 0
        shadeOff: 0
        unfedSince: -1
        starveSince: -1
        machines: 0
        slots: 1
        area: 674
        pool: 4493.333333333333
        exposed: true
        exposedAt: 0
      212:
        x: 224
        y: 384
        state: 0
        d: 0.32800559218581765
        dmax: 0.6809999999999999
        g: 0.0006
        name: 'ind'
        well: false
        base: 0.6809999999999999
        gBase: 0.0006
        timer: -1
        contestUntil: 0
        upto: 0
        awake: false
        subOn: true
        creep: 0
        unfed: 0
        fedTimer: 0
        shadeOff: 0
        unfedSince: -1
        starveSince: -1
        machines: 0
        slots: 1
        area: 1182
        pool: 7880
        exposed: true
        exposedAt: 0
      213:
        x: 356
        y: 386
        state: 0
        d: 0.24193265094118543
        dmax: 0.49725
        g: 0.0005
        name: 'res'
        well: false
        base: 0.49725
        gBase: 0.0005
        timer: -1
        contestUntil: 0
        upto: 0
        awake: false
        subOn: true
        creep: 0
        unfed: 0
        fedTimer: 0
        shadeOff: 0
        unfedSince: -1
        starveSince: -1
        machines: 0
        slots: 2
        area: 1360
        pool: 9066.666666666666
        exposed: true
        exposedAt: 0
      214:
        x: 504
        y: 381
        state: 0
        d: 0.24464701986329165
        dmax: 0.49725
        g: 0.0005
        name: 'res'
        well: false
        base: 0.49725
        gBase: 0.0005
        timer: -1
        contestUntil: 0
        upto: 0
        awake: false
        subOn: true
        creep: 0
        unfed: 0
        fedTimer: 0
        shadeOff: 0
        unfedSince: -1
        starveSince: -1
        machines: 0
        slots: 1
        area: 383
        pool: 2553.3333333333335
        exposed: true
        exposedAt: 0
      215:
        x: 715
        y: 387
        state: 0
        d: 0.475653809052892
        dmax: 1
        g: 0.002
        name: 'out'
        well: true
        base: 1
        gBase: 0.0008
        timer: -1
        contestUntil: 0
        upto: 0
        awake: false
        subOn: true
        creep: 0
        unfed: 0
        fedTimer: 0
        shadeOff: 0
        unfedSince: -1
        starveSince: -1
        machines: 0
        slots: 1
        area: 728
        pool: 0
        exposed: true
        exposedAt: 0
      216:
        x: 173
        y: 385
        state: 0
        d: 0.354535082773352
        dmax: 0.6809999999999999
        g: 0.0006
        name: 'ind'
        well: false
        base: 0.6809999999999999
        gBase: 0.0006
        timer: -1
        contestUntil: 0
        upto: 0
        awake: false
        subOn: true
        creep: 0
        unfed: 0
        fedTimer: 0
        shadeOff: 0
        unfedSince: -1
        starveSince: -1
        machines: 0
        slots: 1
        area: 420
        pool: 2800
        exposed: true
        exposedAt: 0
      217:
        x: 144
        y: 394
        state: 0
        d: 0.3630918095747474
        dmax: 0.69
        g: 0.0006
        name: 'ind'
        well: false
        base: 0.69
        gBase: 0.0006
        timer: -1
        contestUntil: 0
        upto: 0
        awake: false
        subOn: true
        creep: 0
        unfed: 0
        fedTimer: 0
        shadeOff: 0
        unfedSince: -1
        starveSince: -1
        machines: 0
        slots: 1
        area: 730
        pool: 4866.666666666667
        exposed: true
        exposedAt: 0
      218:
        x: 756
        y: 391
        state: 3
        d: 0.5155035499716177
        dmax: 1
        g: 0.0014
        name: 'out'
        well: true
        base: 1
        gBase: 0.0008
        timer: -1
        contestUntil: 0
        upto: 0
        awake: false
        subOn: true
        creep: 0
        unfed: 0
        fedTimer: 0
        shadeOff: 0
        unfedSince: -1
        starveSince: -1
        machines: 0
        slots: 1
        area: 1024
        pool: 0
        exposed: true
        exposedAt: 0
      219:
        x: 109
        y: 397
        state: 0
        d: 0.5083401970099658
        dmax: 1
        g: 0.0008
        name: 'out'
        well: false
        base: 1
        gBase: 0.0008
        timer: -1
        contestUntil: 0
        upto: 0
        awake: false
        subOn: true
        creep: 0
        unfed: 0
        fedTimer: 0
        shadeOff: 0
        unfedSince: -1
        starveSince: -1
        machines: 0
        slots: 1
        area: 745
        pool: 0
        exposed: true
        exposedAt: 0
      220:
        x: 422
        y: 404
        state: 0
        d: 0.23867215079187884
        dmax: 0.49050000000000005
        g: 0.0005
        name: 'res'
        well: false
        base: 0.49050000000000005
        gBase: 0.0005
        timer: -1
        contestUntil: 0
        upto: 0
        awake: false
        subOn: true
        creep: 0
        unfed: 0
        fedTimer: 0
        shadeOff: 0
        unfedSince: -1
        starveSince: -1
        machines: 0
        slots: 1
        area: 996
        pool: 6640
        exposed: true
        exposedAt: 0
      221:
        x: 644
        y: 405
        state: 0
        d: 0.48341455685519613
        dmax: 0.9059999999999999
        g: 0.00195
        name: 'ind'
        well: true
        base: 0.6809999999999999
        gBase: 0.0006
        timer: -1
        contestUntil: 0
        upto: 0
        awake: false
        subOn: true
        creep: 0
        unfed: 0
        fedTimer: 0
        shadeOff: 0
        unfedSince: -1
        starveSince: -1
        machines: 0
        slots: 1
        area: 888
        pool: 5920
        exposed: true
        exposedAt: 0
      222:
        x: 454
        y: 408
        state: 0
        d: 0.24167559895600427
        dmax: 0.49050000000000005
        g: 0.0005
        name: 'res'
        well: false
        base: 0.49050000000000005
        gBase: 0.0005
        timer: -1
        contestUntil: 0
        upto: 0
        awake: false
        subOn: true
        creep: 0
        unfed: 0
        fedTimer: 0
        shadeOff: 0
        unfedSince: -1
        starveSince: -1
        machines: 0
        slots: 1
        area: 897
        pool: 5980
        exposed: true
        exposedAt: 0
      223:
        x: 606
        y: 410
        state: 0
        d: 0.4057013534527738
        dmax: 0.8220000000000001
        g: 0.0014999999999999998
        name: 'ind'
        well: true
        base: 0.672
        gBase: 0.0006
        timer: -1
        contestUntil: 0
        upto: 0
        awake: false
        subOn: true
        creep: 0
        unfed: 0
        fedTimer: 0
        shadeOff: 0
        unfedSince: -1
        starveSince: -1
        machines: 0
        slots: 1
        area: 1122
        pool: 7480
        exposed: true
        exposedAt: 0
      224:
        x: 501
        y: 409
        state: 0
        d: 0.26347075947396226
        dmax: 0.49050000000000005
        g: 0.0005
        name: 'res'
        well: false
        base: 0.49050000000000005
        gBase: 0.0005
        timer: -1
        contestUntil: 0
        upto: 0
        awake: false
        subOn: true
        creep: 0
        unfed: 0
        fedTimer: 0
        shadeOff: 0
        unfedSince: -1
        starveSince: -1
        machines: 0
        slots: 1
        area: 608
        pool: 4053.3333333333335
        exposed: true
        exposedAt: 0
      225:
        x: 54
        y: 407
        state: 0
        d: 0.5440990902017802
        dmax: 1
        g: 0.0008
        name: 'out'
        well: false
        base: 1
        gBase: 0.0008
        timer: -1
        contestUntil: 0
        upto: 0
        awake: false
        subOn: true
        creep: 0
        unfed: 0
        fedTimer: 0
        shadeOff: 0
        unfedSince: -1
        starveSince: -1
        machines: 0
        slots: 1
        area: 434
        pool: 0
        exposed: true
        exposedAt: 0
      226:
        x: 568
        y: 413
        state: 0
        d: 0.28047981223786483
        dmax: 0.57225
        g: 0.000875
        name: 'res'
        well: true
        base: 0.49725
        gBase: 0.0005
        timer: -1
        contestUntil: 0
        upto: 0
        awake: false
        subOn: true
        creep: 0
        unfed: 0
        fedTimer: 0
        shadeOff: 0
        unfedSince: -1
        starveSince: -1
        machines: 0
        slots: 1
        area: 880
        pool: 5866.666666666667
        exposed: true
        exposedAt: 0
      227:
        x: 18
        y: 410
        state: 0
        d: 0.4659596103010699
        dmax: 1
        g: 0.0008
        name: 'out'
        well: false
        base: 1
        gBase: 0.0008
        timer: -1
        contestUntil: 0
        upto: 0
        awake: false
        subOn: true
        creep: 0
        unfed: 0
        fedTimer: 0
        shadeOff: 0
        unfedSince: -1
        starveSince: -1
        machines: 0
        slots: 1
        area: 678
        pool: 0
        exposed: true
        exposedAt: 0
      228:
        x: 537
        y: 416
        state: 0
        d: 0.25316900104534584
        dmax: 0.49050000000000005
        g: 0.0005
        name: 'res'
        well: false
        base: 0.49050000000000005
        gBase: 0.0005
        timer: -1
        contestUntil: 0
        upto: 0
        awake: false
        subOn: true
        creep: 0
        unfed: 0
        fedTimer: 0
        shadeOff: 0
        unfedSince: -1
        starveSince: -1
        machines: 0
        slots: 1
        area: 692
        pool: 4613.333333333333
        exposed: true
        exposedAt: 0
      229:
        x: 686
        y: 414
        state: 3
        d: 0.5463590073399246
        dmax: 1
        g: 0.0026000000000000003
        name: 'out'
        well: true
        base: 1
        gBase: 0.0008
        timer: -1
        contestUntil: 0
        upto: 0
        awake: false
        subOn: true
        creep: 0
        unfed: 0
        fedTimer: 0
        shadeOff: 0
        unfedSince: -1
        starveSince: -1
        machines: 0
        slots: 1
        area: 515
        pool: 0
        exposed: true
        exposedAt: 0
      230:
        x: 205
        y: 420
        state: 0
        d: 0.25775110667031265
        dmax: 0.5040000000000001
        g: 0.0005
        name: 'res'
        well: false
        base: 0.5040000000000001
        gBase: 0.0005
        timer: -1
        contestUntil: 0
        upto: 0
        awake: false
        subOn: true
        creep: 0
        unfed: 0
        fedTimer: 0
        shadeOff: 0
        unfedSince: -1
        starveSince: -1
        machines: 0
        slots: 2
        area: 1249
        pool: 8326.666666666666
        exposed: true
        exposedAt: 0
      231:
        x: 278
        y: 416
        state: 0
        d: 0.265227530130744
        dmax: 0.49725
        g: 0.0005
        name: 'res'
        well: false
        base: 0.49725
        gBase: 0.0005
        timer: -1
        contestUntil: 0
        upto: 0
        awake: false
        subOn: true
        creep: 0
        unfed: 0
        fedTimer: 0
        shadeOff: 0
        unfedSince: -1
        starveSince: -1
        machines: 0
        slots: 1
        area: 397
        pool: 2646.6666666666665
        exposed: true
        exposedAt: 0
      232:
        x: 720
        y: 418
        state: 0
        d: 0.49927895569708197
        dmax: 1
        g: 0.002
        name: 'out'
        well: true
        base: 1
        gBase: 0.0008
        timer: -1
        contestUntil: 0
        upto: 0
        awake: false
        subOn: true
        creep: 0
        unfed: 0
        fedTimer: 0
        shadeOff: 0
        unfedSince: -1
        starveSince: -1
        machines: 0
        slots: 1
        area: 571
        pool: 0
        exposed: true
        exposedAt: 0
      233:
        x: 358
        y: 418
        state: 0
        d: 0.24160304363211618
        dmax: 0.49050000000000005
        g: 0.0005
        name: 'res'
        well: false
        base: 0.49050000000000005
        gBase: 0.0005
        timer: -1
        contestUntil: 0
        upto: 0
        awake: false
        subOn: true
        creep: 0
        unfed: 0
        fedTimer: 0
        shadeOff: 0
        unfedSince: -1
        starveSince: -1
        machines: 0
        slots: 1
        area: 469
        pool: 3126.6666666666665
        exposed: true
        exposedAt: 0
      234:
        x: 769
        y: 429
        state: 0
        d: 0.5117286301916465
        dmax: 1
        g: 0.0014
        name: 'out'
        well: true
        base: 1
        gBase: 0.0008
        timer: -1
        contestUntil: 0
        upto: 0
        awake: false
        subOn: true
        creep: 0
        unfed: 0
        fedTimer: 0
        shadeOff: 0
        unfedSince: -1
        starveSince: -1
        machines: 0
        slots: 3
        area: 1914
        pool: 0
        exposed: true
        exposedAt: 0
      235:
        x: 249
        y: 419
        state: 0
        d: 0.24046390726324177
        dmax: 0.5040000000000001
        g: 0.0005
        name: 'res'
        well: false
        base: 0.5040000000000001
        gBase: 0.0005
        timer: -1
        contestUntil: 0
        upto: 0
        awake: false
        subOn: true
        creep: 0
        unfed: 0
        fedTimer: 0
        shadeOff: 0
        unfedSince: -1
        starveSince: -1
        machines: 0
        slots: 1
        area: 316
        pool: 2106.6666666666665
        exposed: true
        exposedAt: 0
      236:
        x: 326
        y: 428
        state: 0
        d: 0.23978664198381594
        dmax: 0.49050000000000005
        g: 0.0005
        name: 'res'
        well: false
        base: 0.49050000000000005
        gBase: 0.0005
        timer: -1
        contestUntil: 0
        upto: 0
        awake: false
        subOn: true
        creep: 0
        unfed: 0
        fedTimer: 0
        shadeOff: 0
        unfedSince: -1
        starveSince: -1
        machines: 0
        slots: 2
        area: 1267
        pool: 8446.666666666666
        exposed: true
        exposedAt: 0
      237:
        x: 158
        y: 425
        state: 0
        d: 0.34293215211464556
        dmax: 0.6809999999999999
        g: 0.0006
        name: 'ind'
        well: false
        base: 0.6809999999999999
        gBase: 0.0006
        timer: -1
        contestUntil: 0
        upto: 0
        awake: false
        subOn: true
        creep: 0
        unfed: 0
        fedTimer: 0
        shadeOff: 0
        unfedSince: -1
        starveSince: -1
        machines: 0
        slots: 1
        area: 1133
        pool: 7553.333333333333
        exposed: true
        exposedAt: 0
      238:
        x: 120
        y: 443
        state: 0
        d: 0.34530573178525076
        dmax: 0.69
        g: 0.0006
        name: 'ind'
        well: false
        base: 0.69
        gBase: 0.0006
        timer: -1
        contestUntil: 0
        upto: 0
        awake: false
        subOn: true
        creep: 0
        unfed: 0
        fedTimer: 0
        shadeOff: 0
        unfedSince: -1
        starveSince: -1
        machines: 0
        slots: 1
        area: 714
        pool: 4760
        exposed: true
        exposedAt: 0
      239:
        x: 91
        y: 426
        state: 0
        d: 0.4628842468606308
        dmax: 1
        g: 0.0008
        name: 'out'
        well: false
        base: 1
        gBase: 0.0008
        timer: -1
        contestUntil: 0
        upto: 0
        awake: false
        subOn: true
        creep: 0
        unfed: 0
        fedTimer: 0
        shadeOff: 0
        unfedSince: -1
        starveSince: -1
        machines: 0
        slots: 1
        area: 827
        pool: 0
        exposed: true
        exposedAt: 0
      240:
        x: 60
        y: 435
        state: 0
        d: 0.47708539697341623
        dmax: 1
        g: 0.0008
        name: 'out'
        well: false
        base: 1
        gBase: 0.0008
        timer: -1
        contestUntil: 0
        upto: 0
        awake: false
        subOn: true
        creep: 0
        unfed: 0
        fedTimer: 0
        shadeOff: 0
        unfedSince: -1
        starveSince: -1
        machines: 0
        slots: 1
        area: 905
        pool: 0
        exposed: true
        exposedAt: 0
      241:
        x: 389
        y: 437
        state: 0
        d: 0.1548723661660915
        dmax: 0.32249999999999995
        g: 0.0004
        name: 'civ'
        well: false
        base: 0.32249999999999995
        gBase: 0.0004
        timer: -1
        contestUntil: 0
        upto: 0
        awake: false
        subOn: true
        creep: 0
        unfed: 0
        fedTimer: 0
        shadeOff: 0
        unfedSince: -1
        starveSince: -1
        machines: 0
        slots: 1
        area: 902
        pool: 6013.333333333333
        exposed: true
        exposedAt: 0
      242:
        x: 423
        y: 436
        state: 0
        d: 0.15019953786773838
        dmax: 0.32249999999999995
        g: 0.0004
        name: 'civ'
        well: false
        base: 0.32249999999999995
        gBase: 0.0004
        timer: -1
        contestUntil: 0
        upto: 0
        awake: false
        subOn: true
        creep: 0
        unfed: 0
        fedTimer: 0
        shadeOff: 0
        unfedSince: -1
        starveSince: -1
        machines: 0
        slots: 1
        area: 655
        pool: 4366.666666666667
        exposed: true
        exposedAt: 0
      243:
        x: 20
        y: 441
        state: 3
        d: 0.5093836470972747
        dmax: 1
        g: 0.0008
        name: 'out'
        well: false
        base: 1
        gBase: 0.0008
        timer: -1
        contestUntil: 0
        upto: 0
        awake: false
        subOn: true
        creep: 0
        unfed: 0
        fedTimer: 0
        shadeOff: 0
        unfedSince: -1
        starveSince: -1
        machines: 0
        slots: 1
        area: 856
        pool: 0
        exposed: true
        exposedAt: 0
      244:
        x: 455
        y: 441
        state: 0
        d: 0.17340924014191839
        dmax: 0.32249999999999995
        g: 0.0004
        name: 'civ'
        well: false
        base: 0.32249999999999995
        gBase: 0.0004
        timer: -1
        contestUntil: 0
        upto: 0
        awake: false
        subOn: true
        creep: 0
        unfed: 0
        fedTimer: 0
        shadeOff: 0
        unfedSince: -1
        starveSince: -1
        machines: 0
        slots: 1
        area: 1064
        pool: 7093.333333333333
        exposed: true
        exposedAt: 0
      245:
        x: 288
        y: 444
        state: 0
        d: 0.25706347251859263
        dmax: 0.49050000000000005
        g: 0.0005
        name: 'res'
        well: false
        base: 0.49050000000000005
        gBase: 0.0005
        timer: -1
        contestUntil: 0
        upto: 0
        awake: false
        subOn: true
        creep: 0
        unfed: 0
        fedTimer: 0
        shadeOff: 0
        unfedSince: -1
        starveSince: -1
        machines: 0
        slots: 1
        area: 305
        pool: 2033.3333333333333
        exposed: true
        exposedAt: 0
      246:
        x: 491
        y: 447
        state: 0
        d: 0.17116408171935468
        dmax: 0.32249999999999995
        g: 0.0004
        name: 'civ'
        well: false
        base: 0.32249999999999995
        gBase: 0.0004
        timer: -1
        contestUntil: 0
        upto: 0
        awake: false
        subOn: true
        creep: 0
        unfed: 0
        fedTimer: 0
        shadeOff: 0
        unfedSince: -1
        starveSince: -1
        machines: 0
        slots: 1
        area: 928
        pool: 6186.666666666667
        exposed: true
        exposedAt: 0
      247:
        x: 653
        y: 441
        state: 0
        d: 0.44600414470061656
        dmax: 0.972
        g: 0.0024
        name: 'ind'
        well: true
        base: 0.672
        gBase: 0.0006
        timer: -1
        contestUntil: 0
        upto: 0
        awake: false
        subOn: true
        creep: 0
        unfed: 0
        fedTimer: 0
        shadeOff: 0
        unfedSince: -1
        starveSince: -1
        machines: 0
        slots: 1
        area: 602
        pool: 4013.3333333333335
        exposed: true
        exposedAt: 0
      248:
        x: 252
        y: 462
        state: 0
        d: 0.26520031291291235
        dmax: 0.49725
        g: 0.0005
        name: 'res'
        well: false
        base: 0.49725
        gBase: 0.0005
        timer: -1
        contestUntil: 0
        upto: 0
        awake: false
        subOn: true
        creep: 0
        unfed: 0
        fedTimer: 0
        shadeOff: 0
        unfedSince: -1
        starveSince: -1
        machines: 0
        slots: 2
        area: 1411
        pool: 9406.666666666666
        exposed: true
        exposedAt: 0
      249:
        x: 619
        y: 447
        state: 0
        d: 0.4861051177005982
        dmax: 0.897
        g: 0.00195
        name: 'ind'
        well: true
        base: 0.672
        gBase: 0.0006
        timer: -1
        contestUntil: 0
        upto: 0
        awake: false
        subOn: true
        creep: 0
        unfed: 0
        fedTimer: 0
        shadeOff: 0
        unfedSince: -1
        starveSince: -1
        machines: 0
        slots: 1
        area: 958
        pool: 6386.666666666667
        exposed: true
        exposedAt: 0
      250:
        x: 688
        y: 444
        state: 0
        d: 0.5142213287530467
        dmax: 1
        g: 0.0026000000000000003
        name: 'out'
        well: true
        base: 1
        gBase: 0.0008
        timer: -1
        contestUntil: 0
        upto: 0
        awake: false
        subOn: true
        creep: 0
        unfed: 0
        fedTimer: 0
        shadeOff: 0
        unfedSince: -1
        starveSince: -1
        machines: 0
        slots: 1
        area: 486
        pool: 0
        exposed: true
        exposedAt: 0
      251:
        x: 592
        y: 443
        state: 0
        d: 0.37654617517045696
        dmax: 0.813
        g: 0.0014999999999999998
        name: 'ind'
        well: true
        base: 0.6629999999999999
        gBase: 0.0006
        timer: -1
        contestUntil: 0
        upto: 0
        awake: false
        subOn: true
        creep: 0
        unfed: 0
        fedTimer: 0
        shadeOff: 0
        unfedSince: -1
        starveSince: -1
        machines: 0
        slots: 1
        area: 549
        pool: 3660
        exposed: true
        exposedAt: 0
      252:
        x: 723
        y: 447
        state: 0
        d: 0.4572673627175391
        dmax: 1
        g: 0.002
        name: 'out'
        well: true
        base: 1
        gBase: 0.0008
        timer: -1
        contestUntil: 0
        upto: 0
        awake: false
        subOn: true
        creep: 0
        unfed: 0
        fedTimer: 0
        shadeOff: 0
        unfedSince: -1
        starveSince: -1
        machines: 0
        slots: 1
        area: 552
        pool: 0
        exposed: true
        exposedAt: 0
      253:
        x: 566
        y: 450
        state: 3
        d: 0.2778708009215654
        dmax: 0.5655
        g: 0.000875
        name: 'res'
        well: true
        base: 0.49050000000000005
        gBase: 0.0005
        timer: -1
        contestUntil: 0
        upto: 0
        awake: false
        subOn: true
        creep: 0
        unfed: 0
        fedTimer: 0
        shadeOff: 0
        unfedSince: -1
        starveSince: -1
        machines: 0
        slots: 1
        area: 651
        pool: 4340
        exposed: true
        exposedAt: 0
      254:
        x: 532
        y: 450
        state: 0
        d: 0.15218365432525752
        dmax: 0.32249999999999995
        g: 0.0004
        name: 'civ'
        well: false
        base: 0.32249999999999995
        gBase: 0.0004
        timer: -1
        contestUntil: 0
        upto: 0
        awake: false
        subOn: true
        creep: 0
        unfed: 0
        fedTimer: 0
        shadeOff: 0
        unfedSince: -1
        starveSince: -1
        machines: 0
        slots: 1
        area: 718
        pool: 4786.666666666667
        exposed: true
        exposedAt: 0
      255:
        x: 215
        y: 454
        state: 0
        d: 0.2270398009423167
        dmax: 0.5040000000000001
        g: 0.0005
        name: 'res'
        well: false
        base: 0.5040000000000001
        gBase: 0.0005
        timer: -1
        contestUntil: 0
        upto: 0
        awake: false
        subOn: true
        creep: 0
        unfed: 0
        fedTimer: 0
        shadeOff: 0
        unfedSince: -1
        starveSince: -1
        machines: 0
        slots: 1
        area: 953
        pool: 6353.333333333333
        exposed: true
        exposedAt: 0
      256:
        x: 149
        y: 452
        state: 0
        d: 0.31240731105110603
        dmax: 0.6809999999999999
        g: 0.0006
        name: 'ind'
        well: false
        base: 0.6809999999999999
        gBase: 0.0006
        timer: -1
        contestUntil: 0
        upto: 0
        awake: false
        subOn: true
        creep: 0
        unfed: 0
        fedTimer: 0
        shadeOff: 0
        unfedSince: -1
        starveSince: -1
        machines: 0
        slots: 1
        area: 652
        pool: 4346.666666666667
        exposed: true
        exposedAt: 0
      257:
        x: 359
        y: 467
        state: 0
        d: 0.17129377031140025
        dmax: 0.32249999999999995
        g: 0.0004
        name: 'civ'
        well: false
        base: 0.32249999999999995
        gBase: 0.0004
        timer: -1
        contestUntil: 0
        upto: 0
        awake: false
        subOn: true
        creep: 0
        unfed: 0
        fedTimer: 0
        shadeOff: 0
        unfedSince: -1
        starveSince: -1
        machines: 0
        slots: 1
        area: 644
        pool: 4293.333333333333
        exposed: true
        exposedAt: 0
      258:
        x: 322
        y: 464
        state: 0
        d: 0.15104686285124624
        dmax: 0.32249999999999995
        g: 0.0004
        name: 'civ'
        well: false
        base: 0.32249999999999995
        gBase: 0.0004
        timer: -1
        contestUntil: 0
        upto: 0
        awake: false
        subOn: true
        creep: 0
        unfed: 0
        fedTimer: 0
        shadeOff: 0
        unfedSince: -1
        starveSince: -1
        machines: 0
        slots: 1
        area: 514
        pool: 3426.6666666666665
        exposed: true
        exposedAt: 0
      259:
        x: 287
        y: 469
        state: 0
        d: 0.2617308606824954
        dmax: 0.49050000000000005
        g: 0.0005
        name: 'res'
        well: false
        base: 0.49050000000000005
        gBase: 0.0005
        timer: -1
        contestUntil: 0
        upto: 0
        awake: false
        subOn: true
        creep: 0
        unfed: 0
        fedTimer: 0
        shadeOff: 0
        unfedSince: -1
        starveSince: -1
        machines: 0
        slots: 1
        area: 514
        pool: 3426.6666666666665
        exposed: true
        exposedAt: 0
      260:
        x: 782
        y: 467
        state: 3
        d: 0.48009597684722394
        dmax: 1
        g: 0.0008
        name: 'out'
        well: false
        base: 1
        gBase: 0.0008
        timer: -1
        contestUntil: 0
        upto: 0
        awake: false
        subOn: true
        creep: 0
        unfed: 0
        fedTimer: 0
        shadeOff: 0
        unfedSince: -1
        starveSince: -1
        machines: 0
        slots: 1
        area: 730
        pool: 0
        exposed: true
        exposedAt: 0
      261:
        x: 390
        y: 482
        state: 3
        d: 0.16131300093331374
        dmax: 0.318
        g: 0.0004
        name: 'civ'
        well: false
        base: 0.318
        gBase: 0.0004
        timer: -1
        contestUntil: 0
        upto: 0
        awake: false
        subOn: true
        creep: 0
        unfed: 0
        fedTimer: 0
        shadeOff: 0
        unfedSince: -1
        starveSince: -1
        machines: 0
        slots: 1
        area: 681
        pool: 4540
        exposed: true
        exposedAt: 0
      262:
        x: 740
        y: 468
        state: 0
        d: 0.5266254145186394
        dmax: 1
        g: 0.0014
        name: 'out'
        well: true
        base: 1
        gBase: 0.0008
        timer: -1
        contestUntil: 0
        upto: 0
        awake: false
        subOn: true
        creep: 0
        unfed: 0
        fedTimer: 0
        shadeOff: 0
        unfedSince: -1
        starveSince: -1
        machines: 0
        slots: 1
        area: 559
        pool: 0
        exposed: true
        exposedAt: 0
      263:
        x: 21
        y: 476
        state: 0
        d: 0.46268881028518083
        dmax: 1
        g: 0.0008
        name: 'out'
        well: false
        base: 1
        gBase: 0.0008
        timer: -1
        contestUntil: 0
        upto: 0
        awake: false
        subOn: true
        creep: 0
        unfed: 0
        fedTimer: 0
        shadeOff: 0
        unfedSince: -1
        starveSince: -1
        machines: 0
        slots: 1
        area: 1130
        pool: 0
        exposed: true
        exposedAt: 0
      264:
        x: 75
        y: 480
        state: 0
        d: 0.5133582760579884
        dmax: 1
        g: 0.0008
        name: 'out'
        well: false
        base: 1
        gBase: 0.0008
        timer: -1
        contestUntil: 0
        upto: 0
        awake: false
        subOn: true
        creep: 0
        unfed: 0
        fedTimer: 0
        shadeOff: 0
        unfedSince: -1
        starveSince: -1
        machines: 0
        slots: 1
        area: 1107
        pool: 0
        exposed: true
        exposedAt: 0
      265:
        x: 114
        y: 475
        state: 0
        d: 0.5449169374536723
        dmax: 1
        g: 0.0008
        name: 'out'
        well: false
        base: 1
        gBase: 0.0008
        timer: -1
        contestUntil: 0
        upto: 0
        awake: false
        subOn: true
        creep: 0
        unfed: 0
        fedTimer: 0
        shadeOff: 0
        unfedSince: -1
        starveSince: -1
        machines: 0
        slots: 1
        area: 710
        pool: 0
        exposed: true
        exposedAt: 0
      266:
        x: 653
        y: 483
        state: 0
        d: 0.4050753272529691
        dmax: 0.8879999999999999
        g: 0.00195
        name: 'ind'
        well: true
        base: 0.6629999999999999
        gBase: 0.0006
        timer: -1
        contestUntil: 0
        upto: 0
        awake: false
        subOn: true
        creep: 0
        unfed: 0
        fedTimer: 0
        shadeOff: 0
        unfedSince: -1
        starveSince: -1
        machines: 0
        slots: 1
        area: 1168
        pool: 7786.666666666667
        exposed: true
        exposedAt: 0
      267:
        x: 695
        y: 494
        state: 0
        d: 0.5491148434113711
        dmax: 1
        g: 0.002
        name: 'out'
        well: true
        base: 1
        gBase: 0.0008
        timer: -1
        contestUntil: 0
        upto: 0
        awake: false
        subOn: true
        creep: 0
        unfed: 0
        fedTimer: 0
        shadeOff: 0
        unfedSince: -1
        starveSince: -1
        machines: 0
        slots: 1
        area: 957
        pool: 0
        exposed: true
        exposedAt: 0
      268:
        x: 481
        y: 484
        state: 0
        d: 0.16444089859030211
        dmax: 0.318
        g: 0.0004
        name: 'civ'
        well: false
        base: 0.318
        gBase: 0.0004
        timer: -1
        contestUntil: 0
        upto: 0
        awake: false
        subOn: true
        creep: 0
        unfed: 0
        fedTimer: 0
        shadeOff: 0
        unfedSince: -1
        starveSince: -1
        machines: 0
        slots: 1
        area: 989
        pool: 6593.333333333333
        exposed: true
        exposedAt: 0
      269:
        x: 153
        y: 478
        state: 0
        d: 0.2587309306271375
        dmax: 0.5040000000000001
        g: 0.0005
        name: 'res'
        well: false
        base: 0.5040000000000001
        gBase: 0.0005
        timer: -1
        contestUntil: 0
        upto: 0
        awake: false
        subOn: true
        creep: 0
        unfed: 0
        fedTimer: 0
        shadeOff: 0
        unfedSince: -1
        starveSince: -1
        machines: 0
        slots: 1
        area: 613
        pool: 4086.6666666666665
        exposed: true
        exposedAt: 0
      270:
        x: 418
        y: 489
        state: 0
        d: 0.17122764779850838
        dmax: 0.318
        g: 0.0004
        name: 'civ'
        well: false
        base: 0.318
        gBase: 0.0004
        timer: -1
        contestUntil: 0
        upto: 0
        awake: false
        subOn: true
        creep: 0
        unfed: 0
        fedTimer: 0
        shadeOff: 0
        unfedSince: -1
        starveSince: -1
        machines: 0
        slots: 1
        area: 806
        pool: 5373.333333333333
        exposed: true
        exposedAt: 0
      271:
        x: 214
        y: 488
        state: 0
        d: 0.23800275840627147
        dmax: 0.49725
        g: 0.0005
        name: 'res'
        well: false
        base: 0.49725
        gBase: 0.0005
        timer: -1
        contestUntil: 0
        upto: 0
        awake: false
        subOn: true
        creep: 0
        unfed: 0
        fedTimer: 0
        shadeOff: 0
        unfedSince: -1
        starveSince: -1
        machines: 0
        slots: 1
        area: 1179
        pool: 7860
        exposed: true
        exposedAt: 0
      272:
        x: 449
        y: 482
        state: 0
        d: 0.16557297186199577
        dmax: 0.318
        g: 0.0004
        name: 'civ'
        well: false
        base: 0.318
        gBase: 0.0004
        timer: -1
        contestUntil: 0
        upto: 0
        awake: false
        subOn: true
        creep: 0
        unfed: 0
        fedTimer: 0
        shadeOff: 0
        unfedSince: -1
        starveSince: -1
        machines: 0
        slots: 1
        area: 536
        pool: 3573.3333333333335
        exposed: true
        exposedAt: 0
      273:
        x: 563
        y: 484
        state: 0
        d: 0.38901379021599425
        dmax: 0.729
        g: 0.00105
        name: 'ind'
        well: true
        base: 0.654
        gBase: 0.0006
        timer: -1
        contestUntil: 0
        upto: 0
        awake: false
        subOn: true
        creep: 0
        unfed: 0
        fedTimer: 0
        shadeOff: 0
        unfedSince: -1
        starveSince: -1
        machines: 0
        slots: 1
        area: 384
        pool: 2560
        exposed: true
        exposedAt: 0
      274:
        x: 615
        y: 487
        state: 0
        d: 0.4348870615948224
        dmax: 0.813
        g: 0.0014999999999999998
        name: 'ind'
        well: true
        base: 0.6629999999999999
        gBase: 0.0006
        timer: -1
        contestUntil: 0
        upto: 0
        awake: false
        subOn: true
        creep: 0
        unfed: 0
        fedTimer: 0
        shadeOff: 0
        unfedSince: -1
        starveSince: -1
        machines: 0
        slots: 1
        area: 434
        pool: 2893.3333333333335
        exposed: true
        exposedAt: 0
      275:
        x: 523
        y: 488
        state: 0
        d: 0.15939296761370494
        dmax: 0.32249999999999995
        g: 0.0004
        name: 'civ'
        well: false
        base: 0.32249999999999995
        gBase: 0.0004
        timer: -1
        contestUntil: 0
        upto: 0
        awake: false
        subOn: true
        creep: 0
        unfed: 0
        fedTimer: 0
        shadeOff: 0
        unfedSince: -1
        starveSince: -1
        machines: 0
        slots: 1
        area: 570
        pool: 3800
        exposed: true
        exposedAt: 0
      276:
        x: 586
        y: 488
        state: 3
        d: 0.39938925931924013
        dmax: 0.7379999999999999
        g: 0.00105
        name: 'ind'
        well: true
        base: 0.6629999999999999
        gBase: 0.0006
        timer: -1
        contestUntil: 0
        upto: 0
        awake: false
        subOn: true
        creep: 0
        unfed: 0
        fedTimer: 0
        shadeOff: 0
        unfedSince: -1
        starveSince: -1
        machines: 0
        slots: 1
        area: 315
        pool: 2100
        exposed: true
        exposedAt: 0
      277:
        x: 249
        y: 498
        state: 0
        d: 0.2683900924430578
        dmax: 0.49050000000000005
        g: 0.0005
        name: 'res'
        well: false
        base: 0.49050000000000005
        gBase: 0.0005
        timer: -1
        contestUntil: 0
        upto: 0
        awake: false
        subOn: true
        creep: 0
        unfed: 0
        fedTimer: 0
        shadeOff: 0
        unfedSince: -1
        starveSince: -1
        machines: 0
        slots: 1
        area: 864
        pool: 5760
        exposed: true
        exposedAt: 0
      278:
        x: 734
        y: 498
        state: 0
        d: 0.48884529594797643
        dmax: 1
        g: 0.0014
        name: 'out'
        well: true
        base: 1
        gBase: 0.0008
        timer: -1
        contestUntil: 0
        upto: 0
        awake: false
        subOn: true
        creep: 0
        unfed: 0
        fedTimer: 0
        shadeOff: 0
        unfedSince: -1
        starveSince: -1
        machines: 0
        slots: 1
        area: 896
        pool: 0
        exposed: true
        exposedAt: 0
      279:
        x: 366
        y: 495
        state: 0
        d: 0.17025900600361638
        dmax: 0.318
        g: 0.0004
        name: 'civ'
        well: false
        base: 0.318
        gBase: 0.0004
        timer: -1
        contestUntil: 0
        upto: 0
        awake: false
        subOn: true
        creep: 0
        unfed: 0
        fedTimer: 0
        shadeOff: 0
        unfedSince: -1
        starveSince: -1
        machines: 0
        slots: 1
        area: 376
        pool: 2506.6666666666665
        exposed: true
        exposedAt: 0
      280:
        x: 282
        y: 500
        state: 0
        d: 0.26414514619499097
        dmax: 0.48375
        g: 0.0005
        name: 'res'
        well: false
        base: 0.48375
        gBase: 0.0005
        timer: -1
        contestUntil: 0
        upto: 0
        awake: false
        subOn: true
        creep: 0
        unfed: 0
        fedTimer: 0
        shadeOff: 0
        unfedSince: -1
        starveSince: -1
        machines: 0
        slots: 1
        area: 627
        pool: 4180
        exposed: true
        exposedAt: 0
      281:
        x: 768
        y: 504
        state: 0
        d: 0.45116920983418823
        dmax: 1
        g: 0.0008
        name: 'out'
        well: false
        base: 1
        gBase: 0.0008
        timer: -1
        contestUntil: 0
        upto: 0
        awake: false
        subOn: true
        creep: 0
        unfed: 0
        fedTimer: 0
        shadeOff: 0
        unfedSince: -1
        starveSince: -1
        machines: 0
        slots: 1
        area: 1056
        pool: 0
        exposed: true
        exposedAt: 0
      282:
        x: 331
        y: 498
        state: 0
        d: 0.22359607997671704
        dmax: 0.47700000000000004
        g: 0.0005
        name: 'res'
        well: false
        base: 0.47700000000000004
        gBase: 0.0005
        timer: -1
        contestUntil: 0
        upto: 0
        awake: false
        subOn: true
        creep: 0
        unfed: 0
        fedTimer: 0
        shadeOff: 0
        unfedSince: -1
        starveSince: -1
        machines: 0
        slots: 1
        area: 436
        pool: 2906.6666666666665
        exposed: true
        exposedAt: 0
      283:
        x: 113
        y: 508
        state: 3
        d: 0.5374297910369933
        dmax: 1
        g: 0.0008
        name: 'out'
        well: false
        base: 1
        gBase: 0.0008
        timer: -1
        contestUntil: 0
        upto: 0
        awake: false
        subOn: true
        creep: 0
        unfed: 0
        fedTimer: 0
        shadeOff: 0
        unfedSince: -1
        starveSince: -1
        machines: 0
        slots: 1
        area: 1169
        pool: 0
        exposed: true
        exposedAt: 0
      284:
        x: 179
        y: 506
        state: 0
        d: 0.26455658006351446
        dmax: 0.5040000000000001
        g: 0.0005
        name: 'res'
        well: false
        base: 0.5040000000000001
        gBase: 0.0005
        timer: -1
        contestUntil: 0
        upto: 0
        awake: false
        subOn: true
        creep: 0
        unfed: 0
        fedTimer: 0
        shadeOff: 0
        unfedSince: -1
        starveSince: -1
        machines: 0
        slots: 1
        area: 1046
        pool: 6973.333333333333
        exposed: true
        exposedAt: 0
      285:
        x: 24
        y: 512
        state: 0
        d: 0.49604611843824387
        dmax: 1
        g: 0.0008
        name: 'out'
        well: false
        base: 1
        gBase: 0.0008
        timer: -1
        contestUntil: 0
        upto: 0
        awake: false
        subOn: true
        creep: 0
        unfed: 0
        fedTimer: 0
        shadeOff: 0
        unfedSince: -1
        starveSince: -1
        machines: 0
        slots: 2
        area: 1255
        pool: 0
        exposed: true
        exposedAt: 0
      286:
        x: 63
        y: 516
        state: 3
        d: 0.4554394340608269
        dmax: 1
        g: 0.0008
        name: 'out'
        well: false
        base: 1
        gBase: 0.0008
        timer: -1
        contestUntil: 0
        upto: 0
        awake: false
        subOn: true
        creep: 0
        unfed: 0
        fedTimer: 0
        shadeOff: 0
        unfedSince: -1
        starveSince: -1
        machines: 0
        slots: 1
        area: 638
        pool: 0
        exposed: true
        exposedAt: 0
      287:
        x: 540
        y: 518
        state: 0
        d: 0.329024086952093
        dmax: 0.6449999999999999
        g: 0.0006
        name: 'ind'
        well: false
        base: 0.6449999999999999
        gBase: 0.0006
        timer: -1
        contestUntil: 0
        upto: 0
        awake: false
        subOn: true
        creep: 0
        unfed: 0
        fedTimer: 0
        shadeOff: 0
        unfedSince: -1
        starveSince: -1
        machines: 0
        slots: 1
        area: 527
        pool: 3513.3333333333335
        exposed: true
        exposedAt: 0
      288:
        x: 516
        y: 516
        state: 0
        d: 0.21828800098390785
        dmax: 0.47700000000000004
        g: 0.0005
        name: 'res'
        well: false
        base: 0.47700000000000004
        gBase: 0.0005
        timer: -1
        contestUntil: 0
        upto: 0
        awake: false
        subOn: true
        creep: 0
        unfed: 0
        fedTimer: 0
        shadeOff: 0
        unfedSince: -1
        starveSince: -1
        machines: 0
        slots: 1
        area: 341
        pool: 2273.3333333333335
        exposed: true
        exposedAt: 0
      289:
        x: 571
        y: 516
        state: 0
        d: 0.3383373476427281
        dmax: 0.729
        g: 0.00105
        name: 'ind'
        well: true
        base: 0.654
        gBase: 0.0006
        timer: -1
        contestUntil: 0
        upto: 0
        awake: false
        subOn: true
        creep: 0
        unfed: 0
        fedTimer: 0
        shadeOff: 0
        unfedSince: -1
        starveSince: -1
        machines: 0
        slots: 1
        area: 603
        pool: 4020
        exposed: true
        exposedAt: 0
      290:
        x: 483
        y: 522
        state: 0
        d: 0.17180634330158354
        dmax: 0.31349999999999995
        g: 0.0004
        name: 'civ'
        well: false
        base: 0.31349999999999995
        gBase: 0.0004
        timer: -1
        contestUntil: 0
        upto: 0
        awake: false
        subOn: true
        creep: 0
        unfed: 0
        fedTimer: 0
        shadeOff: 0
        unfedSince: -1
        starveSince: -1
        machines: 0
        slots: 1
        area: 576
        pool: 3840
        exposed: true
        exposedAt: 0
      291:
        x: 626
        y: 533
        state: 0
        d: 0.3642108480552212
        dmax: 0.804
        g: 0.0014999999999999998
        name: 'ind'
        well: true
        base: 0.654
        gBase: 0.0006
        timer: -1
        contestUntil: 0
        upto: 0
        awake: false
        subOn: true
        creep: 0
        unfed: 0
        fedTimer: 0
        shadeOff: 0
        unfedSince: -1
        starveSince: -1
        machines: 0
        slots: 2
        area: 1476
        pool: 9840
        exposed: true
        exposedAt: 0
      292:
        x: 436
        y: 523
        state: 0
        d: 0.22081029569354724
        dmax: 0.47025
        g: 0.0005
        name: 'res'
        well: false
        base: 0.47025
        gBase: 0.0005
        timer: -1
        contestUntil: 0
        upto: 0
        awake: false
        subOn: true
        creep: 0
        unfed: 0
        fedTimer: 0
        shadeOff: 0
        unfedSince: -1
        starveSince: -1
        machines: 0
        slots: 1
        area: 702
        pool: 4680
        exposed: true
        exposedAt: 0
      293:
        x: 405
        y: 531
        state: 3
        d: 0.15777955345247172
        dmax: 0.31349999999999995
        g: 0.0004
        name: 'civ'
        well: false
        base: 0.31349999999999995
        gBase: 0.0004
        timer: -1
        contestUntil: 0
        upto: 0
        awake: false
        subOn: true
        creep: 0
        unfed: 0
        fedTimer: 0
        shadeOff: 0
        unfedSince: -1
        starveSince: -1
        machines: 0
        slots: 1
        area: 1190
        pool: 7933.333333333333
        exposed: true
        exposedAt: 0
      294:
        x: 672
        y: 536
        state: 0
        d: 0.4230398129898822
        dmax: 0.813
        g: 0.0014999999999999998
        name: 'ind'
        well: true
        base: 0.6629999999999999
        gBase: 0.0006
        timer: -1
        contestUntil: 0
        upto: 0
        awake: false
        subOn: true
        creep: 0
        unfed: 0
        fedTimer: 0
        shadeOff: 0
        unfedSince: -1
        starveSince: -1
        machines: 0
        slots: 2
        area: 1487
        pool: 9913.333333333334
        exposed: true
        exposedAt: 0
      295:
        x: 362
        y: 548
        state: 0
        d: 0.16836874559023413
        dmax: 0.31349999999999995
        g: 0.0004
        name: 'civ'
        well: false
        base: 0.31349999999999995
        gBase: 0.0004
        timer: -1
        contestUntil: 0
        upto: 0
        awake: false
        subOn: true
        creep: 0
        unfed: 0
        fedTimer: 0
        shadeOff: 0
        unfedSince: -1
        starveSince: -1
        machines: 0
        slots: 1
        area: 827
        pool: 5513.333333333333
        exposed: true
        exposedAt: 0
      296:
        x: 326
        y: 533
        state: 0
        d: 0.17277928282544017
        dmax: 0.318
        g: 0.0004
        name: 'civ'
        well: false
        base: 0.318
        gBase: 0.0004
        timer: -1
        contestUntil: 0
        upto: 0
        awake: false
        subOn: true
        creep: 0
        unfed: 0
        fedTimer: 0
        shadeOff: 0
        unfedSince: -1
        starveSince: -1
        machines: 0
        slots: 1
        area: 994
        pool: 6626.666666666667
        exposed: true
        exposedAt: 0
      297:
        x: 710
        y: 533
        state: 0
        d: 0.5327203099383041
        dmax: 1
        g: 0.0014
        name: 'out'
        well: true
        base: 1
        gBase: 0.0008
        timer: -1
        contestUntil: 0
        upto: 0
        awake: false
        subOn: true
        creep: 0
        unfed: 0
        fedTimer: 0
        shadeOff: 0
        unfedSince: -1
        starveSince: -1
        machines: 0
        slots: 1
        area: 513
        pool: 0
        exposed: true
        exposedAt: 0
      298:
        x: 290
        y: 549
        state: 0
        d: 0.1659757987297489
        dmax: 0.32249999999999995
        g: 0.0004
        name: 'civ'
        well: false
        base: 0.32249999999999995
        gBase: 0.0004
        timer: -1
        contestUntil: 0
        upto: 0
        awake: false
        subOn: true
        creep: 0
        unfed: 0
        fedTimer: 0
        shadeOff: 0
        unfedSince: -1
        starveSince: -1
        machines: 0
        slots: 1
        area: 615
        pool: 4100
        exposed: true
        exposedAt: 0
      299:
        x: 261
        y: 536
        state: 0
        d: 0.26531905153950214
        dmax: 0.49050000000000005
        g: 0.0005
        name: 'res'
        well: false
        base: 0.49050000000000005
        gBase: 0.0005
        timer: -1
        contestUntil: 0
        upto: 0
        awake: false
        subOn: true
        creep: 0
        unfed: 0
        fedTimer: 0
        shadeOff: 0
        unfedSince: -1
        starveSince: -1
        machines: 0
        slots: 1
        area: 542
        pool: 3613.3333333333335
        exposed: true
        exposedAt: 0
      300:
        x: 740
        y: 537
        state: 0
        d: 0.5080548180965707
        dmax: 1
        g: 0.0008
        name: 'out'
        well: false
        base: 1
        gBase: 0.0008
        timer: -1
        contestUntil: 0
        upto: 0
        awake: false
        subOn: true
        creep: 0
        unfed: 0
        fedTimer: 0
        shadeOff: 0
        unfedSince: -1
        starveSince: -1
        machines: 0
        slots: 1
        area: 489
        pool: 0
        exposed: true
        exposedAt: 0
      301:
        x: 232
        y: 541
        state: 0
        d: 0.2467950265984051
        dmax: 0.49725
        g: 0.0005
        name: 'res'
        well: false
        base: 0.49725
        gBase: 0.0005
        timer: -1
        contestUntil: 0
        upto: 0
        awake: false
        subOn: true
        creep: 0
        unfed: 0
        fedTimer: 0
        shadeOff: 0
        unfedSince: -1
        starveSince: -1
        machines: 0
        slots: 1
        area: 702
        pool: 4680
        exposed: true
        exposedAt: 0
      302:
        x: 205
        y: 550
        state: 0
        d: 0.2624883300600574
        dmax: 0.5040000000000001
        g: 0.0005
        name: 'res'
        well: false
        base: 0.5040000000000001
        gBase: 0.0005
        timer: -1
        contestUntil: 0
        upto: 0
        awake: false
        subOn: true
        creep: 0
        unfed: 0
        fedTimer: 0
        shadeOff: 0
        unfedSince: -1
        starveSince: -1
        machines: 0
        slots: 1
        area: 517
        pool: 3446.6666666666665
        exposed: true
        exposedAt: 0
      303:
        x: 175
        y: 544
        state: 3
        d: 0.24026048088222746
        dmax: 0.5040000000000001
        g: 0.0005
        name: 'res'
        well: false
        base: 0.5040000000000001
        gBase: 0.0005
        timer: -1
        contestUntil: 0
        upto: 0
        awake: false
        subOn: true
        creep: 0
        unfed: 0
        fedTimer: 0
        shadeOff: 0
        unfedSince: -1
        starveSince: -1
        machines: 0
        slots: 1
        area: 873
        pool: 5820
        exposed: true
        exposedAt: 0
      304:
        x: 577
        y: 546
        state: 0
        d: 0.35414959818497294
        dmax: 0.7199999999999999
        g: 0.00105
        name: 'ind'
        well: true
        base: 0.6449999999999999
        gBase: 0.0006
        timer: -1
        contestUntil: 0
        upto: 0
        awake: false
        subOn: true
        creep: 0
        unfed: 0
        fedTimer: 0
        shadeOff: 0
        unfedSince: -1
        starveSince: -1
        machines: 0
        slots: 1
        area: 1089
        pool: 7260
        exposed: true
        exposedAt: 0
      305:
        x: 778
        y: 546
        state: 0
        d: 0.45657926839776336
        dmax: 1
        g: 0.0008
        name: 'out'
        well: false
        base: 1
        gBase: 0.0008
        timer: -1
        contestUntil: 0
        upto: 0
        awake: false
        subOn: true
        creep: 0
        unfed: 0
        fedTimer: 0
        shadeOff: 0
        unfedSince: -1
        starveSince: -1
        machines: 0
        slots: 1
        area: 908
        pool: 0
        exposed: true
        exposedAt: 0
      306:
        x: 547
        y: 548
        state: 0
        d: 0.14870851859953255
        dmax: 0.318
        g: 0.0004
        name: 'civ'
        well: false
        base: 0.318
        gBase: 0.0004
        timer: -1
        contestUntil: 0
        upto: 0
        awake: false
        subOn: true
        creep: 0
        unfed: 0
        fedTimer: 0
        shadeOff: 0
        unfedSince: -1
        starveSince: -1
        machines: 0
        slots: 1
        area: 572
        pool: 3813.3333333333335
        exposed: true
        exposedAt: 0
      307:
        x: 139
        y: 543
        state: 0
        d: 0.3224133668730268
        dmax: 0.6809999999999999
        g: 0.0006
        name: 'ind'
        well: false
        base: 0.6809999999999999
        gBase: 0.0006
        timer: -1
        contestUntil: 0
        upto: 0
        awake: false
        subOn: true
        creep: 0
        unfed: 0
        fedTimer: 0
        shadeOff: 0
        unfedSince: -1
        starveSince: -1
        machines: 0
        slots: 1
        area: 599
        pool: 3993.3333333333335
        exposed: true
        exposedAt: 0
      308:
        x: 108
        y: 542
        state: 0
        d: 0.4910217915661633
        dmax: 1
        g: 0.0008
        name: 'out'
        well: false
        base: 1
        gBase: 0.0008
        timer: -1
        contestUntil: 0
        upto: 0
        awake: false
        subOn: true
        creep: 0
        unfed: 0
        fedTimer: 0
        shadeOff: 0
        unfedSince: -1
        starveSince: -1
        machines: 0
        slots: 1
        area: 346
        pool: 0
        exposed: true
        exposedAt: 0
      309:
        x: 514
        y: 549
        state: 3
        d: 0.15579059029645287
        dmax: 0.318
        g: 0.0004
        name: 'civ'
        well: false
        base: 0.318
        gBase: 0.0004
        timer: -1
        contestUntil: 0
        upto: 0
        awake: false
        subOn: true
        creep: 0
        unfed: 0
        fedTimer: 0
        shadeOff: 0
        unfedSince: -1
        starveSince: -1
        machines: 0
        slots: 1
        area: 738
        pool: 4920
        exposed: true
        exposedAt: 0
      310:
        x: 77
        y: 556
        state: 3
        d: 0.5149598256452009
        dmax: 1
        g: 0.0008
        name: 'out'
        well: false
        base: 1
        gBase: 0.0008
        timer: -1
        contestUntil: 0
        upto: 0
        awake: false
        subOn: true
        creep: 0
        unfed: 0
        fedTimer: 0
        shadeOff: 0
        unfedSince: -1
        starveSince: -1
        machines: 0
        slots: 2
        area: 1531
        pool: 0
        exposed: true
        exposedAt: 0
      311:
        x: 445
        y: 554
        state: 3
        d: 0.1521047967445571
        dmax: 0.309
        g: 0.0004
        name: 'civ'
        well: false
        base: 0.309
        gBase: 0.0004
        timer: -1
        contestUntil: 0
        upto: 0
        awake: false
        subOn: true
        creep: 0
        unfed: 0
        fedTimer: 0
        shadeOff: 0
        unfedSince: -1
        starveSince: -1
        machines: 0
        slots: 1
        area: 1033
        pool: 6886.666666666667
        exposed: true
        exposedAt: 0
      312:
        x: 28
        y: 560
        state: 0
        d: 0.4532954948954284
        dmax: 1
        g: 0.0014
        name: 'out'
        well: true
        base: 1
        gBase: 0.0008
        timer: -1
        contestUntil: 0
        upto: 0
        awake: false
        subOn: true
        creep: 0
        unfed: 0
        fedTimer: 0
        shadeOff: 0
        unfedSince: -1
        starveSince: -1
        machines: 0
        slots: 2
        area: 1765
        pool: 0
        exposed: true
        exposedAt: 0
      313:
        x: 479
        y: 556
        state: 0
        d: 0.2530008108196955
        dmax: 0.47025
        g: 0.0005
        name: 'res'
        well: false
        base: 0.47025
        gBase: 0.0005
        timer: -1
        contestUntil: 0
        upto: 0
        awake: false
        subOn: true
        creep: 0
        unfed: 0
        fedTimer: 0
        shadeOff: 0
        unfedSince: -1
        starveSince: -1
        machines: 0
        slots: 1
        area: 507
        pool: 3380
        exposed: true
        exposedAt: 0
      314:
        x: 387
        y: 558
        state: 0
        d: 0.25274572395914
        dmax: 0.4635
        g: 0.0005
        name: 'res'
        well: false
        base: 0.4635
        gBase: 0.0005
        timer: -1
        contestUntil: 0
        upto: 0
        awake: false
        subOn: true
        creep: 0
        unfed: 0
        fedTimer: 0
        shadeOff: 0
        unfedSince: -1
        starveSince: -1
        machines: 0
        slots: 1
        area: 766
        pool: 5106.666666666667
        exposed: true
        exposedAt: 0
      315:
        x: 717
        y: 565
        state: 0
        d: 0.47224992809351535
        dmax: 1
        g: 0.0014
        name: 'out'
        well: true
        base: 1
        gBase: 0.0008
        timer: -1
        contestUntil: 0
        upto: 0
        awake: false
        subOn: true
        creep: 0
        unfed: 0
        fedTimer: 0
        shadeOff: 0
        unfedSince: -1
        starveSince: -1
        machines: 0
        slots: 1
        area: 1095
        pool: 0
        exposed: true
        exposedAt: 0
      316:
        x: 745
        y: 562
        state: 0
        d: 0.5010675872443244
        dmax: 1
        g: 0.0008
        name: 'out'
        well: false
        base: 1
        gBase: 0.0008
        timer: -1
        contestUntil: 0
        upto: 0
        awake: false
        subOn: true
        creep: 0
        unfed: 0
        fedTimer: 0
        shadeOff: 0
        unfedSince: -1
        starveSince: -1
        machines: 0
        slots: 1
        area: 554
        pool: 0
        exposed: true
        exposedAt: 0
      317:
        x: 130
        y: 571
        state: 0
        d: 0.5263464988209308
        dmax: 1
        g: 0.0008
        name: 'out'
        well: false
        base: 1
        gBase: 0.0008
        timer: -1
        contestUntil: 0
        upto: 0
        awake: false
        subOn: true
        creep: 0
        unfed: 0
        fedTimer: 0
        shadeOff: 0
        unfedSince: -1
        starveSince: -1
        machines: 0
        slots: 1
        area: 912
        pool: 0
        exposed: true
        exposedAt: 0
      318:
        x: 626
        y: 579
        state: 0
        d: 0.36905892525741363
        dmax: 0.7949999999999999
        g: 0.0014999999999999998
        name: 'ind'
        well: true
        base: 0.6449999999999999
        gBase: 0.0006
        timer: -1
        contestUntil: 0
        upto: 0
        awake: false
        subOn: true
        creep: 0
        unfed: 0
        fedTimer: 0
        shadeOff: 0
        unfedSince: -1
        starveSince: -1
        machines: 0
        slots: 3
        area: 1865
        pool: 12433.333333333334
        exposed: true
        exposedAt: 0
      319:
        x: 680
        y: 580
        state: 0
        d: 0.5397174765123054
        dmax: 1
        g: 0.0014
        name: 'out'
        well: true
        base: 1
        gBase: 0.0008
        timer: -1
        contestUntil: 0
        upto: 0
        awake: false
        subOn: true
        creep: 0
        unfed: 0
        fedTimer: 0
        shadeOff: 0
        unfedSince: -1
        starveSince: -1
        machines: 0
        slots: 2
        area: 1735
        pool: 0
        exposed: true
        exposedAt: 0
      320:
        x: 330
        y: 576
        state: 0
        d: 0.2169562350388791
        dmax: 0.47025
        g: 0.0005
        name: 'res'
        well: false
        base: 0.47025
        gBase: 0.0005
        timer: -1
        contestUntil: 0
        upto: 0
        awake: false
        subOn: true
        creep: 0
        unfed: 0
        fedTimer: 0
        shadeOff: 0
        unfedSince: -1
        starveSince: -1
        machines: 0
        slots: 1
        area: 623
        pool: 4153.333333333333
        exposed: true
        exposedAt: 0
      321:
        x: 361
        y: 575
        state: 0
        d: 0.14338146967662033
        dmax: 0.309
        g: 0.0004
        name: 'civ'
        well: false
        base: 0.309
        gBase: 0.0004
        timer: -1
        contestUntil: 0
        upto: 0
        awake: false
        subOn: true
        creep: 0
        unfed: 0
        fedTimer: 0
        shadeOff: 0
        unfedSince: -1
        starveSince: -1
        machines: 0
        slots: 1
        area: 499
        pool: 3326.6666666666665
        exposed: true
        exposedAt: 0
      322:
        x: 288
        y: 579
        state: 0
        d: 0.1631905890493188
        dmax: 0.318
        g: 0.0004
        name: 'civ'
        well: false
        base: 0.318
        gBase: 0.0004
        timer: -1
        contestUntil: 0
        upto: 0
        awake: false
        subOn: true
        creep: 0
        unfed: 0
        fedTimer: 0
        shadeOff: 0
        unfedSince: -1
        starveSince: -1
        machines: 0
        slots: 1
        area: 481
        pool: 3206.6666666666665
        exposed: true
        exposedAt: 0
      323:
        x: 585
        y: 581
        state: 0
        d: 0.29857506050771915
        dmax: 0.55875
        g: 0.000875
        name: 'res'
        well: true
        base: 0.48375
        gBase: 0.0005
        timer: -1
        contestUntil: 0
        upto: 0
        awake: false
        subOn: true
        creep: 0
        unfed: 0
        fedTimer: 0
        shadeOff: 0
        unfedSince: -1
        starveSince: -1
        machines: 0
        slots: 1
        area: 970
        pool: 6466.666666666667
        exposed: true
        exposedAt: 0
      324:
        x: 230
        y: 575
        state: 0
        d: 0.2461859837379889
        dmax: 0.49050000000000005
        g: 0.0005
        name: 'res'
        well: false
        base: 0.49050000000000005
        gBase: 0.0005
        timer: -1
        contestUntil: 0
        upto: 0
        awake: false
        subOn: true
        creep: 0
        unfed: 0
        fedTimer: 0
        shadeOff: 0
        unfedSince: -1
        starveSince: -1
        machines: 0
        slots: 1
        area: 302
        pool: 2013.3333333333333
        exposed: true
        exposedAt: 0
      325:
        x: 201
        y: 579
        state: 0
        d: 0.23736350044663415
        dmax: 0.49725
        g: 0.0005
        name: 'res'
        well: false
        base: 0.49725
        gBase: 0.0005
        timer: -1
        contestUntil: 0
        upto: 0
        awake: false
        subOn: true
        creep: 0
        unfed: 0
        fedTimer: 0
        shadeOff: 0
        unfedSince: -1
        starveSince: -1
        machines: 0
        slots: 1
        area: 424
        pool: 2826.6666666666665
        exposed: true
        exposedAt: 0
      326:
        x: 558
        y: 580
        state: 3
        d: 0.16112829693071543
        dmax: 0.318
        g: 0.0004
        name: 'civ'
        well: false
        base: 0.318
        gBase: 0.0004
        timer: -1
        contestUntil: 0
        upto: 0
        awake: false
        subOn: true
        creep: 0
        unfed: 0
        fedTimer: 0
        shadeOff: 0
        unfedSince: -1
        starveSince: -1
        machines: 0
        slots: 1
        area: 572
        pool: 3813.3333333333335
        exposed: true
        exposedAt: 0
      327:
        x: 260
        y: 582
        state: 0
        d: 0.14645941343251614
        dmax: 0.32249999999999995
        g: 0.0004
        name: 'civ'
        well: false
        base: 0.32249999999999995
        gBase: 0.0004
        timer: -1
        contestUntil: 0
        upto: 0
        awake: false
        subOn: true
        creep: 0
        unfed: 0
        fedTimer: 0
        shadeOff: 0
        unfedSince: -1
        starveSince: -1
        machines: 0
        slots: 1
        area: 348
        pool: 2320
        exposed: true
        exposedAt: 0
      328:
        x: 781
        y: 582
        state: 0
        d: 0.5473436094587669
        dmax: 1
        g: 0.0008
        name: 'out'
        well: false
        base: 1
        gBase: 0.0008
        timer: -1
        contestUntil: 0
        upto: 0
        awake: false
        subOn: true
        creep: 0
        unfed: 0
        fedTimer: 0
        shadeOff: 0
        unfedSince: -1
        starveSince: -1
        machines: 0
        slots: 1
        area: 691
        pool: 0
        exposed: true
        exposedAt: 0
      329:
        x: 172
        y: 582
        state: 0
        d: 0.22662306728929982
        dmax: 0.49725
        g: 0.0005
        name: 'res'
        well: false
        base: 0.49725
        gBase: 0.0005
        timer: -1
        contestUntil: 0
        upto: 0
        awake: false
        subOn: true
        creep: 0
        unfed: 0
        fedTimer: 0
        shadeOff: 0
        unfedSince: -1
        starveSince: -1
        machines: 0
        slots: 1
        area: 365
        pool: 2433.3333333333335
        exposed: true
        exposedAt: 0
      330:
        x: 521
        y: 588
        state: 0
        d: 0.14705761917773633
        dmax: 0.31349999999999995
        g: 0.0004
        name: 'civ'
        well: false
        base: 0.31349999999999995
        gBase: 0.0004
        timer: -1
        contestUntil: 0
        upto: 0
        awake: false
        subOn: true
        creep: 0
        unfed: 0
        fedTimer: 0
        shadeOff: 0
        unfedSince: -1
        starveSince: -1
        machines: 0
        slots: 1
        area: 1143
        pool: 7620
        exposed: true
        exposedAt: 0
      331:
        x: 473
        y: 595
        state: 0
        d: 0.14183688698303887
        dmax: 0.309
        g: 0.0004
        name: 'civ'
        well: false
        base: 0.309
        gBase: 0.0004
        timer: -1
        contestUntil: 0
        upto: 0
        awake: false
        subOn: true
        creep: 0
        unfed: 0
        fedTimer: 0
        shadeOff: 0
        unfedSince: -1
        starveSince: -1
        machines: 0
        slots: 1
        area: 1079
        pool: 7193.333333333333
        exposed: true
        exposedAt: 0
      332:
        x: 390
        y: 596
        state: 0
        d: 0.16298401431745146
        dmax: 0.30449999999999994
        g: 0.0004
        name: 'civ'
        well: false
        base: 0.30449999999999994
        gBase: 0.0004
        timer: -1
        contestUntil: 0
        upto: 0
        awake: true
        subOn: true
        creep: 0
        unfed: 0
        fedTimer: 0
        shadeOff: 0
        unfedSince: -1
        starveSince: -1
        machines: 0
        slots: 1
        area: 711
        pool: 4740
        exposed: true
        exposedAt: 0
      333:
        x: 85
        y: 601
        state: 0
        d: 0.4709577435394749
        dmax: 1
        g: 0.0014
        name: 'out'
        well: true
        base: 1
        gBase: 0.0008
        timer: -1
        contestUntil: 0
        upto: 0
        awake: false
        subOn: true
        creep: 0
        unfed: 0
        fedTimer: 0
        shadeOff: 0
        unfedSince: -1
        starveSince: -1
        machines: 0
        slots: 1
        area: 1183
        pool: 0
        exposed: true
        exposedAt: 0
      334:
        x: 424
        y: 597
        state: 0
        d: 0.14069003136735406
        dmax: 0.30449999999999994
        g: 0.0004
        name: 'civ'
        well: false
        base: 0.30449999999999994
        gBase: 0.0004
        timer: -1
        contestUntil: 0
        upto: 0
        awake: true
        subOn: true
        creep: 0
        unfed: 0
        fedTimer: 0
        shadeOff: 0
        unfedSince: -1
        starveSince: -1
        machines: 0
        slots: 1
        area: 640
        pool: 4266.666666666667
        exposed: true
        exposedAt: 0
      335:
        x: 24
        y: 600
        state: 0
        d: 0.5107503097271546
        dmax: 1
        g: 0.002
        name: 'out'
        well: true
        base: 1
        gBase: 0.0008
        timer: -1
        contestUntil: 0
        upto: 0
        awake: false
        subOn: true
        creep: 0
        unfed: 0
        fedTimer: 0
        shadeOff: 0
        unfedSince: -1
        starveSince: -1
        machines: 0
        slots: 1
        area: 1054
        pool: 0
        exposed: true
        exposedAt: 0
      336:
        x: 318
        y: 600
        state: 0
        d: 0.14178643414961403
        dmax: 0.31349999999999995
        g: 0.0004
        name: 'civ'
        well: false
        base: 0.31349999999999995
        gBase: 0.0004
        timer: -1
        contestUntil: 0
        upto: 0
        awake: false
        subOn: true
        creep: 0
        unfed: 0
        fedTimer: 0
        shadeOff: 0
        unfedSince: -1
        starveSince: -1
        machines: 0
        slots: 1
        area: 482
        pool: 3213.3333333333335
        exposed: true
        exposedAt: 0
      337:
        x: 126
        y: 604
        state: 0
        d: 0.45804730502422897
        dmax: 1
        g: 0.0008
        name: 'out'
        well: false
        base: 1
        gBase: 0.0008
        timer: -1
        contestUntil: 0
        upto: 0
        awake: false
        subOn: true
        creep: 0
        unfed: 0
        fedTimer: 0
        shadeOff: 0
        unfedSince: -1
        starveSince: -1
        machines: 0
        slots: 1
        area: 714
        pool: 0
        exposed: true
        exposedAt: 0
      338:
        x: 200
        y: 606
        state: 0
        d: 0.24332551188514337
        dmax: 0.49050000000000005
        g: 0.0005
        name: 'res'
        well: false
        base: 0.49050000000000005
        gBase: 0.0005
        timer: -1
        contestUntil: 0
        upto: 0
        awake: false
        subOn: true
        creep: 0
        unfed: 0
        fedTimer: 0
        shadeOff: 0
        unfedSince: -1
        starveSince: -1
        machines: 0
        slots: 1
        area: 711
        pool: 4740
        exposed: true
        exposedAt: 0
      339:
        x: 163
        y: 607
        state: 0
        d: 0.26210878859455117
        dmax: 0.49725
        g: 0.0005
        name: 'res'
        well: false
        base: 0.49725
        gBase: 0.0005
        timer: -1
        contestUntil: 0
        upto: 0
        awake: false
        subOn: true
        creep: 0
        unfed: 0
        fedTimer: 0
        shadeOff: 0
        unfedSince: -1
        starveSince: -1
        machines: 0
        slots: 1
        area: 591
        pool: 3940
        exposed: true
        exposedAt: 0
      340:
        x: 359
        y: 612
        state: 0
        d: 0.1636680906513473
        dmax: 0.309
        g: 0.0004
        name: 'civ'
        well: false
        base: 0.309
        gBase: 0.0004
        timer: -1
        contestUntil: 0
        upto: 0
        awake: false
        subOn: true
        creep: 0
        unfed: 0
        fedTimer: 0
        shadeOff: 0
        unfedSince: -1
        starveSince: -1
        machines: 0
        slots: 1
        area: 753
        pool: 5020
        exposed: true
        exposedAt: 0
      341:
        x: 776
        y: 610
        state: 0
        d: 0.48762136944569645
        dmax: 1
        g: 0.0008
        name: 'out'
        well: false
        base: 1
        gBase: 0.0008
        timer: -1
        contestUntil: 0
        upto: 0
        awake: false
        subOn: true
        creep: 0
        unfed: 0
        fedTimer: 0
        shadeOff: 0
        unfedSince: -1
        starveSince: -1
        machines: 0
        slots: 1
        area: 874
        pool: 0
        exposed: true
        exposedAt: 0
      342:
        x: 225
        y: 628
        state: 0
        d: 0.1606742786854156
        dmax: 0.32249999999999995
        g: 0.0004
        name: 'civ'
        well: false
        base: 0.32249999999999995
        gBase: 0.0004
        timer: -1
        contestUntil: 0
        upto: 0
        awake: false
        subOn: true
        creep: 0
        unfed: 0
        fedTimer: 0
        shadeOff: 0
        unfedSince: -1
        starveSince: -1
        machines: 0
        slots: 1
        area: 879
        pool: 5860
        exposed: true
        exposedAt: 0
      343:
        x: 254
        y: 609
        state: 0
        d: 0.1662611578379874
        dmax: 0.32249999999999995
        g: 0.0004
        name: 'civ'
        well: false
        base: 0.32249999999999995
        gBase: 0.0004
        timer: -1
        contestUntil: 0
        upto: 0
        awake: false
        subOn: true
        creep: 0
        unfed: 0
        fedTimer: 0
        shadeOff: 0
        unfedSince: -1
        starveSince: -1
        machines: 0
        slots: 1
        area: 429
        pool: 2860
        exposed: true
        exposedAt: 0
      344:
        x: 283
        y: 609
        state: 0
        d: 0.15780764356087892
        dmax: 0.318
        g: 0.0004
        name: 'civ'
        well: false
        base: 0.318
        gBase: 0.0004
        timer: -1
        contestUntil: 0
        upto: 0
        awake: false
        subOn: true
        creep: 0
        unfed: 0
        fedTimer: 0
        shadeOff: 0
        unfedSince: -1
        starveSince: -1
        machines: 0
        slots: 1
        area: 442
        pool: 2946.6666666666665
        exposed: true
        exposedAt: 0
      345:
        x: 717
        y: 619
        state: 0
        d: 0.5136044656857848
        dmax: 1
        g: 0.0014
        name: 'out'
        well: true
        base: 1
        gBase: 0.0008
        timer: -1
        contestUntil: 0
        upto: 0
        awake: false
        subOn: true
        creep: 0
        unfed: 0
        fedTimer: 0
        shadeOff: 0
        unfedSince: -1
        starveSince: -1
        machines: 0
        slots: 1
        area: 774
        pool: 0
        exposed: true
        exposedAt: 0
      346:
        x: 507
        y: 618
        state: 0
        d: 0.14840470022989904
        dmax: 0.309
        g: 0.0004
        name: 'civ'
        well: false
        base: 0.309
        gBase: 0.0004
        timer: -1
        contestUntil: 0
        upto: 0
        awake: false
        subOn: true
        creep: 0
        unfed: 0
        fedTimer: 0
        shadeOff: 0
        unfedSince: -1
        starveSince: -1
        machines: 0
        slots: 1
        area: 593
        pool: 3953.3333333333335
        exposed: true
        exposedAt: 0
      347:
        x: 674
        y: 623
        state: 0
        d: 0.5491100488463416
        dmax: 1
        g: 0.002
        name: 'out'
        well: true
        base: 1
        gBase: 0.0008
        timer: -1
        contestUntil: 0
        upto: 0
        awake: false
        subOn: true
        creep: 0
        unfed: 0
        fedTimer: 0
        shadeOff: 0
        unfedSince: -1
        starveSince: -1
        machines: 0
        slots: 1
        area: 1035
        pool: 0
        exposed: true
        exposedAt: 0
      348:
        x: 542
        y: 619
        state: 0
        d: 0.17057502394630572
        dmax: 0.31349999999999995
        g: 0.0004
        name: 'civ'
        well: false
        base: 0.31349999999999995
        gBase: 0.0004
        timer: -1
        contestUntil: 0
        upto: 0
        awake: false
        subOn: true
        creep: 0
        unfed: 0
        fedTimer: 0
        shadeOff: 0
        unfedSince: -1
        starveSince: -1
        machines: 0
        slots: 1
        area: 485
        pool: 3233.3333333333335
        exposed: true
        exposedAt: 0
      349:
        x: 316
        y: 629
        state: 0
        d: 0.14662315010984892
        dmax: 0.31349999999999995
        g: 0.0004
        name: 'civ'
        well: false
        base: 0.31349999999999995
        gBase: 0.0004
        timer: -1
        contestUntil: 0
        upto: 0
        awake: false
        subOn: true
        creep: 0
        unfed: 0
        fedTimer: 0
        shadeOff: 0
        unfedSince: -1
        starveSince: -1
        machines: 0
        slots: 1
        area: 734
        pool: 4893.333333333333
        exposed: true
        exposedAt: 0
      350:
        x: 576
        y: 624
        state: 0
        d: 0.17789101303608623
        dmax: 0.393
        g: 0.0007
        name: 'civ'
        well: true
        base: 0.318
        gBase: 0.0004
        timer: -1
        contestUntil: 0
        upto: 0
        awake: false
        subOn: true
        creep: 0
        unfed: 0
        fedTimer: 0
        shadeOff: 0
        unfedSince: -1
        starveSince: -1
        machines: 0
        slots: 1
        area: 790
        pool: 5266.666666666667
        exposed: true
        exposedAt: 0
      351:
        x: 642
        y: 642
        state: 0
        d: 0.3775837861180189
        dmax: 0.7155
        g: 0.0016250000000000001
        name: 'res'
        well: true
        base: 0.49050000000000005
        gBase: 0.0005
        timer: -1
        contestUntil: 0
        upto: 0
        awake: false
        subOn: true
        creep: 0
        unfed: 0
        fedTimer: 0
        shadeOff: 0
        unfedSince: -1
        starveSince: -1
        machines: 0
        slots: 1
        area: 797
        pool: 5313.333333333333
        exposed: true
        exposedAt: 0
      352:
        x: 615
        y: 625
        state: 0
        d: 0.3408134673083551
        dmax: 0.63375
        g: 0.00125
        name: 'res'
        well: true
        base: 0.48375
        gBase: 0.0005
        timer: -1
        contestUntil: 0
        upto: 0
        awake: false
        subOn: true
        creep: 0
        unfed: 0
        fedTimer: 0
        shadeOff: 0
        unfedSince: -1
        starveSince: -1
        machines: 0
        slots: 1
        area: 925
        pool: 6166.666666666667
        exposed: true
        exposedAt: 0
      353:
        x: 387
        y: 629
        state: 0
        d: 0.22633992963630006
        dmax: 0.45675
        g: 0.0005
        name: 'res'
        well: false
        base: 0.45675
        gBase: 0.0005
        timer: -1
        contestUntil: 0
        upto: 0
        awake: true
        subOn: true
        creep: 0
        unfed: 0
        fedTimer: 0
        shadeOff: 0
        unfedSince: -1
        starveSince: -1
        machines: 0
        slots: 1
        area: 753
        pool: 5020
        exposed: true
        exposedAt: 0
      354:
        x: 26
        y: 631
        state: 0
        d: 0.47327452555764465
        dmax: 1
        g: 0.0026000000000000003
        name: 'out'
        well: true
        base: 1
        gBase: 0.0008
        timer: -1
        contestUntil: 0
        upto: 0
        awake: false
        subOn: true
        creep: 0
        unfed: 0
        fedTimer: 0
        shadeOff: 0
        unfedSince: -1
        starveSince: -1
        machines: 0
        slots: 1
        area: 885
        pool: 0
        exposed: true
        exposedAt: 0
      355:
        x: 473
        y: 641
        state: 0
        d: 0.16494015264648473
        dmax: 0.30449999999999994
        g: 0.0004
        name: 'civ'
        well: false
        base: 0.30449999999999994
        gBase: 0.0004
        timer: -1
        contestUntil: 0
        upto: 0
        awake: true
        subOn: true
        creep: 0
        unfed: 0
        fedTimer: 0
        shadeOff: 0
        unfedSince: -1
        starveSince: -1
        machines: 0
        slots: 1
        area: 1116
        pool: 7440
        exposed: true
        exposedAt: 0
      356:
        x: 421
        y: 634
        state: 2
        d: 0
        dmax: 0.3
        g: 0.0004
        name: 'civ'
        well: false
        base: 0.3
        gBase: 0.0004
        timer: -1
        contestUntil: 0
        upto: 0
        awake: false
        subOn: true
        creep: 0
        unfed: 0
        fedTimer: 0
        shadeOff: 0
        unfedSince: -1
        starveSince: -1
        machines: 0
        slots: 1
        area: 780
        pool: 5200
        exposed: true
        exposedAt: 0
      357:
        x: 87
        y: 638
        state: 0
        d: 0.5370331184240058
        dmax: 1
        g: 0.002
        name: 'out'
        well: true
        base: 1
        gBase: 0.0008
        timer: -1
        contestUntil: 0
        upto: 0
        awake: false
        subOn: true
        creep: 0
        unfed: 0
        fedTimer: 0
        shadeOff: 0
        unfedSince: -1
        starveSince: -1
        machines: 0
        slots: 1
        area: 1192
        pool: 0
        exposed: true
        exposedAt: 0
      358:
        x: 125
        y: 636
        state: 0
        d: 0.4824059658451006
        dmax: 1
        g: 0.0014
        name: 'out'
        well: true
        base: 1
        gBase: 0.0008
        timer: -1
        contestUntil: 0
        upto: 0
        awake: false
        subOn: true
        creep: 0
        unfed: 0
        fedTimer: 0
        shadeOff: 0
        unfedSince: -1
        starveSince: -1
        machines: 0
        slots: 1
        area: 633
        pool: 0
        exposed: true
        exposedAt: 0
      359:
        x: 745
        y: 650
        state: 0
        d: 0.5275774196255952
        dmax: 1
        g: 0.0014
        name: 'out'
        well: true
        base: 1
        gBase: 0.0008
        timer: -1
        contestUntil: 0
        upto: 0
        awake: false
        subOn: true
        creep: 0
        unfed: 0
        fedTimer: 0
        shadeOff: 0
        unfedSince: -1
        starveSince: -1
        machines: 0
        slots: 1
        area: 543
        pool: 0
        exposed: true
        exposedAt: 0
      360:
        x: 258
        y: 640
        state: 0
        d: 0.15518326782085934
        dmax: 0.318
        g: 0.0004
        name: 'civ'
        well: false
        base: 0.318
        gBase: 0.0004
        timer: -1
        contestUntil: 0
        upto: 0
        awake: false
        subOn: true
        creep: 0
        unfed: 0
        fedTimer: 0
        shadeOff: 0
        unfedSince: -1
        starveSince: -1
        machines: 0
        slots: 1
        area: 1159
        pool: 7726.666666666667
        exposed: true
        exposedAt: 0
      361:
        x: 776
        y: 643
        state: 0
        d: 0.5356566005386412
        dmax: 1
        g: 0.0008
        name: 'out'
        well: false
        base: 1
        gBase: 0.0008
        timer: -1
        contestUntil: 0
        upto: 0
        awake: false
        subOn: true
        creep: 0
        unfed: 0
        fedTimer: 0
        shadeOff: 0
        unfedSince: -1
        starveSince: -1
        machines: 0
        slots: 2
        area: 1200
        pool: 0
        exposed: true
        exposedAt: 0
      362:
        x: 163
        y: 638
        state: 3
        d: 0.2326540409684298
        dmax: 0.49725
        g: 0.0005
        name: 'res'
        well: false
        base: 0.49725
        gBase: 0.0005
        timer: -1
        contestUntil: 0
        upto: 0
        awake: false
        subOn: true
        creep: 0
        unfed: 0
        fedTimer: 0
        shadeOff: 0
        unfedSince: -1
        starveSince: -1
        machines: 0
        slots: 1
        area: 426
        pool: 2840
        exposed: true
        exposedAt: 0
      363:
        x: 510
        y: 647
        state: 0
        d: 0.14262763788218144
        dmax: 0.309
        g: 0.0004
        name: 'civ'
        well: false
        base: 0.309
        gBase: 0.0004
        timer: -1
        contestUntil: 0
        upto: 0
        awake: false
        subOn: true
        creep: 0
        unfed: 0
        fedTimer: 0
        shadeOff: 0
        unfedSince: -1
        starveSince: -1
        machines: 0
        slots: 1
        area: 677
        pool: 4513.333333333333
        exposed: true
        exposedAt: 0
      364:
        x: 541
        y: 651
        state: 0
        d: 0.18212595925508065
        dmax: 0.38849999999999996
        g: 0.0007
        name: 'civ'
        well: true
        base: 0.31349999999999995
        gBase: 0.0004
        timer: -1
        contestUntil: 0
        upto: 0
        awake: false
        subOn: true
        creep: 0
        unfed: 0
        fedTimer: 0
        shadeOff: 0
        unfedSince: -1
        starveSince: -1
        machines: 0
        slots: 1
        area: 551
        pool: 3673.3333333333335
        exposed: true
        exposedAt: 0
      365:
        x: 718
        y: 651
        state: 0
        d: 0.45029872956220063
        dmax: 1
        g: 0.002
        name: 'out'
        well: true
        base: 1
        gBase: 0.0008
        timer: -1
        contestUntil: 0
        upto: 0
        awake: false
        subOn: true
        creep: 0
        unfed: 0
        fedTimer: 0
        shadeOff: 0
        unfedSince: -1
        starveSince: -1
        machines: 0
        slots: 1
        area: 557
        pool: 0
        exposed: true
        exposedAt: 0
      366:
        x: 356
        y: 649
        state: 0
        d: 0.13905505343670957
        dmax: 0.309
        g: 0.0004
        name: 'civ'
        well: false
        base: 0.309
        gBase: 0.0004
        timer: -1
        contestUntil: 0
        upto: 0
        awake: false
        subOn: true
        creep: 0
        unfed: 0
        fedTimer: 0
        shadeOff: 0
        unfedSince: -1
        starveSince: -1
        machines: 0
        slots: 1
        area: 276
        pool: 1840
        exposed: true
        exposedAt: 0
      367:
        x: 313
        y: 658
        state: 0
        d: 0.153373963493295
        dmax: 0.31349999999999995
        g: 0.0004
        name: 'civ'
        well: false
        base: 0.31349999999999995
        gBase: 0.0004
        timer: -1
        contestUntil: 0
        upto: 0
        awake: false
        subOn: true
        creep: 0
        unfed: 0
        fedTimer: 0
        shadeOff: 0
        unfedSince: -1
        starveSince: -1
        machines: 0
        slots: 1
        area: 753
        pool: 5020
        exposed: true
        exposedAt: 0
      368:
        x: 579
        y: 659
        state: 0
        d: 0.2513552480589598
        dmax: 0.46799999999999997
        g: 0.001
        name: 'civ'
        well: true
        base: 0.318
        gBase: 0.0004
        timer: -1
        contestUntil: 0
        upto: 0
        awake: false
        subOn: true
        creep: 0
        unfed: 0
        fedTimer: 0
        shadeOff: 0
        unfedSince: -1
        starveSince: -1
        machines: 0
        slots: 1
        area: 967
        pool: 6446.666666666667
        exposed: true
        exposedAt: 0
      369:
        x: 690
        y: 653
        state: 0
        d: 0.37687082785777165
        dmax: 0.7222500000000001
        g: 0.0016250000000000001
        name: 'res'
        well: true
        base: 0.49725
        gBase: 0.0005
        timer: -1
        contestUntil: 0
        upto: 0
        awake: false
        subOn: true
        creep: 0
        unfed: 0
        fedTimer: 0
        shadeOff: 0
        unfedSince: -1
        starveSince: -1
        machines: 0
        slots: 1
        area: 473
        pool: 3153.3333333333335
        exposed: true
        exposedAt: 0
      370:
        x: 224
        y: 663
        state: 0
        d: 0.17420527383929582
        dmax: 0.32249999999999995
        g: 0.0004
        name: 'civ'
        well: false
        base: 0.32249999999999995
        gBase: 0.0004
        timer: -1
        contestUntil: 0
        upto: 0
        awake: false
        subOn: true
        creep: 0
        unfed: 0
        fedTimer: 0
        shadeOff: 0
        unfedSince: -1
        starveSince: -1
        machines: 0
        slots: 2
        area: 1415
        pool: 9433.333333333334
        exposed: true
        exposedAt: 0
      371:
        x: 39
        y: 660
        state: 0
        d: 0.47792650149203836
        dmax: 1
        g: 0.0032
        name: 'out'
        well: true
        base: 1
        gBase: 0.0008
        timer: -1
        contestUntil: 0
        upto: 0
        awake: false
        subOn: true
        creep: 0
        unfed: 0
        fedTimer: 0
        shadeOff: 0
        unfedSince: -1
        starveSince: -1
        machines: 0
        slots: 1
        area: 534
        pool: 0
        exposed: true
        exposedAt: 0
      372:
        x: 185
        y: 675
        state: 0
        d: 0.25748093469708694
        dmax: 0.49050000000000005
        g: 0.0005
        name: 'res'
        well: false
        base: 0.49050000000000005
        gBase: 0.0005
        timer: -1
        contestUntil: 0
        upto: 0
        awake: false
        subOn: true
        creep: 0
        unfed: 0
        fedTimer: 0
        shadeOff: 0
        unfedSince: -1
        starveSince: -1
        machines: 0
        slots: 1
        area: 1185
        pool: 7900
        exposed: true
        exposedAt: 0
      373:
        x: 85
        y: 668
        state: 0
        d: 0.4997932345839217
        dmax: 1
        g: 0.0026000000000000003
        name: 'out'
        well: true
        base: 1
        gBase: 0.0008
        timer: -1
        contestUntil: 0
        upto: 0
        awake: false
        subOn: true
        creep: 0
        unfed: 0
        fedTimer: 0
        shadeOff: 0
        unfedSince: -1
        starveSince: -1
        machines: 0
        slots: 1
        area: 822
        pool: 0
        exposed: true
        exposedAt: 0
      374:
        x: 119
        y: 671
        state: 0
        d: 0.4772391148842871
        dmax: 1
        g: 0.002
        name: 'out'
        well: true
        base: 1
        gBase: 0.0008
        timer: -1
        contestUntil: 0
        upto: 0
        awake: false
        subOn: true
        creep: 0
        unfed: 0
        fedTimer: 0
        shadeOff: 0
        unfedSince: -1
        starveSince: -1
        machines: 0
        slots: 1
        area: 834
        pool: 0
        exposed: true
        exposedAt: 0
      375:
        x: 151
        y: 665
        state: 0
        d: 0.3027646224051481
        dmax: 0.57225
        g: 0.000875
        name: 'res'
        well: true
        base: 0.49725
        gBase: 0.0005
        timer: -1
        contestUntil: 0
        upto: 0
        awake: false
        subOn: true
        creep: 0
        unfed: 0
        fedTimer: 0
        shadeOff: 0
        unfedSince: -1
        starveSince: -1
        machines: 0
        slots: 1
        area: 387
        pool: 2580
        exposed: true
        exposedAt: 0
      376:
        x: 258
        y: 672
        state: 0
        d: 0.25857093227198347
        dmax: 0.47700000000000004
        g: 0.0005
        name: 'res'
        well: false
        base: 0.47700000000000004
        gBase: 0.0005
        timer: -1
        contestUntil: 0
        upto: 0
        awake: false
        subOn: true
        creep: 0
        unfed: 0
        fedTimer: 0
        shadeOff: 0
        unfedSince: -1
        starveSince: -1
        machines: 0
        slots: 1
        area: 923
        pool: 6153.333333333333
        exposed: true
        exposedAt: 0
      377:
        x: 643
        y: 673
        state: 0
        d: 0.433498988171888
        dmax: 0.7905
        g: 0.002
        name: 'res'
        well: true
        base: 0.49050000000000005
        gBase: 0.0005
        timer: -1
        contestUntil: 0
        upto: 0
        awake: false
        subOn: true
        creep: 0
        unfed: 0
        fedTimer: 0
        shadeOff: 0
        unfedSince: -1
        starveSince: -1
        machines: 0
        slots: 1
        area: 533
        pool: 3553.3333333333335
        exposed: true
        exposedAt: 0
      378:
        x: 617
        y: 672
        state: 0
        d: 0.35552331717690683
        dmax: 0.70875
        g: 0.0016250000000000001
        name: 'res'
        well: true
        base: 0.48375
        gBase: 0.0005
        timer: -1
        contestUntil: 0
        upto: 0
        awake: false
        subOn: true
        creep: 0
        unfed: 0
        fedTimer: 0
        shadeOff: 0
        unfedSince: -1
        starveSince: -1
        machines: 0
        slots: 1
        area: 321
        pool: 2140
        exposed: true
        exposedAt: 0
      379:
        x: 678
        y: 679
        state: 0
        d: 0.5329748740885407
        dmax: 1
        g: 0.0026000000000000003
        name: 'out'
        well: true
        base: 1
        gBase: 0.0008
        timer: -1
        contestUntil: 0
        upto: 0
        awake: false
        subOn: true
        creep: 0
        unfed: 0
        fedTimer: 0
        shadeOff: 0
        unfedSince: -1
        starveSince: -1
        machines: 0
        slots: 1
        area: 897
        pool: 0
        exposed: true
        exposedAt: 0
      380:
        x: 774
        y: 690
        state: 0
        d: 0.5111573338974267
        dmax: 1
        g: 0.0014
        name: 'out'
        well: true
        base: 1
        gBase: 0.0008
        timer: -1
        contestUntil: 0
        upto: 0
        awake: false
        subOn: true
        creep: 0
        unfed: 0
        fedTimer: 0
        shadeOff: 0
        unfedSince: -1
        starveSince: -1
        machines: 0
        slots: 2
        area: 1246
        pool: 0
        exposed: true
        exposedAt: 0
      381:
        x: 727
        y: 688
        state: 0
        d: 0.47815823366399857
        dmax: 1
        g: 0.002
        name: 'out'
        well: true
        base: 1
        gBase: 0.0008
        timer: -1
        contestUntil: 0
        upto: 0
        awake: false
        subOn: true
        creep: 0
        unfed: 0
        fedTimer: 0
        shadeOff: 0
        unfedSince: -1
        starveSince: -1
        machines: 0
        slots: 1
        area: 789
        pool: 0
        exposed: true
        exposedAt: 0
    nb:
      0:
        0: 1
        1: 29
        2: 39
        3: 41
      1:
        0: 0
        1: 2
        2: 29
      2:
        0: 1
        1: 3
        2: 29
        3: 30
      3:
        0: 2
        1: 4
        2: 30
        3: 35
        4: 37
      4:
        0: 3
        1: 5
        2: 31
        3: 35
      5:
        0: 4
        1: 6
        2: 31
        3: 32
      6:
        0: 5
        1: 7
        2: 32
      7:
        0: 6
        1: 8
        2: 32
        3: 40
      8:
        0: 7
        1: 9
        2: 40
        3: 46
      9:
        0: 8
        1: 10
        2: 26
        3: 46
        4: 47
      10:
        0: 9
        1: 11
        2: 24
        3: 26
      11:
        0: 10
        1: 12
        2: 24
      12:
        0: 11
        1: 13
        2: 25
      13:
        0: 12
        1: 14
        2: 25
        3: 33
        4: 36
      14:
        0: 13
        1: 15
        2: 33
      15:
        0: 14
        1: 16
        2: 34
      16:
        0: 15
        1: 17
        2: 27
        3: 34
      17:
        0: 16
        1: 18
        2: 23
        3: 27
      18:
        0: 17
        1: 19
        2: 22
        3: 23
        4: 42
        5: 44
      19:
        0: 18
        1: 20
        2: 22
      20:
        0: 19
        1: 21
        2: 22
        3: 28
      21:
        0: 20
        1: 28
        2: 38
      22:
        0: 18
        1: 19
        2: 20
        3: 28
        4: 44
      23:
        0: 17
        1: 18
        2: 27
        3: 42
        4: 52
      24:
        0: 10
        1: 11
        2: 25
        3: 26
        4: 43
        5: 49
      25:
        0: 12
        1: 13
        2: 24
        3: 36
        4: 49
        5: 50
      26:
        0: 9
        1: 10
        2: 24
        3: 43
      27:
        0: 16
        1: 17
        2: 23
        3: 34
        4: 51
        5: 52
      28:
        0: 20
        1: 21
        2: 22
        3: 38
        4: 48
      29:
        0: 0
        1: 1
        2: 2
        3: 30
        4: 41
        5: 45
      30:
        0: 2
        1: 3
        2: 29
        3: 37
        4: 45
      31:
        0: 4
        1: 5
        2: 32
        3: 35
        4: 55
        5: 58
      32:
        0: 5
        1: 6
        2: 7
        3: 31
        4: 40
        5: 55
      33:
        0: 13
        1: 14
        2: 34
        3: 36
        4: 53
        5: 56
      34:
        0: 15
        1: 16
        2: 27
        3: 33
        4: 51
        5: 53
      35:
        0: 3
        1: 4
        2: 31
        3: 37
        4: 58
        5: 62
      36:
        0: 13
        1: 25
        2: 33
        3: 50
        4: 56
      37:
        0: 3
        1: 30
        2: 35
        3: 45
        4: 54
        5: 62
        6: 66
      38:
        0: 21
        1: 28
        2: 48
        3: 57
        4: 60
      39:
        0: 0
        1: 41
        2: 67
      40:
        0: 7
        1: 8
        2: 32
        3: 46
        4: 55
        5: 63
        6: 65
      41:
        0: 0
        1: 29
        2: 39
        3: 45
        4: 54
        5: 67
        6: 69
      42:
        0: 18
        1: 23
        2: 44
        3: 52
        4: 64
      43:
        0: 24
        1: 26
        2: 47
        3: 49
        4: 59
        5: 68
        6: 70
      44:
        0: 18
        1: 22
        2: 42
        3: 48
        4: 60
        5: 61
        6: 64
      45:
        0: 29
        1: 30
        2: 37
        3: 41
        4: 54
      46:
        0: 8
        1: 9
        2: 40
        3: 47
        4: 65
        5: 68
      47:
        0: 9
        1: 43
        2: 46
        3: 68
      48:
        0: 28
        1: 38
        2: 44
        3: 60
      49:
        0: 24
        1: 25
        2: 43
        3: 50
        4: 59
      50:
        0: 25
        1: 36
        2: 49
        3: 56
        4: 59
        5: 72
      51:
        0: 27
        1: 34
        2: 52
        3: 53
        4: 71
        5: 74
        6: 75
      52:
        0: 23
        1: 27
        2: 42
        3: 51
        4: 64
        5: 71
      53:
        0: 33
        1: 34
        2: 51
        3: 56
        4: 75
      54:
        0: 37
        1: 41
        2: 45
        3: 66
        4: 69
        5: 79
      55:
        0: 31
        1: 32
        2: 40
        3: 58
        4: 63
        5: 80
        6: 91
      56:
        0: 33
        1: 36
        2: 50
        3: 53
        4: 72
        5: 88
        6: 90
        7: 92
      57:
        0: 38
        1: 60
        2: 73
      58:
        0: 31
        1: 35
        2: 55
        3: 62
        4: 83
        5: 91
        6: 94
      59:
        0: 43
        1: 49
        2: 50
        3: 70
        4: 72
        5: 85
        6: 87
        7: 88
      60:
        0: 38
        1: 44
        2: 48
        3: 57
        4: 61
        5: 76
      61:
        0: 44
        1: 60
        2: 64
        3: 76
        4: 97
      62:
        0: 35
        1: 37
        2: 58
        3: 66
        4: 83
      63:
        0: 40
        1: 55
        2: 65
        3: 80
        4: 82
      64:
        0: 42
        1: 44
        2: 52
        3: 61
        4: 71
        5: 84
        6: 96
      65:
        0: 40
        1: 46
        2: 63
        3: 68
        4: 82
      66:
        0: 37
        1: 54
        2: 62
        3: 81
        4: 83
      67:
        0: 39
        1: 41
        2: 69
        3: 77
        4: 78
      68:
        0: 43
        1: 46
        2: 47
        3: 65
        4: 70
        5: 82
        6: 85
        7: 93
        8: 95
      69:
        0: 41
        1: 54
        2: 67
        3: 78
      70:
        0: 43
        1: 59
        2: 68
        3: 85
      71:
        0: 51
        1: 52
        2: 64
        3: 74
        4: 84
      72:
        0: 50
        1: 56
        2: 59
        3: 88
      73:
        0: 57
        1: 76
        2: 102
      74:
        0: 51
        1: 71
        2: 75
        3: 84
        4: 86
        5: 89
      75:
        0: 51
        1: 53
        2: 74
        3: 89
        4: 90
      76:
        0: 60
        1: 61
        2: 73
        3: 97
        4: 102
        5: 107
      77:
        0: 67
        1: 78
        2: 103
      78:
        0: 67
        1: 69
        2: 77
        3: 79
        4: 98
        5: 105
      79:
        0: 54
        1: 78
        2: 81
        3: 98
      80:
        0: 55
        1: 63
        2: 82
        3: 91
        4: 99
        5: 100
      81:
        0: 66
        1: 79
        2: 83
        3: 98
        4: 101
        5: 104
      82:
        0: 63
        1: 65
        2: 68
        3: 80
        4: 93
        5: 100
      83:
        0: 58
        1: 62
        2: 66
        3: 81
        4: 94
        5: 101
      84:
        0: 64
        1: 71
        2: 74
        3: 86
        4: 96
        5: 111
        6: 113
      85:
        0: 59
        1: 68
        2: 70
        3: 87
        4: 95
        5: 106
        6: 108
      86:
        0: 74
        1: 84
        2: 89
        3: 113
        4: 114
      87:
        0: 59
        1: 85
        2: 88
        3: 108
      88:
        0: 56
        1: 59
        2: 72
        3: 87
        4: 92
        5: 108
        6: 110
        7: 112
      89:
        0: 74
        1: 75
        2: 86
        3: 90
        4: 114
        5: 123
      90:
        0: 56
        1: 75
        2: 89
        3: 92
        4: 112
        5: 115
        6: 123
      91:
        0: 55
        1: 58
        2: 80
        3: 94
        4: 99
        5: 116
        6: 117
      92:
        0: 56
        1: 88
        2: 90
        3: 112
      93:
        0: 68
        1: 82
        2: 95
        3: 100
        4: 120
        5: 124
      94:
        0: 58
        1: 83
        2: 91
        3: 101
        4: 116
        5: 118
      95:
        0: 68
        1: 85
        2: 93
        3: 106
        4: 124
        5: 127
      96:
        0: 64
        1: 84
        2: 97
        3: 109
        4: 111
      97:
        0: 61
        1: 76
        2: 96
        3: 107
        4: 109
      98:
        0: 78
        1: 79
        2: 81
        3: 104
        4: 105
        5: 122
        6: 126
      99:
        0: 80
        1: 91
        2: 100
        3: 119
      100:
        0: 80
        1: 82
        2: 93
        3: 99
        4: 119
        5: 120
      101:
        0: 81
        1: 83
        2: 94
        3: 104
        4: 118
        5: 122
      102:
        0: 73
        1: 76
        2: 107
        3: 125
        4: 130
      103:
        0: 77
        1: 105
        2: 128
      104:
        0: 81
        1: 98
        2: 101
        3: 122
      105:
        0: 78
        1: 98
        2: 103
        3: 126
        4: 128
      106:
        0: 85
        1: 95
        2: 108
        3: 127
        4: 129
      107:
        0: 76
        1: 97
        2: 102
        3: 109
        4: 125
      108:
        0: 85
        1: 87
        2: 88
        3: 106
        4: 110
        5: 129
        6: 131
      109:
        0: 96
        1: 97
        2: 107
        3: 111
        4: 125
        5: 134
      110:
        0: 88
        1: 108
        2: 112
        3: 131
        4: 136
      111:
        0: 84
        1: 96
        2: 109
        3: 113
        4: 121
        5: 133
        6: 134
      112:
        0: 88
        1: 90
        2: 92
        3: 110
        4: 115
        5: 136
        6: 139
      113:
        0: 84
        1: 86
        2: 111
        3: 114
        4: 121
      114:
        0: 86
        1: 89
        2: 113
        3: 121
        4: 123
        5: 132
      115:
        0: 90
        1: 112
        2: 123
        3: 139
        4: 142
      116:
        0: 91
        1: 94
        2: 117
        3: 118
        4: 135
      117:
        0: 91
        1: 116
        2: 119
        3: 135
        4: 137
      118:
        0: 94
        1: 101
        2: 116
        3: 122
        4: 135
      119:
        0: 99
        1: 100
        2: 117
        3: 120
        4: 137
        5: 147
      120:
        0: 93
        1: 100
        2: 119
        3: 124
        4: 147
      121:
        0: 111
        1: 113
        2: 114
        3: 132
      122:
        0: 98
        1: 101
        2: 104
        3: 118
        4: 126
        5: 135
        6: 138
      123:
        0: 89
        1: 90
        2: 114
        3: 115
        4: 132
        5: 142
        6: 151
      124:
        0: 93
        1: 95
        2: 120
        3: 127
        4: 144
        5: 145
      125:
        0: 102
        1: 107
        2: 109
        3: 130
        4: 134
        5: 143
        6: 149
      126:
        0: 98
        1: 105
        2: 122
        3: 128
        4: 138
        5: 154
      127:
        0: 95
        1: 106
        2: 124
        3: 129
        4: 141
        5: 145
      128:
        0: 103
        1: 105
        2: 126
        3: 153
      129:
        0: 106
        1: 108
        2: 127
        3: 131
        4: 141
      130:
        0: 102
        1: 125
        2: 140
        3: 143
      131:
        0: 108
        1: 110
        2: 129
        3: 136
        4: 141
        5: 146
        6: 148
      132:
        0: 114
        1: 121
        2: 123
        3: 133
        4: 151
        5: 155
      133:
        0: 111
        1: 132
        2: 134
        3: 152
      134:
        0: 109
        1: 111
        2: 125
        3: 133
        4: 149
        5: 152
      135:
        0: 116
        1: 117
        2: 118
        3: 122
        4: 137
        5: 138
        6: 150
        7: 156
      136:
        0: 110
        1: 112
        2: 131
        3: 139
        4: 146
      137:
        0: 117
        1: 119
        2: 135
        3: 147
        4: 156
        5: 159
        6: 160
      138:
        0: 122
        1: 126
        2: 135
        3: 150
        4: 154
        5: 157
        6: 158
      139:
        0: 112
        1: 115
        2: 136
        3: 142
        4: 146
        5: 161
        6: 162
      140:
        0: 130
        1: 143
        2: 164
      141:
        0: 127
        1: 129
        2: 131
        3: 145
        4: 148
        5: 163
        6: 176
        7: 177
      142:
        0: 115
        1: 123
        2: 139
        3: 151
        4: 162
        5: 169
      143:
        0: 125
        1: 130
        2: 140
        3: 149
        4: 164
        5: 166
      144:
        0: 124
        1: 145
        2: 147
        3: 165
      145:
        0: 124
        1: 127
        2: 141
        3: 144
        4: 163
      146:
        0: 131
        1: 136
        2: 139
        3: 148
        4: 161
        5: 176
      147:
        0: 119
        1: 120
        2: 137
        3: 144
        4: 160
        5: 165
        6: 168
      148:
        0: 131
        1: 141
        2: 146
        3: 176
      149:
        0: 125
        1: 134
        2: 143
        3: 152
        4: 166
        5: 167
        6: 171
      150:
        0: 135
        1: 138
        2: 156
        3: 158
        4: 173
      151:
        0: 123
        1: 132
        2: 142
        3: 155
        4: 169
        5: 182
        6: 183
      152:
        0: 133
        1: 134
        2: 149
        3: 155
        4: 167
      153:
        0: 128
        1: 154
        2: 170
      154:
        0: 126
        1: 138
        2: 153
        3: 157
        4: 170
        5: 174
      155:
        0: 132
        1: 151
        2: 152
        3: 167
        4: 183
      156:
        0: 135
        1: 137
        2: 150
        3: 159
        4: 173
      157:
        0: 138
        1: 154
        2: 158
        3: 172
        4: 174
        5: 175
      158:
        0: 138
        1: 150
        2: 157
        3: 172
      159:
        0: 137
        1: 156
        2: 160
        3: 173
        4: 188
      160:
        0: 137
        1: 147
        2: 159
        3: 168
        4: 186
      161:
        0: 139
        1: 146
        2: 162
        3: 178
      162:
        0: 139
        1: 142
        2: 161
        3: 169
        4: 178
        5: 181
        6: 189
      163:
        0: 141
        1: 145
        2: 165
        3: 179
      164:
        0: 140
        1: 143
        2: 166
        3: 185
        4: 192
        5: 194
      165:
        0: 144
        1: 147
        2: 163
        3: 168
        4: 180
      166:
        0: 143
        1: 149
        2: 164
        3: 171
        4: 185
      167:
        0: 149
        1: 152
        2: 155
        3: 171
        4: 183
        5: 184
      168:
        0: 147
        1: 160
        2: 165
        3: 180
      169:
        0: 142
        1: 151
        2: 162
        3: 181
      170:
        0: 153
        1: 154
        2: 174
        3: 187
      171:
        0: 149
        1: 166
        2: 167
        3: 184
      172:
        0: 157
        1: 158
        2: 173
        3: 175
        4: 201
      173:
        0: 150
        1: 156
        2: 159
        3: 172
        4: 188
        5: 198
        6: 204
      174:
        0: 154
        1: 157
        2: 170
        3: 175
        4: 187
        5: 190
      175:
        0: 157
        1: 172
        2: 174
        3: 190
        4: 200
      176:
        0: 141
        1: 146
        2: 148
        3: 177
        4: 178
        5: 195
        6: 207
      177:
        0: 141
        1: 176
        2: 179
        3: 193
        4: 207
      178:
        0: 161
        1: 162
        2: 176
        3: 189
        4: 191
        5: 195
      179:
        0: 163
        1: 177
        2: 180
        3: 193
      180:
        0: 165
        1: 168
        2: 179
        3: 186
        4: 193
        5: 206
      181:
        0: 162
        1: 169
        2: 182
        3: 189
        4: 208
        5: 211
      182:
        0: 151
        1: 181
        2: 183
        3: 205
        4: 208
      183:
        0: 151
        1: 155
        2: 167
        3: 182
        4: 184
        5: 199
        6: 205
      184:
        0: 167
        1: 171
        2: 183
        3: 185
        4: 196
        5: 197
        6: 199
      185:
        0: 164
        1: 166
        2: 184
        3: 194
        4: 196
      186:
        0: 160
        1: 180
        2: 188
        3: 204
        4: 206
        5: 210
        6: 212
      187:
        0: 170
        1: 174
        2: 190
        3: 202
        4: 203
      188:
        0: 159
        1: 173
        2: 186
        3: 204
      189:
        0: 162
        1: 178
        2: 181
        3: 191
        4: 209
        5: 211
        6: 214
      190:
        0: 174
        1: 175
        2: 187
        3: 200
        4: 203
      191:
        0: 178
        1: 189
        2: 195
        3: 209
      192:
        0: 164
        1: 194
        2: 218
      193:
        0: 177
        1: 179
        2: 180
        3: 206
        4: 207
        5: 213
      194:
        0: 164
        1: 185
        2: 192
        3: 196
        4: 215
        5: 218
      195:
        0: 176
        1: 178
        2: 191
        3: 207
        4: 209
        5: 220
      196:
        0: 184
        1: 185
        2: 194
        3: 197
        4: 215
      197:
        0: 184
        1: 196
        2: 199
        3: 215
        4: 221
        5: 229
      198:
        0: 173
        1: 201
        2: 204
        3: 216
        4: 217
      199:
        0: 183
        1: 184
        2: 197
        3: 205
        4: 221
      200:
        0: 175
        1: 190
        2: 201
        3: 203
        4: 217
        5: 219
      201:
        0: 172
        1: 198
        2: 200
        3: 217
      202:
        0: 187
        1: 203
        2: 227
      203:
        0: 187
        1: 190
        2: 200
        3: 202
        4: 219
        5: 225
        6: 227
      204:
        0: 173
        1: 186
        2: 188
        3: 198
        4: 212
      205:
        0: 182
        1: 183
        2: 199
        3: 208
        4: 221
        5: 223
      206:
        0: 180
        1: 186
        2: 193
        3: 210
        4: 213
        5: 231
        6: 236
      207:
        0: 176
        1: 177
        2: 193
        3: 195
        4: 213
        5: 220
        6: 233
      208:
        0: 181
        1: 182
        2: 205
        3: 211
        4: 223
        5: 226
      209:
        0: 189
        1: 191
        2: 195
        3: 214
        4: 220
        5: 222
      210:
        0: 186
        1: 206
        2: 212
        3: 230
        4: 231
        5: 235
      211:
        0: 181
        1: 189
        2: 208
        3: 214
        4: 224
        5: 226
        6: 228
      212:
        0: 186
        1: 204
        2: 210
        3: 216
        4: 230
      213:
        0: 193
        1: 206
        2: 207
        3: 233
        4: 236
      214:
        0: 189
        1: 209
        2: 211
        3: 222
        4: 224
      215:
        0: 194
        1: 196
        2: 197
        3: 218
        4: 229
        5: 232
      216:
        0: 198
        1: 212
        2: 217
        3: 230
        4: 237
      217:
        0: 198
        1: 200
        2: 201
        3: 216
        4: 219
        5: 237
        6: 238
      218:
        0: 192
        1: 194
        2: 215
        3: 234
      219:
        0: 200
        1: 203
        2: 217
        3: 225
        4: 238
        5: 239
      220:
        0: 195
        1: 207
        2: 209
        3: 222
        4: 233
        5: 241
        6: 242
      221:
        0: 197
        1: 199
        2: 205
        3: 223
        4: 229
        5: 247
        6: 249
      222:
        0: 209
        1: 214
        2: 220
        3: 224
        4: 244
        5: 246
      223:
        0: 205
        1: 208
        2: 221
        3: 226
        4: 249
        5: 251
      224:
        0: 211
        1: 214
        2: 222
        3: 228
        4: 246
      225:
        0: 203
        1: 219
        2: 227
        3: 239
        4: 240
      226:
        0: 208
        1: 211
        2: 223
        3: 228
        4: 251
        5: 253
      227:
        0: 202
        1: 203
        2: 225
        3: 240
        4: 243
      228:
        0: 211
        1: 224
        2: 226
        3: 246
        4: 253
        5: 254
      229:
        0: 197
        1: 215
        2: 221
        3: 232
        4: 247
        5: 250
      230:
        0: 210
        1: 212
        2: 216
        3: 235
        4: 237
        5: 248
        6: 255
      231:
        0: 206
        1: 210
        2: 235
        3: 236
        4: 245
        5: 248
      232:
        0: 215
        1: 229
        2: 234
        3: 250
        4: 252
      233:
        0: 207
        1: 213
        2: 220
        3: 236
        4: 241
        5: 257
      234:
        0: 218
        1: 232
        2: 252
        3: 260
        4: 262
      235:
        0: 210
        1: 230
        2: 231
        3: 248
      236:
        0: 206
        1: 213
        2: 231
        3: 233
        4: 245
        5: 258
      237:
        0: 216
        1: 217
        2: 230
        3: 238
        4: 255
        5: 256
      238:
        0: 217
        1: 219
        2: 237
        3: 239
        4: 256
        5: 265
      239:
        0: 219
        1: 225
        2: 238
        3: 240
        4: 264
        5: 265
      240:
        0: 225
        1: 227
        2: 239
        3: 243
        4: 263
        5: 264
      241:
        0: 220
        1: 233
        2: 242
        3: 257
        4: 261
      242:
        0: 220
        1: 241
        2: 244
        3: 261
        4: 270
      243:
        0: 227
        1: 240
        2: 263
      244:
        0: 222
        1: 242
        2: 246
        3: 268
        4: 270
        5: 272
      245:
        0: 231
        1: 236
        2: 248
        3: 258
        4: 259
      246:
        0: 222
        1: 224
        2: 228
        3: 244
        4: 254
        5: 268
      247:
        0: 221
        1: 229
        2: 249
        3: 250
        4: 266
      248:
        0: 230
        1: 231
        2: 235
        3: 245
        4: 255
        5: 259
        6: 271
        7: 277
      249:
        0: 221
        1: 223
        2: 247
        3: 251
        4: 266
        5: 274
      250:
        0: 229
        1: 232
        2: 247
        3: 252
        4: 266
        5: 267
      251:
        0: 223
        1: 226
        2: 249
        3: 253
        4: 273
        5: 276
      252:
        0: 232
        1: 234
        2: 250
        3: 262
        4: 267
      253:
        0: 226
        1: 228
        2: 251
        3: 254
        4: 273
      254:
        0: 228
        1: 246
        2: 253
        3: 268
        4: 273
        5: 275
      255:
        0: 230
        1: 237
        2: 248
        3: 256
        4: 269
        5: 271
      256:
        0: 237
        1: 238
        2: 255
        3: 265
        4: 269
      257:
        0: 233
        1: 241
        2: 258
        3: 261
        4: 279
        5: 282
      258:
        0: 236
        1: 245
        2: 257
        3: 259
        4: 280
        5: 282
      259:
        0: 245
        1: 248
        2: 258
        3: 280
      260:
        0: 234
        1: 262
        2: 278
        3: 281
      261:
        0: 241
        1: 242
        2: 257
        3: 270
        4: 279
        5: 293
      262:
        0: 234
        1: 252
        2: 260
        3: 267
        4: 278
      263:
        0: 240
        1: 243
        2: 264
        3: 285
      264:
        0: 239
        1: 240
        2: 263
        3: 265
        4: 283
        5: 285
        6: 286
      265:
        0: 238
        1: 239
        2: 256
        3: 264
        4: 269
        5: 283
      266:
        0: 247
        1: 249
        2: 250
        3: 267
        4: 274
        5: 291
        6: 294
      267:
        0: 250
        1: 252
        2: 262
        3: 266
        4: 278
        5: 294
        6: 297
      268:
        0: 244
        1: 246
        2: 254
        3: 272
        4: 275
        5: 288
        6: 290
        7: 292
      269:
        0: 255
        1: 256
        2: 265
        3: 271
        4: 284
      270:
        0: 242
        1: 244
        2: 261
        3: 272
        4: 292
        5: 293
      271:
        0: 248
        1: 255
        2: 269
        3: 277
        4: 284
        5: 301
        6: 302
      272:
        0: 244
        1: 268
        2: 270
        3: 292
      273:
        0: 251
        1: 253
        2: 254
        3: 275
        4: 276
        5: 287
        6: 289
      274:
        0: 249
        1: 266
        2: 276
        3: 289
        4: 291
      275:
        0: 254
        1: 268
        2: 273
        3: 287
        4: 288
      276:
        0: 251
        1: 273
        2: 274
        3: 289
      277:
        0: 248
        1: 271
        2: 280
        3: 299
        4: 301
      278:
        0: 260
        1: 262
        2: 267
        3: 281
        4: 297
        5: 300
      279:
        0: 257
        1: 261
        2: 282
        3: 293
        4: 295
      280:
        0: 258
        1: 259
        2: 277
        3: 282
        4: 298
        5: 299
      281:
        0: 260
        1: 278
        2: 300
        3: 305
      282:
        0: 257
        1: 258
        2: 279
        3: 280
        4: 295
        5: 296
      283:
        0: 264
        1: 265
        2: 284
        3: 286
        4: 307
        5: 308
        6: 310
      284:
        0: 269
        1: 271
        2: 283
        3: 302
        4: 303
        5: 307
      285:
        0: 263
        1: 264
        2: 286
        3: 312
      286:
        0: 264
        1: 283
        2: 285
        3: 310
        4: 312
      287:
        0: 273
        1: 275
        2: 288
        3: 289
        4: 304
        5: 306
        6: 309
      288:
        0: 268
        1: 275
        2: 287
        3: 290
        4: 309
      289:
        0: 273
        1: 274
        2: 276
        3: 287
        4: 291
        5: 304
      290:
        0: 268
        1: 288
        2: 292
        3: 309
        4: 311
        5: 313
      291:
        0: 266
        1: 274
        2: 289
        3: 294
        4: 304
        5: 318
      292:
        0: 268
        1: 270
        2: 272
        3: 290
        4: 293
        5: 311
      293:
        0: 261
        1: 270
        2: 279
        3: 292
        4: 295
        5: 311
        6: 314
      294:
        0: 266
        1: 267
        2: 291
        3: 297
        4: 315
        5: 319
      295:
        0: 279
        1: 282
        2: 293
        3: 296
        4: 314
        5: 320
        6: 321
      296:
        0: 282
        1: 295
        2: 298
        3: 320
      297:
        0: 267
        1: 278
        2: 294
        3: 300
        4: 315
      298:
        0: 280
        1: 296
        2: 299
        3: 322
        4: 327
      299:
        0: 277
        1: 280
        2: 298
        3: 301
        4: 324
        5: 327
      300:
        0: 278
        1: 281
        2: 297
        3: 305
        4: 315
        5: 316
      301:
        0: 271
        1: 277
        2: 299
        3: 302
        4: 324
      302:
        0: 271
        1: 284
        2: 301
        3: 303
        4: 325
      303:
        0: 284
        1: 302
        2: 307
        3: 317
        4: 325
        5: 329
      304:
        0: 287
        1: 289
        2: 291
        3: 306
        4: 318
        5: 323
        6: 326
      305:
        0: 281
        1: 300
        2: 316
        3: 328
      306:
        0: 287
        1: 304
        2: 309
        3: 326
        4: 330
      307:
        0: 283
        1: 284
        2: 303
        3: 308
        4: 317
      308:
        0: 283
        1: 307
        2: 310
        3: 317
      309:
        0: 287
        1: 288
        2: 290
        3: 306
        4: 313
        5: 330
      310:
        0: 283
        1: 286
        2: 308
        3: 312
        4: 317
        5: 333
      311:
        0: 290
        1: 292
        2: 293
        3: 313
        4: 314
        5: 331
        6: 334
      312:
        0: 285
        1: 286
        2: 310
        3: 333
        4: 335
      313:
        0: 290
        1: 309
        2: 311
        3: 330
        4: 331
      314:
        0: 293
        1: 295
        2: 311
        3: 321
        4: 332
        5: 334
      315:
        0: 294
        1: 297
        2: 300
        3: 316
        4: 319
        5: 345
      316:
        0: 300
        1: 305
        2: 315
        3: 328
        4: 341
        5: 345
      317:
        0: 303
        1: 307
        2: 308
        3: 310
        4: 329
        5: 333
        6: 337
        7: 339
      318:
        0: 291
        1: 304
        2: 319
        3: 323
        4: 350
        5: 351
        6: 352
      319:
        0: 294
        1: 315
        2: 318
        3: 345
        4: 347
      320:
        0: 295
        1: 296
        2: 321
        3: 322
        4: 336
      321:
        0: 295
        1: 314
        2: 320
        3: 332
        4: 340
      322:
        0: 298
        1: 320
        2: 327
        3: 336
        4: 344
      323:
        0: 304
        1: 318
        2: 326
        3: 350
      324:
        0: 299
        1: 301
        2: 325
        3: 327
        4: 338
        5: 342
      325:
        0: 302
        1: 303
        2: 324
        3: 329
        4: 338
      326:
        0: 304
        1: 306
        2: 323
        3: 330
        4: 348
        5: 350
      327:
        0: 298
        1: 299
        2: 322
        3: 324
        4: 342
        5: 343
        6: 344
      328:
        0: 305
        1: 316
        2: 341
      329:
        0: 303
        1: 317
        2: 325
        3: 338
        4: 339
      330:
        0: 306
        1: 309
        2: 313
        3: 326
        4: 331
        5: 346
        6: 348
      331:
        0: 311
        1: 313
        2: 330
        3: 334
        4: 346
        5: 355
      332:
        0: 314
        1: 321
        2: 334
        3: 340
        4: 353
        5: 356
      333:
        0: 310
        1: 312
        2: 317
        3: 335
        4: 337
        5: 357
      334:
        0: 311
        1: 314
        2: 331
        3: 332
        4: 356
      335:
        0: 312
        1: 333
        2: 354
        3: 357
      336:
        0: 320
        1: 322
        2: 340
        3: 344
        4: 349
      337:
        0: 317
        1: 333
        2: 339
        3: 358
      338:
        0: 324
        1: 325
        2: 329
        3: 339
        4: 342
        5: 362
        6: 372
      339:
        0: 317
        1: 329
        2: 337
        3: 338
        4: 358
        5: 362
      340:
        0: 321
        1: 332
        2: 336
        3: 349
        4: 353
        5: 366
      341:
        0: 316
        1: 328
        2: 345
        3: 359
        4: 361
      342:
        0: 324
        1: 327
        2: 338
        3: 343
        4: 360
        5: 370
        6: 372
      343:
        0: 327
        1: 342
        2: 344
        3: 360
      344:
        0: 322
        1: 327
        2: 336
        3: 343
        4: 349
        5: 360
      345:
        0: 315
        1: 316
        2: 319
        3: 341
        4: 347
        5: 359
        6: 365
      346:
        0: 330
        1: 331
        2: 348
        3: 355
        4: 363
      347:
        0: 319
        1: 345
        2: 351
        3: 365
        4: 369
      348:
        0: 326
        1: 330
        2: 346
        3: 350
        4: 363
        5: 364
      349:
        0: 336
        1: 340
        2: 344
        3: 360
        4: 367
      350:
        0: 318
        1: 323
        2: 326
        3: 348
        4: 352
        5: 364
        6: 368
      351:
        0: 318
        1: 347
        2: 352
        3: 369
        4: 377
        5: 378
      352:
        0: 318
        1: 350
        2: 351
        3: 368
        4: 378
      353:
        0: 332
        1: 340
        2: 356
        3: 366
      354:
        0: 335
        1: 357
        2: 371
      355:
        0: 331
        1: 346
        2: 356
        3: 363
      356:
        0: 332
        1: 334
        2: 353
        3: 355
      357:
        0: 333
        1: 335
        2: 354
        3: 358
        4: 373
        5: 374
      358:
        0: 337
        1: 339
        2: 357
        3: 362
        4: 374
        5: 375
      359:
        0: 341
        1: 345
        2: 361
        3: 365
        4: 380
        5: 381
      360:
        0: 342
        1: 343
        2: 344
        3: 349
        4: 367
        5: 370
        6: 376
      361:
        0: 341
        1: 359
        2: 380
      362:
        0: 338
        1: 339
        2: 358
        3: 372
        4: 375
      363:
        0: 346
        1: 348
        2: 355
        3: 364
      364:
        0: 348
        1: 350
        2: 363
        3: 368
      365:
        0: 345
        1: 347
        2: 359
        3: 369
        4: 379
        5: 381
      366:
        0: 340
        1: 353
        2: 367
      367:
        0: 349
        1: 360
        2: 366
        3: 376
      368:
        0: 350
        1: 352
        2: 364
        3: 378
      369:
        0: 347
        1: 351
        2: 365
        3: 377
        4: 379
      370:
        0: 342
        1: 360
        2: 372
        3: 376
      371:
        0: 354
        1: 373
      372:
        0: 338
        1: 342
        2: 362
        3: 370
        4: 375
      373:
        0: 357
        1: 371
        2: 374
      374:
        0: 357
        1: 358
        2: 373
        3: 375
      375:
        0: 358
        1: 362
        2: 372
        3: 374
      376:
        0: 360
        1: 367
        2: 370
      377:
        0: 351
        1: 369
        2: 378
        3: 379
      378:
        0: 351
        1: 352
        2: 368
        3: 377
      379:
        0: 365
        1: 369
        2: 377
        3: 381
      380:
        0: 359
        1: 361
        2: 381
      381:
        0: 359
        1: 365
        2: 379
        3: 380
    deg: 9
    len:
      0:
        0: 78
        1: 38
        2: 62
        3: 57
      1:
        0: 78
        1: 66
        2: 74
      2:
        0: 66
        1: 87
        2: 17
        3: 42
      3:
        0: 87
        1: 104
        2: 26
        3: 22
        4: 52
      4:
        0: 104
        1: 96
        2: 8
        3: 52
      5:
        0: 96
        1: 92
        2: 72
        3: 16
      6:
        0: 92
        1: 96
        2: 44
      7:
        0: 96
        1: 112
        2: 16
        3: 70
      8:
        0: 112
        1: 118
        2: 14
        3: 26
      9:
        0: 118
        1: 68
        2: 52
        3: 23
        4: 58
      10:
        0: 68
        1: 60
        2: 6
        3: 76
      11:
        0: 60
        1: 62
        2: 84
      12:
        0: 62
        1: 65
        2: 92
      13:
        0: 65
        1: 96
        2: 50
        3: 27
        4: 71
      14:
        0: 96
        1: 98
        2: 42
      15:
        0: 98
        1: 94
        2: 64
      16:
        0: 94
        1: 60
        2: 42
        3: 27
      17:
        0: 60
        1: 57
        2: 69
        3: 18
      18:
        0: 57
        1: 52
        2: 66
        3: 62
        4: 56
        5: 18
      19:
        0: 52
        1: 62
        2: 78
      20:
        0: 62
        1: 78
        2: 8
        3: 66
      21:
        0: 78
        1: 36
        2: 60
      22:
        0: 66
        1: 78
        2: 8
        3: 58
        4: 83
      23:
        0: 69
        1: 62
        2: 68
        3: 38
        4: 67
      24:
        0: 6
        1: 84
        2: 66
        3: 56
        4: 38
        5: 54
      25:
        0: 92
        1: 50
        2: 66
        3: 26
        4: 30
        5: 66
      26:
        0: 52
        1: 76
        2: 56
        3: 68
      27:
        0: 42
        1: 18
        2: 68
        3: 26
        4: 32
        5: 15
      28:
        0: 66
        1: 36
        2: 58
        3: 23
        4: 52
      29:
        0: 38
        1: 74
        2: 17
        3: 40
        4: 34
        5: 42
      30:
        0: 42
        1: 26
        2: 40
        3: 18
        4: 42
      31:
        0: 8
        1: 72
        2: 82
        3: 83
        4: 12
        5: 45
      32:
        0: 16
        1: 44
        2: 16
        3: 82
        4: 74
        5: 52
      33:
        0: 27
        1: 42
        2: 68
        3: 76
        4: 17
        5: 42
      34:
        0: 64
        1: 27
        2: 26
        3: 68
        4: 43
        5: 68
      35:
        0: 22
        1: 52
        2: 83
        3: 78
        4: 25
        5: 64
      36:
        0: 71
        1: 26
        2: 76
        3: 57
        4: 70
      37:
        0: 52
        1: 18
        2: 78
        3: 53
        4: 17
        5: 20
        6: 42
      38:
        0: 60
        1: 23
        2: 56
        3: 72
        4: 7
      39:
        0: 62
        1: 78
        2: 66
      40:
        0: 70
        1: 14
        2: 74
        3: 66
        4: 5
        5: 68
        6: 35
      41:
        0: 57
        1: 34
        2: 78
        3: 54
        4: 30
        5: 20
        6: 50
      42:
        0: 56
        1: 38
        2: 62
        3: 38
        4: 56
      43:
        0: 38
        1: 68
        2: 78
        3: 57
        4: 34
        5: 9
        6: 80
      44:
        0: 18
        1: 83
        2: 62
        3: 58
        4: 8
        5: 86
        6: 9
      45:
        0: 42
        1: 42
        2: 53
        3: 54
        4: 80
      46:
        0: 26
        1: 23
        2: 66
        3: 66
        4: 23
        5: 10
      47:
        0: 58
        1: 78
        2: 66
        3: 79
      48:
        0: 52
        1: 56
        2: 58
        3: 60
      49:
        0: 54
        1: 30
        2: 57
        3: 50
        4: 82
      50:
        0: 66
        1: 57
        2: 50
        3: 20
        4: 31
        5: 58
      51:
        0: 32
        1: 43
        2: 74
        3: 72
        4: 24
        5: 68
        6: 34
      52:
        0: 67
        1: 15
        2: 38
        3: 74
        4: 12
        5: 66
      53:
        0: 17
        1: 68
        2: 72
        3: 100
        4: 46
      54:
        0: 17
        1: 30
        2: 80
        3: 72
        4: 54
        5: 92
      55:
        0: 12
        1: 52
        2: 5
        3: 96
        4: 72
        5: 29
        6: 50
      56:
        0: 42
        1: 70
        2: 20
        3: 100
        4: 70
        5: 7
        6: 9
        7: 108
      57:
        0: 72
        1: 56
        2: 70
      58:
        0: 45
        1: 25
        2: 96
        3: 86
        4: 17
        5: 29
        6: 44
      59:
        0: 34
        1: 82
        2: 31
        3: 58
        4: 66
        5: 10
        6: 49
        7: 49
      60:
        0: 7
        1: 8
        2: 60
        3: 56
        4: 63
        5: 70
      61:
        0: 86
        1: 63
        2: 104
        3: 46
        4: 82
      62:
        0: 64
        1: 20
        2: 86
        3: 72
        4: 68
      63:
        0: 68
        1: 72
        2: 66
        3: 56
        4: 9
      64:
        0: 56
        1: 9
        2: 12
        3: 104
        4: 75
        5: 21
        6: 70
      65:
        0: 35
        1: 23
        2: 66
        3: 79
        4: 54
      66:
        0: 42
        1: 72
        2: 72
        3: 40
        4: 14
      67:
        0: 66
        1: 20
        2: 48
        3: 62
        4: 24
      68:
        0: 9
        1: 10
        2: 79
        3: 79
        4: 74
        5: 13
        6: 24
        7: 26
        8: 86
      69:
        0: 50
        1: 54
        2: 48
        3: 40
      70:
        0: 80
        1: 58
        2: 74
        3: 68
      71:
        0: 24
        1: 66
        2: 75
        3: 38
        4: 56
      72:
        0: 58
        1: 70
        2: 66
        3: 58
      73:
        0: 70
        1: 96
        2: 80
      74:
        0: 68
        1: 38
        2: 34
        3: 13
        4: 48
        5: 17
      75:
        0: 34
        1: 46
        2: 34
        3: 42
        4: 32
      76:
        0: 70
        1: 46
        2: 96
        3: 44
        4: 30
        5: 33
      77:
        0: 62
        1: 82
        2: 66
      78:
        0: 24
        1: 40
        2: 82
        3: 60
        4: 24
        5: 58
      79:
        0: 92
        1: 60
        2: 41
        3: 78
      80:
        0: 29
        1: 56
        2: 50
        3: 38
        4: 52
        5: 7
      81:
        0: 40
        1: 41
        2: 58
        3: 32
        4: 10
        5: 44
      82:
        0: 9
        1: 54
        2: 13
        3: 50
        4: 36
        5: 62
      83:
        0: 17
        1: 68
        2: 14
        3: 58
        4: 38
        5: 74
      84:
        0: 21
        1: 56
        2: 13
        3: 84
        4: 64
        5: 7
        6: 56
      85:
        0: 10
        1: 24
        2: 68
        3: 60
        4: 42
        5: 58
        6: 10
      86:
        0: 48
        1: 84
        2: 96
        3: 13
        4: 48
      87:
        0: 49
        1: 60
        2: 64
        3: 44
      88:
        0: 7
        1: 49
        2: 58
        3: 64
        4: 72
        5: 7
        6: 96
        7: 5
      89:
        0: 17
        1: 42
        2: 96
        3: 100
        4: 15
        5: 50
      90:
        0: 9
        1: 32
        2: 100
        3: 73
        4: 18
        5: 50
        6: 5
      91:
        0: 50
        1: 29
        2: 38
        3: 94
        4: 70
        5: 17
        6: 71
      92:
        0: 108
        1: 72
        2: 73
        3: 92
      93:
        0: 26
        1: 36
        2: 106
        3: 70
        4: 17
        5: 23
      94:
        0: 44
        1: 38
        2: 94
        3: 62
        4: 38
        5: 16
      95:
        0: 86
        1: 42
        2: 106
        3: 70
        4: 56
        5: 59
      96:
        0: 70
        1: 64
        2: 52
        3: 9
        4: 70
      97:
        0: 82
        1: 44
        2: 52
        3: 62
        4: 28
      98:
        0: 24
        1: 78
        2: 32
        3: 60
        4: 64
        5: 26
        6: 42
      99:
        0: 52
        1: 70
        2: 66
        3: 48
      100:
        0: 7
        1: 62
        2: 70
        3: 66
        4: 29
        5: 38
      101:
        0: 10
        1: 74
        2: 62
        3: 56
        4: 50
        5: 24
      102:
        0: 80
        1: 30
        2: 36
        3: 37
        4: 92
      103:
        0: 66
        1: 72
        2: 58
      104:
        0: 44
        1: 60
        2: 56
        3: 56
      105:
        0: 58
        1: 64
        2: 72
        3: 26
        4: 50
      106:
        0: 58
        1: 70
        2: 68
        3: 5
        4: 52
      107:
        0: 33
        1: 62
        2: 36
        3: 56
        4: 88
      108:
        0: 10
        1: 44
        2: 7
        3: 68
        4: 74
        5: 49
        6: 7
      109:
        0: 9
        1: 28
        2: 56
        3: 80
        4: 33
        5: 40
      110:
        0: 96
        1: 74
        2: 90
        3: 50
        4: 42
      111:
        0: 7
        1: 70
        2: 80
        3: 42
        4: 26
        5: 64
        6: 10
      112:
        0: 5
        1: 18
        2: 92
        3: 90
        4: 82
        5: 47
        6: 29
      113:
        0: 56
        1: 13
        2: 42
        3: 27
        4: 58
      114:
        0: 48
        1: 15
        2: 27
        3: 36
        4: 61
        5: 49
      115:
        0: 50
        1: 82
        2: 108
        3: 30
        4: 62
      116:
        0: 17
        1: 38
        2: 58
        3: 48
        4: 46
      117:
        0: 71
        1: 58
        2: 68
        3: 15
        4: 86
      118:
        0: 16
        1: 50
        2: 48
        3: 48
        4: 54
      119:
        0: 48
        1: 29
        2: 68
        3: 102
        4: 47
        5: 60
      120:
        0: 17
        1: 38
        2: 102
        3: 94
        4: 48
      121:
        0: 26
        1: 58
        2: 36
        3: 60
      122:
        0: 26
        1: 24
        2: 56
        3: 48
        4: 70
        5: 18
        6: 96
      123:
        0: 50
        1: 5
        2: 61
        3: 108
        4: 60
        5: 37
        6: 34
      124:
        0: 23
        1: 56
        2: 94
        3: 84
        4: 66
        5: 10
      125:
        0: 37
        1: 88
        2: 33
        3: 62
        4: 58
        5: 84
        6: 8
      126:
        0: 42
        1: 26
        2: 70
        3: 96
        4: 38
        5: 82
      127:
        0: 59
        1: 5
        2: 84
        3: 78
        4: 8
        5: 54
      128:
        0: 58
        1: 50
        2: 96
        3: 98
      129:
        0: 52
        1: 49
        2: 78
        3: 60
        4: 90
      130:
        0: 92
        1: 62
        2: 76
        3: 20
      131:
        0: 7
        1: 50
        2: 60
        3: 50
        4: 12
        5: 11
        6: 52
      132:
        0: 49
        1: 60
        2: 60
        3: 78
        4: 69
        5: 40
      133:
        0: 64
        1: 78
        2: 66
        3: 72
      134:
        0: 40
        1: 10
        2: 58
        3: 66
        4: 58
        5: 5
      135:
        0: 46
        1: 15
        2: 54
        3: 18
        4: 50
        5: 46
        6: 72
        7: 22
      136:
        0: 42
        1: 47
        2: 50
        3: 31
        4: 64
      137:
        0: 86
        1: 47
        2: 50
        3: 28
        4: 27
        5: 62
        6: 24
      138:
        0: 96
        1: 38
        2: 46
        3: 16
        4: 11
        5: 62
        6: 34
      139:
        0: 29
        1: 30
        2: 31
        3: 66
        4: 42
        5: 28
        6: 54
      140:
        0: 76
        1: 70
        2: 80
      141:
        0: 8
        1: 90
        2: 12
        3: 62
        4: 90
        5: 46
        6: 17
        7: 76
      142:
        0: 62
        1: 37
        2: 66
        3: 64
        4: 20
        5: 90
      143:
        0: 84
        1: 20
        2: 70
        3: 66
        4: 8
        5: 96
      144:
        0: 66
        1: 66
        2: 64
        3: 50
      145:
        0: 10
        1: 54
        2: 62
        3: 66
        4: 74
      146:
        0: 11
        1: 64
        2: 42
        3: 84
        4: 57
        5: 30
      147:
        0: 60
        1: 48
        2: 28
        3: 64
        4: 43
        5: 10
        6: 84
      148:
        0: 52
        1: 90
        2: 84
        3: 46
      149:
        0: 8
        1: 58
        2: 66
        3: 64
        4: 14
        5: 10
        6: 46
      150:
        0: 72
        1: 16
        2: 60
        3: 56
        4: 60
      151:
        0: 34
        1: 69
        2: 64
        3: 98
        4: 44
        5: 68
        6: 24
      152:
        0: 72
        1: 5
        2: 64
        3: 60
        4: 62
      153:
        0: 98
        1: 66
        2: 96
      154:
        0: 82
        1: 11
        2: 66
        3: 58
        4: 18
        5: 86
      155:
        0: 40
        1: 98
        2: 60
        3: 46
        4: 61
      156:
        0: 22
        1: 27
        2: 60
        3: 64
        4: 45
      157:
        0: 62
        1: 58
        2: 52
        3: 6
        4: 9
        5: 46
      158:
        0: 34
        1: 56
        2: 52
        3: 46
      159:
        0: 62
        1: 64
        2: 92
        3: 41
        4: 62
      160:
        0: 24
        1: 43
        2: 92
        3: 50
        4: 70
      161:
        0: 28
        1: 57
        2: 56
        3: 52
      162:
        0: 54
        1: 20
        2: 56
        3: 52
        4: 40
        5: 20
        6: 72
      163:
        0: 46
        1: 74
        2: 46
        3: 80
      164:
        0: 80
        1: 8
        2: 79
        3: 16
        4: 82
        5: 20
      165:
        0: 50
        1: 10
        2: 46
        3: 44
        4: 48
      166:
        0: 96
        1: 14
        2: 79
        3: 40
        4: 90
      167:
        0: 10
        1: 62
        2: 46
        3: 44
        4: 39
        5: 55
      168:
        0: 84
        1: 50
        2: 44
        3: 74
      169:
        0: 90
        1: 44
        2: 52
        3: 92
      170:
        0: 96
        1: 18
        2: 44
        3: 100
      171:
        0: 46
        1: 40
        2: 44
        3: 40
      172:
        0: 6
        1: 46
        2: 102
        3: 94
        4: 64
      173:
        0: 60
        1: 45
        2: 41
        3: 102
        4: 54
        5: 70
        6: 22
      174:
        0: 86
        1: 9
        2: 44
        3: 70
        4: 21
        5: 80
      175:
        0: 46
        1: 94
        2: 70
        3: 16
        4: 24
      176:
        0: 17
        1: 30
        2: 46
        3: 102
        4: 64
        5: 50
        6: 30
      177:
        0: 76
        1: 102
        2: 62
        3: 44
        4: 48
      178:
        0: 52
        1: 40
        2: 64
        3: 13
        4: 74
        5: 5
      179:
        0: 80
        1: 62
        2: 56
        3: 80
      180:
        0: 48
        1: 74
        2: 56
        3: 82
        4: 38
        5: 84
      181:
        0: 20
        1: 92
        2: 92
        3: 86
        4: 24
        5: 70
      182:
        0: 68
        1: 92
        2: 76
        3: 28
        4: 45
      183:
        0: 24
        1: 61
        2: 39
        3: 76
        4: 36
        5: 78
        6: 28
      184:
        0: 55
        1: 40
        2: 36
        3: 52
        4: 10
        5: 68
        6: 5
      185:
        0: 16
        1: 90
        2: 52
        3: 31
        4: 70
      186:
        0: 70
        1: 82
        2: 70
        3: 16
        4: 7
        5: 84
        6: 5
      187:
        0: 100
        1: 21
        2: 36
        3: 76
        4: 46
      188:
        0: 62
        1: 54
        2: 70
        3: 70
      189:
        0: 72
        1: 13
        2: 86
        3: 60
        4: 33
        5: 5
        6: 56
      190:
        0: 80
        1: 16
        2: 36
        3: 73
        4: 20
      191:
        0: 74
        1: 60
        2: 46
        3: 68
      192:
        0: 82
        1: 70
        2: 76
      193:
        0: 44
        1: 80
        2: 38
        3: 20
        4: 12
        5: 90
      194:
        0: 20
        1: 31
        2: 70
        3: 52
        4: 12
        5: 46
      195:
        0: 50
        1: 5
        2: 46
        3: 52
        4: 49
        5: 70
      196:
        0: 10
        1: 70
        2: 52
        3: 51
        4: 66
      197:
        0: 68
        1: 51
        2: 75
        3: 54
        4: 30
        5: 70
      198:
        0: 70
        1: 54
        2: 40
        3: 48
        4: 13
      199:
        0: 78
        1: 5
        2: 75
        3: 64
        4: 68
      200:
        0: 24
        1: 73
        2: 69
        3: 74
        4: 12
        5: 94
      201:
        0: 64
        1: 54
        2: 69
        3: 56
      202:
        0: 76
        1: 82
        2: 74
      203:
        0: 46
        1: 20
        2: 74
        3: 82
        4: 9
        5: 60
        6: 10
      204:
        0: 22
        1: 16
        2: 70
        3: 40
        4: 108
      205:
        0: 28
        1: 28
        2: 64
        3: 62
        4: 7
        5: 72
      206:
        0: 84
        1: 7
        2: 20
        3: 81
        4: 76
        5: 15
        6: 56
      207:
        0: 30
        1: 48
        2: 12
        3: 52
        4: 76
        5: 42
        6: 6
      208:
        0: 24
        1: 45
        2: 62
        3: 58
        4: 8
        5: 56
      209:
        0: 33
        1: 68
        2: 49
        3: 42
        4: 13
        5: 90
      210:
        0: 84
        1: 81
        2: 82
        3: 5
        4: 62
        5: 46
      211:
        0: 70
        1: 5
        2: 58
        3: 52
        4: 11
        5: 17
        6: 56
      212:
        0: 5
        1: 108
        2: 82
        3: 63
        4: 100
      213:
        0: 90
        1: 76
        2: 76
        3: 72
        4: 36
      214:
        0: 56
        1: 42
        2: 52
        3: 7
        4: 56
      215:
        0: 12
        1: 66
        2: 54
        3: 58
        4: 9
        5: 66
      216:
        0: 48
        1: 63
        2: 60
        3: 10
        4: 40
      217:
        0: 13
        1: 12
        2: 56
        3: 60
        4: 48
        5: 68
        6: 7
      218:
        0: 76
        1: 46
        2: 58
        3: 116
      219:
        0: 94
        1: 9
        2: 48
        3: 40
        4: 36
        5: 62
      220:
        0: 70
        1: 42
        2: 13
        3: 62
        4: 18
        5: 58
        6: 58
      221:
        0: 30
        1: 68
        2: 7
        3: 76
        4: 48
        5: 58
        6: 24
      222:
        0: 90
        1: 7
        2: 62
        3: 66
        4: 68
        5: 22
      223:
        0: 72
        1: 8
        2: 76
        3: 74
        4: 47
        5: 38
      224:
        0: 11
        1: 56
        2: 66
        3: 60
        4: 60
      225:
        0: 60
        1: 40
        2: 46
        3: 10
        4: 60
      226:
        0: 56
        1: 17
        2: 74
        3: 68
        4: 10
        5: 54
      227:
        0: 74
        1: 10
        2: 46
        3: 7
        4: 84
      228:
        0: 56
        1: 60
        2: 68
        3: 10
        4: 7
        5: 66
      229:
        0: 70
        1: 9
        2: 48
        3: 56
        4: 9
        5: 62
      230:
        0: 5
        1: 100
        2: 10
        3: 48
        4: 68
        5: 10
        6: 96
      231:
        0: 15
        1: 62
        2: 40
        3: 35
        4: 40
        5: 29
      232:
        0: 66
        1: 56
        2: 50
        3: 7
        4: 68
      233:
        0: 6
        1: 72
        2: 18
        3: 86
        4: 43
        5: 34
      234:
        0: 116
        1: 50
        2: 50
        3: 88
        4: 28
      235:
        0: 46
        1: 48
        2: 40
        3: 52
      236:
        0: 56
        1: 36
        2: 35
        3: 86
        4: 53
        5: 84
      237:
        0: 40
        1: 68
        2: 68
        3: 56
        4: 5
        5: 98
      238:
        0: 7
        1: 36
        2: 56
        3: 92
        4: 42
        5: 60
      239:
        0: 62
        1: 10
        2: 92
        3: 78
        4: 36
        5: 14
      240:
        0: 60
        1: 7
        2: 78
        3: 70
        4: 24
        5: 48
      241:
        0: 58
        1: 43
        2: 76
        3: 43
        4: 68
      242:
        0: 58
        1: 76
        2: 82
        3: 5
        4: 46
      243:
        0: 84
        1: 70
        2: 88
      244:
        0: 68
        1: 82
        2: 76
        3: 26
        4: 11
        5: 46
      245:
        0: 40
        1: 53
        2: 47
        3: 9
        4: 52
      246:
        0: 22
        1: 60
        2: 10
        3: 76
        4: 59
        5: 76
      247:
        0: 58
        1: 9
        2: 61
        3: 66
        4: 70
      248:
        0: 10
        1: 29
        2: 52
        3: 47
        4: 70
        5: 60
        6: 15
        7: 70
      249:
        0: 24
        1: 47
        2: 61
        3: 82
        4: 24
        5: 60
      250:
        0: 62
        1: 7
        2: 66
        3: 48
        4: 5
        5: 55
      251:
        0: 38
        1: 10
        2: 82
        3: 72
        4: 9
        5: 42
      252:
        0: 68
        1: 50
        2: 48
        3: 72
        4: 9
      253:
        0: 54
        1: 7
        2: 72
        3: 66
        4: 44
      254:
        0: 66
        1: 59
        2: 66
        3: 16
        4: 12
        5: 76
      255:
        0: 96
        1: 5
        2: 70
        3: 48
        4: 11
        5: 82
      256:
        0: 98
        1: 42
        2: 48
        3: 11
        4: 92
      257:
        0: 34
        1: 43
        2: 62
        3: 52
        4: 50
        5: 45
      258:
        0: 84
        1: 9
        2: 62
        3: 64
        4: 19
        5: 34
      259:
        0: 52
        1: 60
        2: 64
        3: 68
      260:
        0: 88
        1: 44
        2: 9
        3: 88
      261:
        0: 68
        1: 5
        2: 52
        3: 92
        4: 52
        5: 40
      262:
        0: 28
        1: 72
        2: 44
        3: 40
        4: 82
      263:
        0: 24
        1: 88
        2: 59
        3: 102
      264:
        0: 36
        1: 48
        2: 59
        3: 51
        4: 34
        5: 22
        6: 74
      265:
        0: 60
        1: 14
        2: 11
        3: 51
        4: 54
        5: 86
      266:
        0: 70
        1: 24
        2: 5
        3: 88
        4: 62
        5: 34
        6: 62
      267:
        0: 55
        1: 9
        2: 40
        3: 88
        4: 62
        5: 34
        6: 36
      268:
        0: 26
        1: 76
        2: 16
        3: 66
        4: 56
        5: 8
        6: 64
        7: 10
      269:
        0: 11
        1: 92
        2: 54
        3: 22
        4: 96
      270:
        0: 46
        1: 11
        2: 92
        3: 70
        4: 27
        5: 44
      271:
        0: 15
        1: 82
        2: 22
        3: 82
        4: 79
        5: 31
        6: 36
      272:
        0: 46
        1: 66
        2: 70
        3: 60
      273:
        0: 9
        1: 44
        2: 12
        3: 48
        4: 50
        5: 22
        6: 26
      274:
        0: 60
        1: 62
        2: 54
        3: 9
        4: 46
      275:
        0: 76
        1: 56
        2: 48
        3: 46
        4: 44
      276:
        0: 42
        1: 50
        2: 54
        3: 56
      277:
        0: 70
        1: 82
        2: 66
        3: 40
        4: 30
      278:
        0: 9
        1: 82
        2: 62
        3: 72
        4: 32
        5: 42
      279:
        0: 50
        1: 52
        2: 50
        3: 9
        4: 52
      280:
        0: 19
        1: 68
        2: 66
        3: 32
        4: 30
        5: 52
      281:
        0: 88
        1: 72
        2: 28
        3: 73
      282:
        0: 45
        1: 34
        2: 50
        3: 32
        4: 10
        5: 78
      283:
        0: 34
        1: 86
        2: 64
        3: 48
        4: 58
        5: 43
        6: 10
      284:
        0: 96
        1: 79
        2: 64
        3: 5
        4: 74
        5: 21
      285:
        0: 102
        1: 22
        2: 61
        3: 96
      286:
        0: 74
        1: 48
        2: 61
        3: 78
        4: 12
      287:
        0: 22
        1: 46
        2: 52
        3: 48
        4: 6
        5: 53
        6: 14
      288:
        0: 8
        1: 44
        2: 52
        3: 58
        4: 53
      289:
        0: 26
        1: 9
        2: 56
        3: 48
        4: 46
        5: 84
      290:
        0: 64
        1: 58
        2: 52
        3: 17
        4: 18
        5: 52
      291:
        0: 34
        1: 46
        2: 46
        3: 94
        4: 55
        5: 92
      292:
        0: 10
        1: 27
        2: 60
        3: 52
        4: 56
        5: 78
      293:
        0: 40
        1: 44
        2: 9
        3: 56
        4: 66
        5: 26
        6: 94
      294:
        0: 62
        1: 34
        2: 94
        3: 67
        4: 20
        5: 92
      295:
        0: 52
        1: 10
        2: 66
        3: 88
        4: 34
        5: 7
        6: 54
      296:
        0: 78
        1: 88
        2: 96
        3: 74
      297:
        0: 36
        1: 32
        2: 67
        3: 52
        4: 50
      298:
        0: 30
        1: 96
        2: 84
        3: 66
        4: 30
      299:
        0: 40
        1: 52
        2: 84
        3: 82
        4: 12
        5: 6
      300:
        0: 42
        1: 28
        2: 52
        3: 52
        4: 17
        5: 49
      301:
        0: 31
        1: 30
        2: 82
        3: 80
        4: 60
      302:
        0: 36
        1: 5
        2: 80
        3: 80
        4: 54
      303:
        0: 74
        1: 80
        2: 56
        3: 26
        4: 9
        5: 56
      304:
        0: 6
        1: 84
        2: 55
        3: 70
        4: 14
        5: 63
        6: 24
      305:
        0: 73
        1: 52
        2: 35
        3: 82
      306:
        0: 53
        1: 70
        2: 66
        3: 25
        4: 28
      307:
        0: 58
        1: 21
        2: 56
        3: 48
        4: 76
      308:
        0: 43
        1: 48
        2: 88
        3: 45
      309:
        0: 14
        1: 53
        2: 17
        3: 66
        4: 62
        5: 74
      310:
        0: 10
        1: 78
        2: 88
        3: 93
        4: 12
        5: 94
      311:
        0: 18
        1: 78
        2: 26
        3: 70
        4: 50
        5: 48
        6: 22
      312:
        0: 96
        1: 12
        2: 93
        3: 14
        4: 114
      313:
        0: 52
        1: 62
        2: 70
        3: 10
        4: 54
      314:
        0: 94
        1: 34
        2: 50
        3: 28
        4: 60
        5: 40
      315:
        0: 20
        1: 50
        2: 17
        3: 96
        4: 84
        5: 57
      316:
        0: 49
        1: 35
        2: 96
        3: 52
        4: 29
        5: 9
      317:
        0: 26
        1: 76
        2: 45
        3: 12
        4: 38
        5: 9
        6: 76
        7: 18
      318:
        0: 92
        1: 14
        2: 98
        3: 92
        4: 5
        5: 38
        6: 60
      319:
        0: 92
        1: 84
        2: 98
        3: 22
        4: 88
      320:
        0: 7
        1: 74
        2: 58
        3: 46
        4: 82
      321:
        0: 54
        1: 28
        2: 58
        3: 42
        4: 46
      322:
        0: 66
        1: 46
        2: 48
        3: 20
        4: 54
      323:
        0: 63
        1: 92
        2: 76
        3: 66
      324:
        0: 12
        1: 60
        2: 50
        3: 48
        4: 24
        5: 11
      325:
        0: 54
        1: 9
        2: 50
        3: 44
        4: 60
      326:
        0: 24
        1: 25
        2: 76
        3: 68
        4: 42
        5: 11
      327:
        0: 30
        1: 6
        2: 48
        3: 48
        4: 15
        5: 60
        6: 8
      328:
        0: 82
        1: 52
        2: 93
      329:
        0: 56
        1: 38
        2: 44
        3: 10
        4: 53
      330:
        0: 28
        1: 74
        2: 10
        3: 68
        4: 52
        5: 74
        6: 24
      331:
        0: 48
        1: 54
        2: 52
        3: 74
        4: 22
        5: 96
      332:
        0: 60
        1: 42
        2: 70
        3: 33
        4: 60
        5: 7
      333:
        0: 94
        1: 14
        2: 9
        3: 56
        4: 70
        5: 92
      334:
        0: 22
        1: 40
        2: 74
        3: 70
        4: 62
      335:
        0: 114
        1: 56
        2: 104
        3: 18
      336:
        0: 82
        1: 20
        2: 33
        3: 34
        4: 80
      337:
        0: 76
        1: 70
        2: 56
        3: 72
      338:
        0: 24
        1: 60
        2: 10
        3: 54
        4: 92
        5: 49
        6: 11
      339:
        0: 18
        1: 53
        2: 56
        3: 54
        4: 12
        5: 60
      340:
        0: 46
        1: 33
        2: 33
        3: 64
        4: 52
        5: 52
      341:
        0: 29
        1: 93
        2: 36
        3: 40
        4: 81
      342:
        0: 11
        1: 15
        2: 92
        3: 52
        4: 42
        5: 70
        6: 32
      343:
        0: 60
        1: 52
        2: 50
        3: 50
      344:
        0: 54
        1: 8
        2: 34
        3: 50
        4: 22
        5: 58
      345:
        0: 57
        1: 9
        2: 22
        3: 36
        4: 62
        5: 34
        6: 62
      346:
        0: 74
        1: 22
        2: 46
        3: 38
        4: 68
      347:
        0: 88
        1: 62
        2: 75
        3: 7
        4: 80
      348:
        0: 42
        1: 24
        2: 46
        3: 48
        4: 16
        5: 54
      349:
        0: 80
        1: 64
        2: 22
        3: 40
        4: 88
      350:
        0: 5
        1: 66
        2: 11
        3: 48
        4: 60
        5: 12
        6: 74
      351:
        0: 38
        1: 75
        2: 92
        3: 26
        4: 56
        5: 9
      352:
        0: 60
        1: 60
        2: 92
        3: 42
        4: 51
      353:
        0: 60
        1: 52
        2: 82
        3: 46
      354:
        0: 104
        1: 56
        2: 104
      355:
        0: 96
        1: 38
        2: 82
        3: 64
      356:
        0: 7
        1: 62
        2: 82
        3: 82
      357:
        0: 92
        1: 18
        2: 56
        3: 56
        4: 98
        5: 12
      358:
        0: 72
        1: 12
        2: 56
        3: 44
        4: 58
        5: 25
      359:
        0: 40
        1: 34
        2: 88
        3: 62
        4: 10
        5: 34
      360:
        0: 42
        1: 50
        2: 58
        3: 40
        4: 29
        5: 25
        6: 94
      361:
        0: 81
        1: 88
        2: 90
      362:
        0: 49
        1: 60
        2: 44
        3: 18
        4: 59
      363:
        0: 68
        1: 16
        2: 64
        3: 68
      364:
        0: 54
        1: 12
        2: 68
        3: 75
      365:
        0: 62
        1: 7
        2: 62
        3: 50
        4: 19
        5: 45
      366:
        0: 52
        1: 46
        2: 54
      367:
        0: 88
        1: 29
        2: 54
        3: 54
      368:
        0: 74
        1: 42
        2: 75
        3: 48
      369:
        0: 80
        1: 26
        2: 50
        3: 12
        4: 86
      370:
        0: 70
        1: 25
        2: 114
        3: 88
      371:
        0: 104
        1: 60
      372:
        0: 11
        1: 32
        2: 18
        3: 114
        4: 86
      373:
        0: 98
        1: 60
        2: 70
      374:
        0: 12
        1: 58
        2: 70
        3: 88
      375:
        0: 25
        1: 59
        2: 86
        3: 88
      376:
        0: 94
        1: 54
        2: 88
      377:
        0: 56
        1: 12
        2: 58
        3: 68
      378:
        0: 9
        1: 51
        2: 48
        3: 58
      379:
        0: 19
        1: 86
        2: 68
        3: 64
      380:
        0: 10
        1: 90
        2: 82
      381:
        0: 34
        1: 45
        2: 64
        3: 82
    lattice: false
    tileScale: 1
    hops:
      0: 17
      1: 17
      2: 16
      3: 15
      4: 15
      5: 15
      6: 15
      7: 15
      8: 14
      9: 14
      10: 15
      11: 15
      12: 16
      13: 15
      14: 15
      15: 16
      16: 16
      17: 16
      18: 17
      19: 18
      20: 18
      21: 18
      22: 17
      23: 16
      24: 14
      25: 15
      26: 14
      27: 15
      28: 18
      29: 17
      30: 16
      31: 14
      32: 14
      33: 14
      34: 15
      35: 14
      36: 14
      37: 15
      38: 17
      39: 16
      40: 14
      41: 16
      42: 16
      43: 13
      44: 16
      45: 16
      46: 13
      47: 13
      48: 17
      49: 14
      50: 14
      51: 14
      52: 15
      53: 14
      54: 15
      55: 13
      56: 13
      57: 16
      58: 13
      59: 13
      60: 16
      61: 16
      62: 14
      63: 14
      64: 15
      65: 13
      66: 15
      67: 15
      68: 12
      69: 15
      70: 13
      71: 14
      72: 13
      73: 15
      74: 13
      75: 13
      76: 15
      77: 15
      78: 14
      79: 14
      80: 13
      81: 14
      82: 13
      83: 14
      84: 14
      85: 12
      86: 13
      87: 12
      88: 12
      89: 12
      90: 12
      91: 12
      92: 12
      93: 12
      94: 13
      95: 11
      96: 14
      97: 15
      98: 13
      99: 12
      100: 12
      101: 13
      102: 14
      103: 15
      104: 13
      105: 14
      106: 11
      107: 14
      108: 11
      109: 14
      110: 11
      111: 13
      112: 11
      113: 13
      114: 12
      115: 11
      116: 12
      117: 11
      118: 12
      119: 11
      120: 11
      121: 12
      122: 12
      123: 11
      124: 11
      125: 13
      126: 13
      127: 10
      128: 14
      129: 10
      130: 14
      131: 10
      132: 11
      133: 12
      134: 13
      135: 11
      136: 10
      137: 10
      138: 12
      139: 10
      140: 13
      141: 9
      142: 10
      143: 13
      144: 10
      145: 10
      146: 9
      147: 10
      148: 9
      149: 12
      150: 11
      151: 10
      152: 12
      153: 14
      154: 13
      155: 11
      156: 11
      157: 12
      158: 12
      159: 10
      160: 9
      161: 9
      162: 9
      163: 10
      164: 12
      165: 9
      166: 13
      167: 11
      168: 9
      169: 9
      170: 14
      171: 12
      172: 11
      173: 10
      174: 13
      175: 12
      176: 8
      177: 8
      178: 8
      179: 9
      180: 8
      181: 8
      182: 9
      183: 10
      184: 11
      185: 12
      186: 8
      187: 13
      188: 9
      189: 8
      190: 12
      191: 8
      192: 12
      193: 8
      194: 11
      195: 7
      196: 11
      197: 10
      198: 10
      199: 10
      200: 11
      201: 11
      202: 13
      203: 12
      204: 9
      205: 9
      206: 7
      207: 7
      208: 8
      209: 7
      210: 8
      211: 7
      212: 9
      213: 7
      214: 7
      215: 10
      216: 9
      217: 10
      218: 11
      219: 11
      220: 6
      221: 9
      222: 6
      223: 8
      224: 6
      225: 11
      226: 7
      227: 12
      228: 6
      229: 9
      230: 8
      231: 7
      232: 9
      233: 6
      234: 10
      235: 8
      236: 6
      237: 9
      238: 10
      239: 10
      240: 11
      241: 5
      242: 5
      243: 12
      244: 5
      245: 6
      246: 5
      247: 8
      248: 7
      249: 8
      250: 8
      251: 7
      252: 9
      253: 6
      254: 5
      255: 8
      256: 9
      257: 5
      258: 5
      259: 6
      260: 10
      261: 4
      262: 9
      263: 11
      264: 10
      265: 9
      266: 7
      267: 8
      268: 4
      269: 8
      270: 4
      271: 7
      272: 4
      273: 6
      274: 7
      275: 5
      276: 7
      277: 6
      278: 9
      279: 4
      280: 5
      281: 9
      282: 4
      283: 9
      284: 8
      285: 11
      286: 10
      287: 5
      288: 4
      289: 6
      290: 3
      291: 6
      292: 3
      293: 3
      294: 7
      295: 3
      296: 4
      297: 8
      298: 5
      299: 6
      300: 8
      301: 7
      302: 8
      303: 8
      304: 5
      305: 9
      306: 4
      307: 9
      308: 9
      309: 4
      310: 9
      311: 2
      312: 10
      313: 3
      314: 2
      315: 7
      316: 8
      317: 8
      318: 5
      319: 6
      320: 3
      321: 2
      322: 4
      323: 5
      324: 6
      325: 7
      326: 4
      327: 5
      328: 9
      329: 7
      330: 3
      331: 2
      332: 1
      333: 9
      334: 1
      335: 10
      336: 3
      337: 8
      338: 6
      339: 7
      340: 2
      341: 8
      342: 5
      343: 5
      344: 4
      345: 7
      346: 2
      347: 7
      348: 3
      349: 3
      350: 4
      351: 6
      352: 5
      353: 1
      354: 10
      355: 1
      356: 0
      357: 9
      358: 8
      359: 8
      360: 4
      361: 9
      362: 7
      363: 2
      364: 3
      365: 8
      366: 2
      367: 3
      368: 4
      369: 7
      370: 5
      371: 10
      372: 6
      373: 9
      374: 8
      375: 7
      376: 4
      377: 6
      378: 5
      379: 7
      380: 9
      381: 8
    hopsT:
      0: 19
      1: 19
      2: 18
      3: 17
      4: 16
      5: 15
      6: 15
      7: 14
      8: 13
      9: 12
      10: 12
      11: 12
      12: 11
      13: 10
      14: 10
      15: 11
      16: 11
      17: 11
      18: 12
      19: 13
      20: 13
      21: 12
      22: 12
      23: 11
      24: 11
      25: 10
      26: 11
      27: 10
      28: 12
      29: 19
      30: 18
      31: 15
      32: 14
      33: 9
      34: 10
      35: 16
      36: 9
      37: 17
      38: 11
      39: 18
      40: 13
      41: 18
      42: 11
      43: 10
      44: 11
      45: 18
      46: 12
      47: 11
      48: 11
      49: 10
      50: 9
      51: 9
      52: 10
      53: 9
      54: 17
      55: 14
      56: 8
      57: 10
      58: 15
      59: 9
      60: 10
      61: 10
      62: 16
      63: 13
      64: 10
      65: 12
      66: 17
      67: 17
      68: 11
      69: 17
      70: 10
      71: 9
      72: 9
      73: 9
      74: 8
      75: 8
      76: 9
      77: 17
      78: 16
      79: 16
      80: 13
      81: 16
      82: 12
      83: 16
      84: 9
      85: 10
      86: 8
      87: 9
      88: 8
      89: 7
      90: 7
      91: 14
      92: 8
      93: 11
      94: 15
      95: 10
      96: 9
      97: 9
      98: 15
      99: 13
      100: 12
      101: 15
      102: 8
      103: 17
      104: 15
      105: 16
      106: 10
      107: 8
      108: 9
      109: 8
      110: 8
      111: 8
      112: 7
      113: 8
      114: 7
      115: 7
      116: 14
      117: 13
      118: 14
      119: 12
      120: 11
      121: 7
      122: 14
      123: 6
      124: 10
      125: 7
      126: 15
      127: 9
      128: 16
      129: 9
      130: 8
      131: 8
      132: 6
      133: 7
      134: 7
      135: 13
      136: 7
      137: 12
      138: 14
      139: 6
      140: 7
      141: 8
      142: 6
      143: 7
      144: 10
      145: 9
      146: 7
      147: 11
      148: 8
      149: 6
      150: 13
      151: 5
      152: 6
      153: 16
      154: 15
      155: 5
      156: 13
      157: 14
      158: 14
      159: 12
      160: 11
      161: 6
      162: 5
      163: 9
      164: 6
      165: 10
      166: 6
      167: 5
      168: 10
      169: 5
      170: 16
      171: 5
      172: 13
      173: 12
      174: 15
      175: 14
      176: 7
      177: 8
      178: 6
      179: 9
      180: 9
      181: 4
      182: 4
      183: 4
      184: 4
      185: 5
      186: 10
      187: 16
      188: 11
      189: 5
      190: 15
      191: 6
      192: 6
      193: 8
      194: 5
      195: 7
      196: 4
      197: 3
      198: 12
      199: 3
      200: 14
      201: 13
      202: 16
      203: 15
      204: 11
      205: 3
      206: 9
      207: 7
      208: 3
      209: 6
      210: 10
      211: 4
      212: 11
      213: 8
      214: 5
      215: 4
      216: 12
      217: 13
      218: 5
      219: 14
      220: 6
      221: 2
      222: 5
      223: 2
      224: 5
      225: 15
      226: 3
      227: 16
      228: 4
      229: 3
      230: 11
      231: 9
      232: 3
      233: 7
      234: 4
      235: 10
      236: 8
      237: 12
      238: 13
      239: 14
      240: 15
      241: 7
      242: 6
      243: 16
      244: 5
      245: 9
      246: 4
      247: 2
      248: 10
      249: 1
      250: 2
      251: 2
      252: 3
      253: 3
      254: 3
      255: 11
      256: 12
      257: 8
      258: 9
      259: 10
      260: 4
      261: 7
      262: 3
      263: 15
      264: 14
      265: 13
      266: 1
      267: 2
      268: 4
      269: 12
      270: 6
      271: 11
      272: 5
      273: 2
      274: 0
      275: 3
      276: 1
      277: 10
      278: 3
      279: 7
      280: 9
      281: 4
      282: 8
      283: 13
      284: 12
      285: 15
      286: 14
      287: 2
      288: 3
      289: 1
      290: 4
      291: 1
      292: 5
      293: 6
      294: 2
      295: 7
      296: 8
      297: 3
      298: 9
      299: 10
      300: 4
      301: 11
      302: 12
      303: 13
      304: 2
      305: 5
      306: 3
      307: 13
      308: 14
      309: 3
      310: 14
      311: 5
      312: 15
      313: 4
      314: 6
      315: 3
      316: 4
      317: 14
      318: 2
      319: 3
      320: 8
      321: 7
      322: 9
      323: 3
      324: 11
      325: 12
      326: 3
      327: 10
      328: 5
      329: 13
      330: 4
      331: 5
      332: 7
      333: 15
      334: 6
      335: 16
      336: 9
      337: 14
      338: 12
      339: 13
      340: 8
      341: 5
      342: 11
      343: 11
      344: 10
      345: 4
      346: 5
      347: 4
      348: 4
      349: 9
      350: 3
      351: 3
      352: 3
      353: 8
      354: 16
      355: 6
      356: 7
      357: 15
      358: 14
      359: 5
      360: 10
      361: 6
      362: 13
      363: 5
      364: 4
      365: 5
      366: 9
      367: 10
      368: 4
      369: 4
      370: 11
      371: 16
      372: 12
      373: 15
      374: 14
      375: 13
      376: 11
      377: 4
      378: 4
      379: 5
      380: 6
      381: 6
    wellHops:
      0:
        0: 19
        1: 19
        2: 18
        3: 17
        4: 16
        5: 15
        6: 15
        7: 14
        8: 13
        9: 12
        10: 11
        11: 11
        12: 10
        13: 9
        14: 9
        15: 10
        16: 10
        17: 10
        18: 11
        19: 12
        20: 12
        21: 11
        22: 11
        23: 10
        24: 10
        25: 9
        26: 11
        27: 9
        28: 11
        29: 19
        30: 18
        31: 15
        32: 14
        33: 8
        34: 9
        35: 16
        36: 8
        37: 17
        38: 10
        39: 18
        40: 13
        41: 18
        42: 10
        43: 10
        44: 10
        45: 18
        46: 12
        47: 11
        48: 10
        49: 9
        50: 8
        51: 8
        52: 9
        53: 8
        54: 17
        55: 14
        56: 7
        57: 9
        58: 15
        59: 9
        60: 9
        61: 9
        62: 16
        63: 13
        64: 9
        65: 12
        66: 17
        67: 17
        68: 11
        69: 17
        70: 10
        71: 8
        72: 8
        73: 8
        74: 7
        75: 7
        76: 8
        77: 17
        78: 16
        79: 16
        80: 13
        81: 16
        82: 12
        83: 16
        84: 8
        85: 10
        86: 7
        87: 9
        88: 8
        89: 6
        90: 6
        91: 14
        92: 7
        93: 11
        94: 15
        95: 10
        96: 8
        97: 8
        98: 15
        99: 13
        100: 12
        101: 15
        102: 7
        103: 17
        104: 15
        105: 16
        106: 10
        107: 7
        108: 9
        109: 7
        110: 8
        111: 7
        112: 7
        113: 7
        114: 6
        115: 6
        116: 14
        117: 13
        118: 14
        119: 12
        120: 11
        121: 6
        122: 14
        123: 5
        124: 10
        125: 6
        126: 15
        127: 9
        128: 16
        129: 9
        130: 6
        131: 8
        132: 5
        133: 6
        134: 6
        135: 13
        136: 7
        137: 12
        138: 14
        139: 6
        140: 5
        141: 8
        142: 5
        143: 5
        144: 10
        145: 9
        146: 7
        147: 11
        148: 8
        149: 5
        150: 14
        151: 4
        152: 5
        153: 16
        154: 15
        155: 4
        156: 13
        157: 15
        158: 15
        159: 13
        160: 12
        161: 6
        162: 5
        163: 9
        164: 4
        165: 10
        166: 5
        167: 4
        168: 11
        169: 5
        170: 16
        171: 4
        172: 14
        173: 13
        174: 16
        175: 15
        176: 7
        177: 8
        178: 6
        179: 9
        180: 10
        181: 4
        182: 3
        183: 3
        184: 3
        185: 4
        186: 11
        187: 17
        188: 12
        189: 5
        190: 16
        191: 6
        192: 4
        193: 9
        194: 3
        195: 7
        196: 3
        197: 2
        198: 13
        199: 2
        200: 15
        201: 14
        202: 17
        203: 16
        204: 12
        205: 2
        206: 10
        207: 8
        208: 3
        209: 6
        210: 11
        211: 4
        212: 12
        213: 9
        214: 5
        215: 2
        216: 13
        217: 14
        218: 3
        219: 15
        220: 7
        221: 1
        222: 6
        223: 2
        224: 5
        225: 16
        226: 3
        227: 17
        228: 4
        229: 1
        230: 12
        231: 10
        232: 2
        233: 8
        234: 3
        235: 11
        236: 9
        237: 13
        238: 14
        239: 15
        240: 16
        241: 8
        242: 7
        243: 17
        244: 6
        245: 10
        246: 5
        247: 0
        248: 11
        249: 1
        250: 1
        251: 2
        252: 2
        253: 3
        254: 4
        255: 12
        256: 13
        257: 9
        258: 10
        259: 11
        260: 4
        261: 8
        262: 3
        263: 16
        264: 15
        265: 14
        266: 1
        267: 2
        268: 5
        269: 13
        270: 7
        271: 12
        272: 6
        273: 3
        274: 2
        275: 4
        276: 3
        277: 11
        278: 3
        279: 8
        280: 10
        281: 4
        282: 9
        283: 14
        284: 13
        285: 16
        286: 15
        287: 4
        288: 5
        289: 3
        290: 6
        291: 2
        292: 6
        293: 7
        294: 2
        295: 8
        296: 9
        297: 3
        298: 10
        299: 11
        300: 4
        301: 12
        302: 13
        303: 14
        304: 3
        305: 5
        306: 4
        307: 14
        308: 15
        309: 5
        310: 15
        311: 7
        312: 16
        313: 6
        314: 8
        315: 3
        316: 4
        317: 15
        318: 3
        319: 3
        320: 9
        321: 9
        322: 10
        323: 4
        324: 12
        325: 13
        326: 4
        327: 11
        328: 5
        329: 14
        330: 5
        331: 6
        332: 8
        333: 16
        334: 7
        335: 17
        336: 10
        337: 15
        338: 13
        339: 14
        340: 9
        341: 5
        342: 12
        343: 12
        344: 11
        345: 4
        346: 6
        347: 4
        348: 5
        349: 10
        350: 4
        351: 4
        352: 4
        353: 9
        354: 17
        355: 7
        356: 8
        357: 16
        358: 15
        359: 5
        360: 11
        361: 6
        362: 14
        363: 6
        364: 5
        365: 5
        366: 10
        367: 11
        368: 5
        369: 5
        370: 12
        371: 17
        372: 13
        373: 16
        374: 15
        375: 14
        376: 12
        377: 5
        378: 5
        379: 6
        380: 6
        381: 6
      1:
        0: 1
        1: 2
        2: 3
        3: 4
        4: 5
        5: 6
        6: 7
        7: 7
        8: 8
        9: 9
        10: 10
        11: 11
        12: 12
        13: 13
        14: 14
        15: 15
        16: 16
        17: 17
        18: 18
        19: 19
        20: 20
        21: 21
        22: 19
        23: 17
        24: 11
        25: 12
        26: 10
        27: 16
        28: 20
        29: 2
        30: 3
        31: 5
        32: 6
        33: 14
        34: 15
        35: 4
        36: 13
        37: 3
        38: 20
        39: 0
        40: 7
        41: 1
        42: 17
        43: 10
        44: 18
        45: 2
        46: 8
        47: 9
        48: 19
        49: 11
        50: 12
        51: 15
        52: 16
        53: 14
        54: 2
        55: 6
        56: 13
        57: 20
        58: 5
        59: 11
        60: 19
        61: 18
        62: 4
        63: 7
        64: 17
        65: 8
        66: 3
        67: 1
        68: 9
        69: 2
        70: 10
        71: 16
        72: 12
        73: 20
        74: 16
        75: 15
        76: 19
        77: 2
        78: 2
        79: 3
        80: 7
        81: 4
        82: 8
        83: 4
        84: 17
        85: 10
        86: 16
        87: 11
        88: 12
        89: 15
        90: 14
        91: 6
        92: 13
        93: 9
        94: 5
        95: 10
        96: 18
        97: 19
        98: 3
        99: 7
        100: 8
        101: 5
        102: 20
        103: 3
        104: 4
        105: 3
        106: 11
        107: 20
        108: 11
        109: 19
        110: 12
        111: 18
        112: 13
        113: 17
        114: 16
        115: 14
        116: 6
        117: 6
        118: 5
        119: 7
        120: 8
        121: 17
        122: 4
        123: 15
        124: 9
        125: 19
        126: 4
        127: 10
        128: 4
        129: 11
        130: 20
        131: 11
        132: 16
        133: 17
        134: 18
        135: 5
        136: 12
        137: 6
        138: 5
        139: 13
        140: 20
        141: 10
        142: 14
        143: 19
        144: 8
        145: 9
        146: 12
        147: 7
        148: 11
        149: 18
        150: 6
        151: 15
        152: 17
        153: 5
        154: 5
        155: 16
        156: 6
        157: 6
        158: 6
        159: 7
        160: 7
        161: 13
        162: 13
        163: 9
        164: 19
        165: 8
        166: 19
        167: 17
        168: 8
        169: 14
        170: 6
        171: 18
        172: 7
        173: 7
        174: 6
        175: 7
        176: 11
        177: 11
        178: 12
        179: 10
        180: 9
        181: 14
        182: 15
        183: 16
        184: 17
        185: 18
        186: 8
        187: 7
        188: 8
        189: 13
        190: 7
        191: 13
        192: 20
        193: 10
        194: 19
        195: 12
        196: 18
        197: 18
        198: 8
        199: 17
        200: 8
        201: 8
        202: 8
        203: 8
        204: 8
        205: 16
        206: 9
        207: 11
        208: 15
        209: 13
        210: 9
        211: 14
        212: 9
        213: 10
        214: 14
        215: 19
        216: 9
        217: 9
        218: 20
        219: 9
        220: 12
        221: 17
        222: 13
        223: 16
        224: 14
        225: 9
        226: 15
        227: 9
        228: 15
        229: 18
        230: 10
        231: 10
        232: 19
        233: 11
        234: 20
        235: 10
        236: 10
        237: 10
        238: 10
        239: 10
        240: 10
        241: 12
        242: 13
        243: 10
        244: 14
        245: 11
        246: 14
        247: 18
        248: 11
        249: 17
        250: 19
        251: 16
        252: 20
        253: 16
        254: 15
        255: 11
        256: 11
        257: 12
        258: 11
        259: 12
        260: 21
        261: 13
        262: 20
        263: 11
        264: 11
        265: 11
        266: 18
        267: 19
        268: 15
        269: 12
        270: 14
        271: 12
        272: 15
        273: 16
        274: 18
        275: 16
        276: 17
        277: 12
        278: 20
        279: 13
        280: 12
        281: 21
        282: 12
        283: 12
        284: 13
        285: 12
        286: 12
        287: 17
        288: 16
        289: 17
        290: 16
        291: 18
        292: 15
        293: 14
        294: 19
        295: 13
        296: 13
        297: 20
        298: 13
        299: 13
        300: 21
        301: 13
        302: 13
        303: 14
        304: 18
        305: 22
        306: 18
        307: 13
        308: 13
        309: 17
        310: 13
        311: 15
        312: 13
        313: 16
        314: 14
        315: 20
        316: 21
        317: 14
        318: 19
        319: 20
        320: 14
        321: 14
        322: 14
        323: 19
        324: 14
        325: 14
        326: 18
        327: 14
        328: 22
        329: 15
        330: 17
        331: 16
        332: 15
        333: 14
        334: 15
        335: 14
        336: 15
        337: 15
        338: 15
        339: 15
        340: 15
        341: 22
        342: 15
        343: 15
        344: 15
        345: 21
        346: 17
        347: 21
        348: 18
        349: 16
        350: 19
        351: 20
        352: 20
        353: 16
        354: 15
        355: 17
        356: 16
        357: 15
        358: 16
        359: 22
        360: 16
        361: 23
        362: 16
        363: 18
        364: 19
        365: 22
        366: 16
        367: 17
        368: 20
        369: 21
        370: 16
        371: 16
        372: 16
        373: 16
        374: 16
        375: 17
        376: 17
        377: 21
        378: 21
        379: 22
        380: 23
        381: 23
      2:
        0: 21
        1: 20
        2: 19
        3: 18
        4: 17
        5: 16
        6: 15
        7: 14
        8: 13
        9: 12
        10: 11
        11: 10
        12: 9
        13: 8
        14: 7
        15: 6
        16: 5
        17: 4
        18: 3
        19: 2
        20: 1
        21: 0
        22: 2
        23: 4
        24: 10
        25: 9
        26: 11
        27: 5
        28: 1
        29: 20
        30: 19
        31: 16
        32: 15
        33: 7
        34: 6
        35: 17
        36: 8
        37: 18
        38: 1
        39: 21
        40: 14
        41: 20
        42: 4
        43: 11
        44: 3
        45: 19
        46: 13
        47: 12
        48: 2
        49: 10
        50: 9
        51: 6
        52: 5
        53: 7
        54: 19
        55: 15
        56: 8
        57: 2
        58: 16
        59: 10
        60: 2
        61: 3
        62: 17
        63: 14
        64: 4
        65: 13
        66: 18
        67: 21
        68: 12
        69: 20
        70: 11
        71: 5
        72: 9
        73: 3
        74: 6
        75: 7
        76: 3
        77: 21
        78: 20
        79: 19
        80: 14
        81: 18
        82: 13
        83: 17
        84: 5
        85: 11
        86: 6
        87: 10
        88: 9
        89: 7
        90: 8
        91: 15
        92: 9
        93: 13
        94: 16
        95: 12
        96: 5
        97: 4
        98: 19
        99: 15
        100: 14
        101: 17
        102: 4
        103: 21
        104: 18
        105: 20
        106: 11
        107: 4
        108: 10
        109: 5
        110: 10
        111: 6
        112: 9
        113: 6
        114: 7
        115: 9
        116: 16
        117: 16
        118: 17
        119: 15
        120: 14
        121: 7
        122: 18
        123: 8
        124: 13
        125: 5
        126: 19
        127: 12
        128: 20
        129: 11
        130: 5
        131: 11
        132: 8
        133: 7
        134: 6
        135: 17
        136: 10
        137: 16
        138: 18
        139: 10
        140: 6
        141: 12
        142: 9
        143: 6
        144: 14
        145: 13
        146: 11
        147: 15
        148: 12
        149: 6
        150: 18
        151: 9
        152: 7
        153: 20
        154: 19
        155: 8
        156: 17
        157: 19
        158: 19
        159: 17
        160: 16
        161: 11
        162: 10
        163: 13
        164: 7
        165: 14
        166: 7
        167: 7
        168: 15
        169: 10
        170: 20
        171: 7
        172: 19
        173: 18
        174: 20
        175: 20
        176: 12
        177: 13
        178: 11
        179: 14
        180: 15
        181: 10
        182: 9
        183: 8
        184: 8
        185: 8
        186: 16
        187: 21
        188: 17
        189: 11
        190: 21
        191: 12
        192: 8
        193: 14
        194: 8
        195: 12
        196: 9
        197: 9
        198: 18
        199: 9
        200: 20
        201: 19
        202: 22
        203: 21
        204: 17
        205: 9
        206: 15
        207: 13
        208: 10
        209: 12
        210: 16
        211: 11
        212: 17
        213: 14
        214: 12
        215: 9
        216: 18
        217: 19
        218: 9
        219: 20
        220: 13
        221: 10
        222: 13
        223: 10
        224: 12
        225: 21
        226: 11
        227: 22
        228: 12
        229: 10
        230: 17
        231: 16
        232: 10
        233: 14
        234: 10
        235: 17
        236: 15
        237: 18
        238: 19
        239: 20
        240: 21
        241: 14
        242: 14
        243: 22
        244: 14
        245: 16
        246: 13
        247: 11
        248: 17
        249: 11
        250: 11
        251: 11
        252: 11
        253: 12
        254: 13
        255: 18
        256: 19
        257: 15
        258: 16
        259: 17
        260: 11
        261: 15
        262: 11
        263: 22
        264: 21
        265: 20
        266: 12
        267: 12
        268: 14
        269: 19
        270: 15
        271: 18
        272: 15
        273: 12
        274: 12
        275: 13
        276: 12
        277: 18
        278: 12
        279: 16
        280: 17
        281: 12
        282: 16
        283: 20
        284: 19
        285: 22
        286: 21
        287: 13
        288: 14
        289: 13
        290: 15
        291: 13
        292: 15
        293: 16
        294: 13
        295: 17
        296: 17
        297: 13
        298: 18
        299: 18
        300: 13
        301: 19
        302: 19
        303: 20
        304: 14
        305: 13
        306: 14
        307: 20
        308: 21
        309: 14
        310: 21
        311: 16
        312: 22
        313: 15
        314: 17
        315: 14
        316: 14
        317: 21
        318: 14
        319: 14
        320: 18
        321: 18
        322: 19
        323: 15
        324: 19
        325: 20
        326: 15
        327: 19
        328: 14
        329: 21
        330: 15
        331: 16
        332: 18
        333: 22
        334: 17
        335: 23
        336: 19
        337: 22
        338: 20
        339: 21
        340: 19
        341: 15
        342: 20
        343: 20
        344: 20
        345: 15
        346: 16
        347: 15
        348: 16
        349: 20
        350: 15
        351: 15
        352: 15
        353: 19
        354: 24
        355: 17
        356: 18
        357: 23
        358: 22
        359: 16
        360: 21
        361: 16
        362: 21
        363: 17
        364: 16
        365: 16
        366: 20
        367: 21
        368: 16
        369: 16
        370: 21
        371: 25
        372: 21
        373: 24
        374: 23
        375: 22
        376: 22
        377: 16
        378: 16
        379: 17
        380: 17
        381: 17
      3:
        0: 17
        1: 18
        2: 18
        3: 17
        4: 17
        5: 17
        6: 17
        7: 17
        8: 17
        9: 18
        10: 19
        11: 19
        12: 20
        13: 19
        14: 19
        15: 20
        16: 20
        17: 21
        18: 22
        19: 23
        20: 24
        21: 25
        22: 23
        23: 21
        24: 18
        25: 19
        26: 18
        27: 20
        28: 24
        29: 17
        30: 17
        31: 16
        32: 16
        33: 18
        34: 19
        35: 16
        36: 18
        37: 16
        38: 24
        39: 16
        40: 16
        41: 16
        42: 21
        43: 17
        44: 22
        45: 16
        46: 17
        47: 17
        48: 23
        49: 18
        50: 18
        51: 19
        52: 20
        53: 18
        54: 15
        55: 15
        56: 17
        57: 23
        58: 15
        59: 17
        60: 23
        61: 22
        62: 15
        63: 16
        64: 21
        65: 16
        66: 15
        67: 15
        68: 16
        69: 15
        70: 17
        71: 20
        72: 17
        73: 22
        74: 19
        75: 18
        76: 22
        77: 14
        78: 14
        79: 14
        80: 15
        81: 14
        82: 15
        83: 14
        84: 20
        85: 16
        86: 19
        87: 16
        88: 16
        89: 18
        90: 17
        91: 14
        92: 17
        93: 15
        94: 14
        95: 15
        96: 21
        97: 22
        98: 13
        99: 14
        100: 14
        101: 13
        102: 21
        103: 13
        104: 13
        105: 13
        106: 15
        107: 21
        108: 15
        109: 21
        110: 15
        111: 20
        112: 16
        113: 19
        114: 18
        115: 16
        116: 13
        117: 13
        118: 13
        119: 13
        120: 14
        121: 19
        122: 12
        123: 17
        124: 14
        125: 20
        126: 12
        127: 14
        128: 12
        129: 14
        130: 21
        131: 14
        132: 18
        133: 19
        134: 20
        135: 12
        136: 15
        137: 12
        138: 11
        139: 15
        140: 21
        141: 13
        142: 16
        143: 20
        144: 13
        145: 14
        146: 14
        147: 13
        148: 14
        149: 19
        150: 11
        151: 17
        152: 19
        153: 11
        154: 11
        155: 18
        156: 11
        157: 10
        158: 11
        159: 11
        160: 12
        161: 15
        162: 15
        163: 13
        164: 20
        165: 12
        166: 20
        167: 18
        168: 12
        169: 16
        170: 10
        171: 19
        172: 10
        173: 10
        174: 10
        175: 9
        176: 13
        177: 12
        178: 14
        179: 12
        180: 11
        181: 15
        182: 16
        183: 17
        184: 18
        185: 19
        186: 11
        187: 9
        188: 11
        189: 14
        190: 9
        191: 14
        192: 21
        193: 11
        194: 20
        195: 13
        196: 19
        197: 18
        198: 9
        199: 18
        200: 8
        201: 9
        202: 8
        203: 8
        204: 10
        205: 17
        206: 10
        207: 12
        208: 16
        209: 13
        210: 10
        211: 15
        212: 10
        213: 11
        214: 14
        215: 19
        216: 9
        217: 8
        218: 20
        219: 7
        220: 12
        221: 17
        222: 13
        223: 16
        224: 14
        225: 7
        226: 15
        227: 7
        228: 14
        229: 18
        230: 9
        231: 9
        232: 18
        233: 11
        234: 19
        235: 9
        236: 10
        237: 8
        238: 7
        239: 6
        240: 6
        241: 11
        242: 12
        243: 6
        244: 12
        245: 9
        246: 13
        247: 17
        248: 8
        249: 16
        250: 17
        251: 15
        252: 18
        253: 14
        254: 13
        255: 8
        256: 7
        257: 10
        258: 9
        259: 9
        260: 19
        261: 11
        262: 18
        263: 5
        264: 5
        265: 6
        266: 16
        267: 17
        268: 12
        269: 7
        270: 11
        271: 7
        272: 12
        273: 14
        274: 16
        275: 13
        276: 15
        277: 8
        278: 18
        279: 10
        280: 8
        281: 19
        282: 9
        283: 5
        284: 6
        285: 4
        286: 4
        287: 14
        288: 13
        289: 15
        290: 12
        291: 15
        292: 11
        293: 10
        294: 16
        295: 9
        296: 8
        297: 17
        298: 7
        299: 7
        300: 18
        301: 7
        302: 6
        303: 5
        304: 14
        305: 19
        306: 13
        307: 5
        308: 5
        309: 13
        310: 4
        311: 11
        312: 3
        313: 12
        314: 10
        315: 17
        316: 18
        317: 4
        318: 15
        319: 16
        320: 8
        321: 9
        322: 7
        323: 14
        324: 6
        325: 6
        326: 13
        327: 6
        328: 19
        329: 5
        330: 12
        331: 11
        332: 9
        333: 3
        334: 10
        335: 2
        336: 8
        337: 4
        338: 5
        339: 4
        340: 8
        341: 18
        342: 5
        343: 6
        344: 7
        345: 17
        346: 12
        347: 17
        348: 13
        349: 7
        350: 14
        351: 16
        352: 15
        353: 9
        354: 1
        355: 11
        356: 10
        357: 2
        358: 3
        359: 18
        360: 6
        361: 19
        362: 4
        363: 12
        364: 13
        365: 18
        366: 8
        367: 7
        368: 14
        369: 17
        370: 5
        371: 0
        372: 4
        373: 1
        374: 2
        375: 3
        376: 6
        377: 16
        378: 15
        379: 17
        380: 19
        381: 18
      4:
        0: 22
        1: 22
        2: 21
        3: 20
        4: 20
        5: 19
        6: 19
        7: 18
        8: 17
        9: 16
        10: 16
        11: 16
        12: 15
        13: 14
        14: 14
        15: 15
        16: 15
        17: 15
        18: 16
        19: 17
        20: 17
        21: 16
        22: 16
        23: 15
        24: 15
        25: 14
        26: 15
        27: 14
        28: 16
        29: 22
        30: 21
        31: 19
        32: 18
        33: 13
        34: 14
        35: 19
        36: 13
        37: 20
        38: 15
        39: 21
        40: 17
        41: 21
        42: 15
        43: 14
        44: 15
        45: 21
        46: 16
        47: 15
        48: 15
        49: 14
        50: 13
        51: 13
        52: 14
        53: 13
        54: 20
        55: 18
        56: 12
        57: 14
        58: 18
        59: 13
        60: 14
        61: 14
        62: 19
        63: 17
        64: 14
        65: 16
        66: 20
        67: 20
        68: 15
        69: 20
        70: 14
        71: 13
        72: 13
        73: 13
        74: 12
        75: 12
        76: 13
        77: 20
        78: 19
        79: 19
        80: 17
        81: 19
        82: 16
        83: 19
        84: 13
        85: 14
        86: 12
        87: 13
        88: 12
        89: 11
        90: 11
        91: 17
        92: 12
        93: 15
        94: 18
        95: 14
        96: 13
        97: 13
        98: 18
        99: 16
        100: 16
        101: 18
        102: 12
        103: 20
        104: 18
        105: 19
        106: 14
        107: 12
        108: 13
        109: 12
        110: 12
        111: 12
        112: 11
        113: 12
        114: 11
        115: 11
        116: 17
        117: 16
        118: 17
        119: 15
        120: 15
        121: 11
        122: 17
        123: 10
        124: 14
        125: 11
        126: 18
        127: 13
        128: 19
        129: 13
        130: 11
        131: 12
        132: 10
        133: 11
        134: 11
        135: 16
        136: 11
        137: 15
        138: 17
        139: 10
        140: 10
        141: 12
        142: 10
        143: 10
        144: 14
        145: 13
        146: 11
        147: 14
        148: 12
        149: 10
        150: 16
        151: 9
        152: 10
        153: 19
        154: 18
        155: 9
        156: 16
        157: 17
        158: 17
        159: 15
        160: 14
        161: 10
        162: 9
        163: 13
        164: 9
        165: 13
        166: 10
        167: 9
        168: 13
        169: 9
        170: 19
        171: 9
        172: 16
        173: 15
        174: 18
        175: 17
        176: 11
        177: 11
        178: 10
        179: 12
        180: 12
        181: 8
        182: 8
        183: 8
        184: 8
        185: 9
        186: 13
        187: 19
        188: 14
        189: 9
        190: 18
        191: 10
        192: 9
        193: 11
        194: 8
        195: 10
        196: 8
        197: 7
        198: 15
        199: 7
        200: 17
        201: 16
        202: 19
        203: 18
        204: 14
        205: 7
        206: 12
        207: 10
        208: 7
        209: 9
        210: 13
        211: 8
        212: 14
        213: 11
        214: 9
        215: 7
        216: 15
        217: 16
        218: 8
        219: 17
        220: 9
        221: 6
        222: 8
        223: 6
        224: 8
        225: 17
        226: 7
        227: 18
        228: 7
        229: 6
        230: 14
        231: 12
        232: 6
        233: 10
        234: 7
        235: 13
        236: 11
        237: 15
        238: 16
        239: 16
        240: 17
        241: 9
        242: 8
        243: 18
        244: 7
        245: 12
        246: 7
        247: 5
        248: 13
        249: 5
        250: 5
        251: 6
        252: 6
        253: 6
        254: 6
        255: 14
        256: 15
        257: 10
        258: 11
        259: 12
        260: 7
        261: 9
        262: 6
        263: 17
        264: 16
        265: 15
        266: 4
        267: 5
        268: 6
        269: 14
        270: 8
        271: 13
        272: 7
        273: 5
        274: 4
        275: 5
        276: 5
        277: 12
        278: 6
        279: 9
        280: 11
        281: 6
        282: 10
        283: 15
        284: 14
        285: 17
        286: 16
        287: 4
        288: 5
        289: 4
        290: 6
        291: 3
        292: 7
        293: 8
        294: 4
        295: 9
        296: 10
        297: 5
        298: 11
        299: 12
        300: 5
        301: 13
        302: 14
        303: 14
        304: 3
        305: 5
        306: 4
        307: 15
        308: 15
        309: 5
        310: 15
        311: 7
        312: 16
        313: 6
        314: 8
        315: 4
        316: 4
        317: 14
        318: 2
        319: 3
        320: 9
        321: 8
        322: 10
        323: 3
        324: 12
        325: 13
        326: 4
        327: 11
        328: 5
        329: 13
        330: 5
        331: 6
        332: 7
        333: 15
        334: 7
        335: 16
        336: 9
        337: 14
        338: 12
        339: 13
        340: 8
        341: 4
        342: 11
        343: 11
        344: 10
        345: 3
        346: 5
        347: 2
        348: 4
        349: 9
        350: 3
        351: 1
        352: 2
        353: 7
        354: 16
        355: 5
        356: 6
        357: 15
        358: 14
        359: 3
        360: 10
        361: 4
        362: 13
        363: 4
        364: 3
        365: 2
        366: 8
        367: 9
        368: 2
        369: 1
        370: 11
        371: 16
        372: 12
        373: 15
        374: 14
        375: 13
        376: 10
        377: 0
        378: 1
        379: 1
        380: 3
        381: 2
    city:
      seed: 3
      preset: 'river'
      tw: 800
      th: 800
      profile: 'riverside-v1'
    engineer:
      x: 421.5
      y: 638.5
      block: 356
      hp: 100
      lastHit: -999
      down: -1
      inv:
      reach: 8
      truck: false
      truckFound: false
      dest: -1
      remaining: 0
      vel:
        0: 0
        1: 0
      target: ~
      firing: -1
      barrels: 1
      cooldown: 0
      walked: 0
      walkedHour:
      fired: 0
      firstShot: -1
      hurt: 0
      downs: 0
      kills: 0
      stamina: 1
      sprint: false
      dash: 0
      dashDir:
        0: 1
        1: 0
      dashCooldown: 0
      face:
        0: 1
        1: 0
      aim: ~
      shots:
      iframes: 0
      shootS: 0
      shootHour:
      shotAt: -1
      danger: 0
      dangerHour:
      dangerShot: 0
    ring:
    edgeAt:
      0: -1
      1: -1
      2: -1
      3: -1
      4: -1
      5: -1
      6: -1
      7: -1
      8: -1
      9: -1
      10: -1
      11: -1
      12: -1
      13: -1
      14: -1
      15: -1
      16: -1
      17: -1
      18: -1
      19: -1
      20: -1
      21: -1
      22: -1
      23: -1
      24: -1
      25: -1
      26: -1
      27: -1
      28: -1
      29: -1
      30: -1
      31: -1
      32: -1
      33: -1
      34: -1
      35: -1
      36: -1
      37: -1
      38: -1
      39: -1
      40: -1
      41: -1
      42: -1
      43: -1
      44: -1
      45: -1
      46: -1
      47: -1
      48: -1
      49: -1
      50: -1
      51: -1
      52: -1
      53: -1
      54: -1
      55: -1
      56: -1
      57: -1
      58: -1
      59: -1
      60: -1
      61: -1
      62: -1
      63: -1
      64: -1
      65: -1
      66: -1
      67: -1
      68: -1
      69: -1
      70: -1
      71: -1
      72: -1
      73: -1
      74: -1
      75: -1
      76: -1
      77: -1
      78: -1
      79: -1
      80: -1
      81: -1
      82: -1
      83: -1
      84: -1
      85: -1
      86: -1
      87: -1
      88: -1
      89: -1
      90: -1
      91: -1
      92: -1
      93: -1
      94: -1
      95: -1
      96: -1
      97: -1
      98: -1
      99: -1
      100: -1
      101: -1
      102: -1
      103: -1
      104: -1
      105: -1
      106: -1
      107: -1
      108: -1
      109: -1
      110: -1
      111: -1
      112: -1
      113: -1
      114: -1
      115: -1
      116: -1
      117: -1
      118: -1
      119: -1
      120: -1
      121: -1
      122: -1
      123: -1
      124: -1
      125: -1
      126: -1
      127: -1
      128: -1
      129: -1
      130: -1
      131: -1
      132: -1
      133: -1
      134: -1
      135: -1
      136: -1
      137: -1
      138: -1
      139: -1
      140: -1
      141: -1
      142: -1
      143: -1
      144: -1
      145: -1
      146: -1
      147: -1
      148: -1
      149: -1
      150: -1
      151: -1
      152: -1
      153: -1
      154: -1
      155: -1
      156: -1
      157: -1
      158: -1
      159: -1
      160: -1
      161: -1
      162: -1
      163: -1
      164: -1
      165: -1
      166: -1
      167: -1
      168: -1
      169: -1
      170: -1
      171: -1
      172: -1
      173: -1
      174: -1
      175: -1
      176: -1
      177: -1
      178: -1
      179: -1
      180: -1
      181: -1
      182: -1
      183: -1
      184: -1
      185: -1
      186: -1
      187: -1
      188: -1
      189: -1
      190: -1
      191: -1
      192: -1
      193: -1
      194: -1
      195: -1
      196: -1
      197: -1
      198: -1
      199: -1
      200: -1
      201: -1
      202: -1
      203: -1
      204: -1
      205: -1
      206: -1
      207: -1
      208: -1
      209: -1
      210: -1
      211: -1
      212: -1
      213: -1
      214: -1
      215: -1
      216: -1
      217: -1
      218: -1
      219: -1
      220: -1
      221: -1
      222: -1
      223: -1
      224: -1
      225: -1
      226: -1
      227: -1
      228: -1
      229: -1
      230: -1
      231: -1
      232: -1
      233: -1
      234: -1
      235: -1
      236: -1
      237: -1
      238: -1
      239: -1
      240: -1
      241: -1
      242: -1
      243: -1
      244: -1
      245: -1
      246: -1
      247: -1
      248: -1
      249: -1
      250: -1
      251: -1
      252: -1
      253: -1
      254: -1
      255: -1
      256: -1
      257: -1
      258: -1
      259: -1
      260: -1
      261: -1
      262: -1
      263: -1
      264: -1
      265: -1
      266: -1
      267: -1
      268: -1
      269: -1
      270: -1
      271: -1
      272: -1
      273: -1
      274: -1
      275: -1
      276: -1
      277: -1
      278: -1
      279: -1
      280: -1
      281: -1
      282: -1
      283: -1
      284: -1
      285: -1
      286: -1
      287: -1
      288: -1
      289: -1
      290: -1
      291: -1
      292: -1
      293: -1
      294: -1
      295: -1
      296: -1
      297: -1
      298: -1
      299: -1
      300: -1
      301: -1
      302: -1
      303: -1
      304: -1
      305: -1
      306: -1
      307: -1
      308: -1
      309: -1
      310: -1
      311: -1
      312: -1
      313: -1
      314: -1
      315: -1
      316: -1
      317: -1
      318: -1
      319: -1
      320: -1
      321: -1
      322: -1
      323: -1
      324: -1
      325: -1
      326: -1
      327: -1
      328: -1
      329: -1
      330: -1
      331: -1
      332: -1
      333: -1
      334: -1
      335: -1
      336: -1
      337: -1
      338: -1
      339: -1
      340: -1
      341: -1
      342: -1
      343: -1
      344: -1
      345: -1
      346: -1
      347: -1
      348: -1
      349: -1
      350: -1
      351: -1
      352: -1
      353: -1
      354: -1
      355: -1
      356: -1
      357: -1
      358: -1
      359: -1
      360: -1
      361: -1
      362: -1
      363: -1
      364: -1
      365: -1
      366: -1
      367: -1
      368: -1
      369: -1
      370: -1
      371: -1
      372: -1
      373: -1
      374: -1
      375: -1
      376: -1
      377: -1
      378: -1
      379: -1
      380: -1
      381: -1
      382: -1
      383: -1
      384: -1
      385: -1
      386: -1
      387: -1
      388: -1
      389: -1
      390: -1
      391: -1
      392: -1
      393: -1
      394: -1
      395: -1
      396: -1
      397: -1
      398: -1
      399: -1
      400: -1
      401: -1
      402: -1
      403: -1
      404: -1
      405: -1
      406: -1
      407: -1
      408: -1
      409: -1
      410: -1
      411: -1
      412: -1
      413: -1
      414: -1
      415: -1
      416: -1
      417: -1
      418: -1
      419: -1
      420: -1
      421: -1
      422: -1
      423: -1
      424: -1
      425: -1
      426: -1
      427: -1
      428: -1
      429: -1
      430: -1
      431: -1
      432: -1
      433: -1
      434: -1
      435: -1
      436: -1
      437: -1
      438: -1
      439: -1
      440: -1
      441: -1
      442: -1
      443: -1
      444: -1
      445: -1
      446: -1
      447: -1
      448: -1
      449: -1
      450: -1
      451: -1
      452: -1
      453: -1
      454: -1
      455: -1
      456: -1
      457: -1
      458: -1
      459: -1
      460: -1
      461: -1
      462: -1
      463: -1
      464: -1
      465: -1
      466: -1
      467: -1
      468: -1
      469: -1
      470: -1
      471: -1
      472: -1
      473: -1
      474: -1
      475: -1
      476: -1
      477: -1
      478: -1
      479: -1
      480: -1
      481: -1
      482: -1
      483: -1
      484: -1
      485: -1
      486: -1
      487: -1
      488: -1
      489: -1
      490: -1
      491: -1
      492: -1
      493: -1
      494: -1
      495: -1
      496: -1
      497: -1
      498: -1
      499: -1
      500: -1
      501: -1
      502: -1
      503: -1
      504: -1
      505: -1
      506: -1
      507: -1
      508: -1
      509: -1
      510: -1
      511: -1
      512: -1
      513: -1
      514: -1
      515: -1
      516: -1
      517: -1
      518: -1
      519: -1
      520: -1
      521: -1
      522: -1
      523: -1
      524: -1
      525: -1
      526: -1
      527: -1
      528: -1
      529: -1
      530: -1
      531: -1
      532: -1
      533: -1
      534: -1
      535: -1
      536: -1
      537: -1
      538: -1
      539: -1
      540: -1
      541: -1
      542: -1
      543: -1
      544: -1
      545: -1
      546: -1
      547: -1
      548: -1
      549: -1
      550: -1
      551: -1
      552: -1
      553: -1
      554: -1
      555: -1
      556: -1
      557: -1
      558: -1
      559: -1
      560: -1
      561: -1
      562: -1
      563: -1
      564: -1
      565: -1
      566: -1
      567: -1
      568: -1
      569: -1
      570: -1
      571: -1
      572: -1
      573: -1
      574: -1
      575: -1
      576: -1
      577: -1
      578: -1
      579: -1
      580: -1
      581: -1
      582: -1
      583: -1
      584: -1
      585: -1
      586: -1
      587: -1
      588: -1
      589: -1
      590: -1
      591: -1
      592: -1
      593: -1
      594: -1
      595: -1
      596: -1
      597: -1
      598: -1
      599: -1
      600: -1
      601: -1
      602: -1
      603: -1
      604: -1
      605: -1
      606: -1
      607: -1
      608: -1
      609: -1
      610: -1
      611: -1
      612: -1
      613: -1
      614: -1
      615: -1
      616: -1
      617: -1
      618: -1
      619: -1
      620: -1
      621: -1
      622: -1
      623: -1
      624: -1
      625: -1
      626: -1
      627: -1
      628: -1
      629: -1
      630: -1
      631: -1
      632: -1
      633: -1
      634: -1
      635: -1
      636: -1
      637: -1
      638: -1
      639: -1
      640: -1
      641: -1
      642: -1
      643: -1
      644: -1
      645: -1
      646: -1
      647: -1
      648: -1
      649: -1
      650: -1
      651: -1
      652: -1
      653: -1
      654: -1
      655: -1
      656: -1
      657: -1
      658: -1
      659: -1
      660: -1
      661: -1
      662: -1
      663: -1
      664: -1
      665: -1
      666: -1
      667: -1
      668: -1
      669: -1
      670: -1
      671: -1
      672: -1
      673: -1
      674: -1
      675: -1
      676: -1
      677: -1
      678: -1
      679: -1
      680: -1
      681: -1
      682: -1
      683: -1
      684: -1
      685: -1
      686: -1
      687: -1
      688: -1
      689: -1
      690: -1
      691: -1
      692: -1
      693: -1
      694: -1
      695: -1
      696: -1
      697: -1
      698: -1
      699: -1
      700: -1
      701: -1
      702: -1
      703: -1
      704: -1
      705: -1
      706: -1
      707: -1
      708: -1
      709: -1
      710: -1
      711: -1
      712: -1
      713: -1
      714: -1
      715: -1
      716: -1
      717: -1
      718: -1
      719: -1
      720: -1
      721: -1
      722: -1
      723: -1
      724: -1
      725: -1
      726: -1
      727: -1
      728: -1
      729: -1
      730: -1
      731: -1
      732: -1
      733: -1
      734: -1
      735: -1
      736: -1
      737: -1
      738: -1
      739: -1
      740: -1
      741: -1
      742: -1
      743: -1
      744: -1
      745: -1
      746: -1
      747: -1
      748: -1
      749: -1
      750: -1
      751: -1
      752: -1
      753: -1
      754: -1
      755: -1
      756: -1
      757: -1
      758: -1
      759: -1
      760: -1
      761: -1
      762: -1
      763: -1
      764: -1
      765: -1
      766: -1
      767: -1
      768: -1
      769: -1
      770: -1
      771: -1
      772: -1
      773: -1
      774: -1
      775: -1
      776: -1
      777: -1
      778: -1
      779: -1
      780: -1
      781: -1
      782: -1
      783: -1
      784: -1
      785: -1
      786: -1
      787: -1
      788: -1
      789: -1
      790: -1
      791: -1
      792: -1
      793: -1
      794: -1
      795: -1
      796: -1
      797: -1
      798: -1
      799: -1
      800: -1
      801: -1
      802: -1
      803: -1
      804: -1
      805: -1
      806: -1
      807: -1
      808: -1
      809: -1
      810: -1
      811: -1
      812: -1
      813: -1
      814: -1
      815: -1
      816: -1
      817: -1
      818: -1
      819: -1
      820: -1
      821: -1
      822: -1
      823: -1
      824: -1
      825: -1
      826: -1
      827: -1
      828: -1
      829: -1
      830: -1
      831: -1
      832: -1
      833: -1
      834: -1
      835: -1
      836: -1
      837: -1
      838: -1
      839: -1
      840: -1
      841: -1
      842: -1
      843: -1
      844: -1
      845: -1
      846: -1
      847: -1
      848: -1
      849: -1
      850: -1
      851: -1
      852: -1
      853: -1
      854: -1
      855: -1
      856: -1
      857: -1
      858: -1
      859: -1
      860: -1
      861: -1
      862: -1
      863: -1
      864: -1
      865: -1
      866: -1
      867: -1
      868: -1
      869: -1
      870: -1
      871: -1
      872: -1
      873: -1
      874: -1
      875: -1
      876: -1
      877: -1
      878: -1
      879: -1
      880: -1
      881: -1
      882: -1
      883: -1
      884: -1
      885: -1
      886: -1
      887: -1
      888: -1
      889: -1
      890: -1
      891: -1
      892: -1
      893: -1
      894: -1
      895: -1
      896: -1
      897: -1
      898: -1
      899: -1
      900: -1
      901: -1
      902: -1
      903: -1
      904: -1
      905: -1
      906: -1
      907: -1
      908: -1
      909: -1
      910: -1
      911: -1
      912: -1
      913: -1
      914: -1
      915: -1
      916: -1
      917: -1
      918: -1
      919: -1
      920: -1
      921: -1
      922: -1
      923: -1
      924: -1
      925: -1
      926: -1
      927: -1
      928: -1
      929: -1
      930: -1
      931: -1
      932: -1
      933: -1
      934: -1
      935: -1
      936: -1
      937: -1
      938: -1
      939: -1
      940: -1
      941: -1
      942: -1
      943: -1
      944: -1
      945: -1
      946: -1
      947: -1
      948: -1
      949: -1
      950: -1
      951: -1
      952: -1
      953: -1
      954: -1
      955: -1
      956: -1
      957: -1
      958: -1
      959: -1
      960: -1
      961: -1
      962: -1
      963: -1
      964: -1
      965: -1
      966: -1
      967: -1
      968: -1
      969: -1
      970: -1
      971: -1
      972: -1
      973: -1
      974: -1
      975: -1
      976: -1
      977: -1
      978: -1
      979: -1
      980: -1
      981: -1
      982: -1
      983: -1
      984: -1
      985: -1
      986: -1
      987: -1
      988: -1
      989: -1
      990: -1
      991: -1
      992: -1
      993: -1
      994: -1
      995: -1
      996: -1
      997: -1
      998: -1
      999: -1
      1000: -1
      1001: -1
      1002: -1
      1003: -1
      1004: -1
      1005: -1
      1006: -1
      1007: -1
      1008: -1
      1009: -1
      1010: -1
      1011: -1
      1012: -1
      1013: -1
      1014: -1
      1015: -1
      1016: -1
      1017: -1
      1018: -1
      1019: -1
      1020: -1
      1021: -1
      1022: -1
      1023: -1
      1024: -1
      1025: -1
      1026: -1
      1027: -1
      1028: -1
      1029: -1
      1030: -1
      1031: -1
      1032: -1
      1033: -1
      1034: -1
      1035: -1
      1036: -1
      1037: -1
      1038: -1
      1039: -1
      1040: -1
      1041: -1
      1042: -1
      1043: -1
      1044: -1
      1045: -1
      1046: -1
      1047: -1
      1048: -1
      1049: -1
      1050: -1
      1051: -1
      1052: -1
      1053: -1
      1054: -1
      1055: -1
      1056: -1
      1057: -1
      1058: -1
      1059: -1
      1060: -1
      1061: -1
      1062: -1
      1063: -1
      1064: -1
      1065: -1
      1066: -1
      1067: -1
      1068: -1
      1069: -1
      1070: -1
      1071: -1
      1072: -1
      1073: -1
      1074: -1
      1075: -1
      1076: -1
      1077: -1
      1078: -1
      1079: -1
      1080: -1
      1081: -1
      1082: -1
      1083: -1
      1084: -1
      1085: -1
      1086: -1
      1087: -1
      1088: -1
      1089: -1
      1090: -1
      1091: -1
      1092: -1
      1093: -1
      1094: -1
      1095: -1
      1096: -1
      1097: -1
      1098: -1
      1099: -1
      1100: -1
      1101: -1
      1102: -1
      1103: -1
      1104: -1
      1105: -1
      1106: -1
      1107: -1
      1108: -1
      1109: -1
      1110: -1
      1111: -1
      1112: -1
      1113: -1
      1114: -1
      1115: -1
      1116: -1
      1117: -1
      1118: -1
      1119: -1
      1120: -1
      1121: -1
      1122: -1
      1123: -1
      1124: -1
      1125: -1
      1126: -1
      1127: -1
      1128: -1
      1129: -1
      1130: -1
      1131: -1
      1132: -1
      1133: -1
      1134: -1
      1135: -1
      1136: -1
      1137: -1
      1138: -1
      1139: -1
      1140: -1
      1141: -1
      1142: -1
      1143: -1
      1144: -1
      1145: -1
      1146: -1
      1147: -1
      1148: -1
      1149: -1
      1150: -1
      1151: -1
      1152: -1
      1153: -1
      1154: -1
      1155: -1
      1156: -1
      1157: -1
      1158: -1
      1159: -1
      1160: -1
      1161: -1
      1162: -1
      1163: -1
      1164: -1
      1165: -1
      1166: -1
      1167: -1
      1168: -1
      1169: -1
      1170: -1
      1171: -1
      1172: -1
      1173: -1
      1174: -1
      1175: -1
      1176: -1
      1177: -1
      1178: -1
      1179: -1
      1180: -1
      1181: -1
      1182: -1
      1183: -1
      1184: -1
      1185: -1
      1186: -1
      1187: -1
      1188: -1
      1189: -1
      1190: -1
      1191: -1
      1192: -1
      1193: -1
      1194: -1
      1195: -1
      1196: -1
      1197: -1
      1198: -1
      1199: -1
      1200: -1
      1201: -1
      1202: -1
      1203: -1
      1204: -1
      1205: -1
      1206: -1
      1207: -1
      1208: -1
      1209: -1
      1210: -1
      1211: -1
      1212: -1
      1213: -1
      1214: -1
      1215: -1
      1216: -1
      1217: -1
      1218: -1
      1219: -1
      1220: -1
      1221: -1
      1222: -1
      1223: -1
      1224: -1
      1225: -1
      1226: -1
      1227: -1
      1228: -1
      1229: -1
      1230: -1
      1231: -1
      1232: -1
      1233: -1
      1234: -1
      1235: -1
      1236: -1
      1237: -1
      1238: -1
      1239: -1
      1240: -1
      1241: -1
      1242: -1
      1243: -1
      1244: -1
      1245: -1
      1246: -1
      1247: -1
      1248: -1
      1249: -1
      1250: -1
      1251: -1
      1252: -1
      1253: -1
      1254: -1
      1255: -1
      1256: -1
      1257: -1
      1258: -1
      1259: -1
      1260: -1
      1261: -1
      1262: -1
      1263: -1
      1264: -1
      1265: -1
      1266: -1
      1267: -1
      1268: -1
      1269: -1
      1270: -1
      1271: -1
      1272: -1
      1273: -1
      1274: -1
      1275: -1
      1276: -1
      1277: -1
      1278: -1
      1279: -1
      1280: -1
      1281: -1
      1282: -1
      1283: -1
      1284: -1
      1285: -1
      1286: -1
      1287: -1
      1288: -1
      1289: -1
      1290: -1
      1291: -1
      1292: -1
      1293: -1
      1294: -1
      1295: -1
      1296: -1
      1297: -1
      1298: -1
      1299: -1
      1300: -1
      1301: -1
      1302: -1
      1303: -1
      1304: -1
      1305: -1
      1306: -1
      1307: -1
      1308: -1
      1309: -1
      1310: -1
      1311: -1
      1312: -1
      1313: -1
      1314: -1
      1315: -1
      1316: -1
      1317: -1
      1318: -1
      1319: -1
      1320: -1
      1321: -1
      1322: -1
      1323: -1
      1324: -1
      1325: -1
      1326: -1
      1327: -1
      1328: -1
      1329: -1
      1330: -1
      1331: -1
      1332: -1
      1333: -1
      1334: -1
      1335: -1
      1336: -1
      1337: -1
      1338: -1
      1339: -1
      1340: -1
      1341: -1
      1342: -1
      1343: -1
      1344: -1
      1345: -1
      1346: -1
      1347: -1
      1348: -1
      1349: -1
      1350: -1
      1351: -1
      1352: -1
      1353: -1
      1354: -1
      1355: -1
      1356: -1
      1357: -1
      1358: -1
      1359: -1
      1360: -1
      1361: -1
      1362: -1
      1363: -1
      1364: -1
      1365: -1
      1366: -1
      1367: -1
      1368: -1
      1369: -1
      1370: -1
      1371: -1
      1372: -1
      1373: -1
      1374: -1
      1375: -1
      1376: -1
      1377: -1
      1378: -1
      1379: -1
      1380: -1
      1381: -1
      1382: -1
      1383: -1
      1384: -1
      1385: -1
      1386: -1
      1387: -1
      1388: -1
      1389: -1
      1390: -1
      1391: -1
      1392: -1
      1393: -1
      1394: -1
      1395: -1
      1396: -1
      1397: -1
      1398: -1
      1399: -1
      1400: -1
      1401: -1
      1402: -1
      1403: -1
      1404: -1
      1405: -1
      1406: -1
      1407: -1
      1408: -1
      1409: -1
      1410: -1
      1411: -1
      1412: -1
      1413: -1
      1414: -1
      1415: -1
      1416: -1
      1417: -1
      1418: -1
      1419: -1
      1420: -1
      1421: -1
      1422: -1
      1423: -1
      1424: -1
      1425: -1
      1426: -1
      1427: -1
      1428: -1
      1429: -1
      1430: -1
      1431: -1
      1432: -1
      1433: -1
      1434: -1
      1435: -1
      1436: -1
      1437: -1
      1438: -1
      1439: -1
      1440: -1
      1441: -1
      1442: -1
      1443: -1
      1444: -1
      1445: -1
      1446: -1
      1447: -1
      1448: -1
      1449: -1
      1450: -1
      1451: -1
      1452: -1
      1453: -1
      1454: -1
      1455: -1
      1456: -1
      1457: -1
      1458: -1
      1459: -1
      1460: -1
      1461: -1
      1462: -1
      1463: -1
      1464: -1
      1465: -1
      1466: -1
      1467: -1
      1468: -1
      1469: -1
      1470: -1
      1471: -1
      1472: -1
      1473: -1
      1474: -1
      1475: -1
      1476: -1
      1477: -1
      1478: -1
      1479: -1
      1480: -1
      1481: -1
      1482: -1
      1483: -1
      1484: -1
      1485: -1
      1486: -1
      1487: -1
      1488: -1
      1489: -1
      1490: -1
      1491: -1
      1492: -1
      1493: -1
      1494: -1
      1495: -1
      1496: -1
      1497: -1
      1498: -1
      1499: -1
      1500: -1
      1501: -1
      1502: -1
      1503: -1
      1504: -1
      1505: -1
      1506: -1
      1507: -1
      1508: -1
      1509: -1
      1510: -1
      1511: -1
      1512: -1
      1513: -1
      1514: -1
      1515: -1
      1516: -1
      1517: -1
      1518: -1
      1519: -1
      1520: -1
      1521: -1
      1522: -1
      1523: -1
      1524: -1
      1525: -1
      1526: -1
      1527: -1
      1528: -1
      1529: -1
      1530: -1
      1531: -1
      1532: -1
      1533: -1
      1534: -1
      1535: -1
      1536: -1
      1537: -1
      1538: -1
      1539: -1
      1540: -1
      1541: -1
      1542: -1
      1543: -1
      1544: -1
      1545: -1
      1546: -1
      1547: -1
      1548: -1
      1549: -1
      1550: -1
      1551: -1
      1552: -1
      1553: -1
      1554: -1
      1555: -1
      1556: -1
      1557: -1
      1558: -1
      1559: -1
      1560: -1
      1561: -1
      1562: -1
      1563: -1
      1564: -1
      1565: -1
      1566: -1
      1567: -1
      1568: -1
      1569: -1
      1570: -1
      1571: -1
      1572: -1
      1573: -1
      1574: -1
      1575: -1
      1576: -1
      1577: -1
      1578: -1
      1579: -1
      1580: -1
      1581: -1
      1582: -1
      1583: -1
      1584: -1
      1585: -1
      1586: -1
      1587: -1
      1588: -1
      1589: -1
      1590: -1
      1591: -1
      1592: -1
      1593: -1
      1594: -1
      1595: -1
      1596: -1
      1597: -1
      1598: -1
      1599: -1
      1600: -1
      1601: -1
      1602: -1
      1603: -1
      1604: -1
      1605: -1
      1606: -1
      1607: -1
      1608: -1
      1609: -1
      1610: -1
      1611: -1
      1612: -1
      1613: -1
      1614: -1
      1615: -1
      1616: -1
      1617: -1
      1618: -1
      1619: -1
      1620: -1
      1621: -1
      1622: -1
      1623: -1
      1624: -1
      1625: -1
      1626: -1
      1627: -1
      1628: -1
      1629: -1
      1630: -1
      1631: -1
      1632: -1
      1633: -1
      1634: -1
      1635: -1
      1636: -1
      1637: -1
      1638: -1
      1639: -1
      1640: -1
      1641: -1
      1642: -1
      1643: -1
      1644: -1
      1645: -1
      1646: -1
      1647: -1
      1648: -1
      1649: -1
      1650: -1
      1651: -1
      1652: -1
      1653: -1
      1654: -1
      1655: -1
      1656: -1
      1657: -1
      1658: -1
      1659: -1
      1660: -1
      1661: -1
      1662: -1
      1663: -1
      1664: -1
      1665: -1
      1666: -1
      1667: -1
      1668: -1
      1669: -1
      1670: -1
      1671: -1
      1672: -1
      1673: -1
      1674: -1
      1675: -1
      1676: -1
      1677: -1
      1678: -1
      1679: -1
      1680: -1
      1681: -1
      1682: -1
      1683: -1
      1684: -1
      1685: -1
      1686: -1
      1687: -1
      1688: -1
      1689: -1
      1690: -1
      1691: -1
      1692: -1
      1693: -1
      1694: -1
      1695: -1
      1696: -1
      1697: -1
      1698: -1
      1699: -1
      1700: -1
      1701: -1
      1702: -1
      1703: -1
      1704: -1
      1705: -1
      1706: -1
      1707: -1
      1708: -1
      1709: -1
      1710: -1
      1711: -1
      1712: -1
      1713: -1
      1714: -1
      1715: -1
      1716: -1
      1717: -1
      1718: -1
      1719: -1
      1720: -1
      1721: -1
      1722: -1
      1723: -1
      1724: -1
      1725: -1
      1726: -1
      1727: -1
      1728: -1
      1729: -1
      1730: -1
      1731: -1
      1732: -1
      1733: -1
      1734: -1
      1735: -1
      1736: -1
      1737: -1
      1738: -1
      1739: -1
      1740: -1
      1741: -1
      1742: -1
      1743: -1
      1744: -1
      1745: -1
      1746: -1
      1747: -1
      1748: -1
      1749: -1
      1750: -1
      1751: -1
      1752: -1
      1753: -1
      1754: -1
      1755: -1
      1756: -1
      1757: -1
      1758: -1
      1759: -1
      1760: -1
      1761: -1
      1762: -1
      1763: -1
      1764: -1
      1765: -1
      1766: -1
      1767: -1
      1768: -1
      1769: -1
      1770: -1
      1771: -1
      1772: -1
      1773: -1
      1774: -1
      1775: -1
      1776: -1
      1777: -1
      1778: -1
      1779: -1
      1780: -1
      1781: -1
      1782: -1
      1783: -1
      1784: -1
      1785: -1
      1786: -1
      1787: -1
      1788: -1
      1789: -1
      1790: -1
      1791: -1
      1792: -1
      1793: -1
      1794: -1
      1795: -1
      1796: -1
      1797: -1
      1798: -1
      1799: -1
      1800: -1
      1801: -1
      1802: -1
      1803: -1
      1804: -1
      1805: -1
      1806: -1
      1807: -1
      1808: -1
      1809: -1
      1810: -1
      1811: -1
      1812: -1
      1813: -1
      1814: -1
      1815: -1
      1816: -1
      1817: -1
      1818: -1
      1819: -1
      1820: -1
      1821: -1
      1822: -1
      1823: -1
      1824: -1
      1825: -1
      1826: -1
      1827: -1
      1828: -1
      1829: -1
      1830: -1
      1831: -1
      1832: -1
      1833: -1
      1834: -1
      1835: -1
      1836: -1
      1837: -1
      1838: -1
      1839: -1
      1840: -1
      1841: -1
      1842: -1
      1843: -1
      1844: -1
      1845: -1
      1846: -1
      1847: -1
      1848: -1
      1849: -1
      1850: -1
      1851: -1
      1852: -1
      1853: -1
      1854: -1
      1855: -1
      1856: -1
      1857: -1
      1858: -1
      1859: -1
      1860: -1
      1861: -1
      1862: -1
      1863: -1
      1864: -1
      1865: -1
      1866: -1
      1867: -1
      1868: -1
      1869: -1
      1870: -1
      1871: -1
      1872: -1
      1873: -1
      1874: -1
      1875: -1
      1876: -1
      1877: -1
      1878: -1
      1879: -1
      1880: -1
      1881: -1
      1882: -1
      1883: -1
      1884: -1
      1885: -1
      1886: -1
      1887: -1
      1888: -1
      1889: -1
      1890: -1
      1891: -1
      1892: -1
      1893: -1
      1894: -1
      1895: -1
      1896: -1
      1897: -1
      1898: -1
      1899: -1
      1900: -1
      1901: -1
      1902: -1
      1903: -1
      1904: -1
      1905: -1
      1906: -1
      1907: -1
      1908: -1
      1909: -1
      1910: -1
      1911: -1
      1912: -1
      1913: -1
      1914: -1
      1915: -1
      1916: -1
      1917: -1
      1918: -1
      1919: -1
      1920: -1
      1921: -1
      1922: -1
      1923: -1
      1924: -1
      1925: -1
      1926: -1
      1927: -1
      1928: -1
      1929: -1
      1930: -1
      1931: -1
      1932: -1
      1933: -1
      1934: -1
      1935: -1
      1936: -1
      1937: -1
      1938: -1
      1939: -1
      1940: -1
      1941: -1
      1942: -1
      1943: -1
      1944: -1
      1945: -1
      1946: -1
      1947: -1
      1948: -1
      1949: -1
      1950: -1
      1951: -1
      1952: -1
      1953: -1
      1954: -1
      1955: -1
      1956: -1
      1957: -1
      1958: -1
      1959: -1
      1960: -1
      1961: -1
      1962: -1
      1963: -1
      1964: -1
      1965: -1
      1966: -1
      1967: -1
      1968: -1
      1969: -1
      1970: -1
      1971: -1
      1972: -1
      1973: -1
      1974: -1
      1975: -1
      1976: -1
      1977: -1
      1978: -1
      1979: -1
      1980: -1
      1981: -1
      1982: -1
      1983: -1
      1984: -1
      1985: -1
      1986: -1
      1987: -1
      1988: -1
      1989: -1
      1990: -1
      1991: -1
      1992: -1
      1993: -1
      1994: -1
      1995: -1
      1996: -1
      1997: -1
      1998: -1
      1999: -1
      2000: -1
      2001: -1
      2002: -1
      2003: -1
      2004: -1
      2005: -1
      2006: -1
      2007: -1
      2008: -1
      2009: -1
      2010: -1
      2011: -1
      2012: -1
      2013: -1
      2014: -1
      2015: -1
      2016: -1
      2017: -1
      2018: -1
      2019: -1
      2020: -1
      2021: -1
      2022: -1
      2023: -1
      2024: -1
      2025: -1
      2026: -1
      2027: -1
      2028: -1
      2029: -1
      2030: -1
      2031: -1
      2032: -1
      2033: -1
      2034: -1
      2035: -1
      2036: -1
      2037: -1
      2038: -1
      2039: -1
      2040: -1
      2041: -1
      2042: -1
      2043: -1
      2044: -1
      2045: -1
      2046: -1
      2047: -1
      2048: -1
      2049: -1
      2050: -1
      2051: -1
      2052: -1
      2053: -1
      2054: -1
      2055: -1
      2056: -1
      2057: -1
      2058: -1
      2059: -1
      2060: -1
      2061: -1
      2062: -1
      2063: -1
      2064: -1
      2065: -1
      2066: -1
      2067: -1
      2068: -1
      2069: -1
      2070: -1
      2071: -1
      2072: -1
      2073: -1
      2074: -1
      2075: -1
      2076: -1
      2077: -1
      2078: -1
      2079: -1
      2080: -1
      2081: -1
      2082: -1
      2083: -1
      2084: -1
      2085: -1
      2086: -1
      2087: -1
      2088: -1
      2089: -1
      2090: -1
      2091: -1
      2092: -1
      2093: -1
      2094: -1
      2095: -1
      2096: -1
      2097: -1
      2098: -1
      2099: -1
      2100: -1
      2101: -1
      2102: -1
      2103: -1
      2104: -1
      2105: -1
      2106: -1
      2107: -1
      2108: -1
      2109: -1
      2110: -1
      2111: -1
      2112: -1
      2113: -1
      2114: -1
      2115: -1
      2116: -1
      2117: -1
      2118: -1
      2119: -1
      2120: -1
      2121: -1
      2122: -1
      2123: -1
      2124: -1
      2125: -1
      2126: -1
      2127: -1
      2128: -1
      2129: -1
      2130: -1
      2131: -1
      2132: -1
      2133: -1
      2134: -1
      2135: -1
      2136: -1
      2137: -1
      2138: -1
      2139: -1
      2140: -1
      2141: -1
      2142: -1
      2143: -1
      2144: -1
      2145: -1
      2146: -1
      2147: -1
      2148: -1
      2149: -1
      2150: -1
      2151: -1
      2152: -1
      2153: -1
      2154: -1
      2155: -1
      2156: -1
      2157: -1
      2158: -1
      2159: -1
      2160: -1
      2161: -1
      2162: -1
      2163: -1
      2164: -1
      2165: -1
      2166: -1
      2167: -1
      2168: -1
      2169: -1
      2170: -1
      2171: -1
      2172: -1
      2173: -1
      2174: -1
      2175: -1
      2176: -1
      2177: -1
      2178: -1
      2179: -1
      2180: -1
      2181: -1
      2182: -1
      2183: -1
      2184: -1
      2185: -1
      2186: -1
      2187: -1
      2188: -1
      2189: -1
      2190: -1
      2191: -1
      2192: -1
      2193: -1
      2194: -1
      2195: -1
      2196: -1
      2197: -1
      2198: -1
      2199: -1
      2200: -1
      2201: -1
      2202: -1
      2203: -1
      2204: -1
      2205: -1
      2206: -1
      2207: -1
      2208: -1
      2209: -1
      2210: -1
      2211: -1
      2212: -1
      2213: -1
      2214: -1
      2215: -1
      2216: -1
      2217: -1
      2218: -1
      2219: -1
      2220: -1
      2221: -1
      2222: -1
      2223: -1
      2224: -1
      2225: -1
      2226: -1
      2227: -1
      2228: -1
      2229: -1
      2230: -1
      2231: -1
      2232: -1
      2233: -1
      2234: -1
      2235: -1
      2236: -1
      2237: -1
      2238: -1
      2239: -1
      2240: -1
      2241: -1
      2242: -1
      2243: -1
      2244: -1
      2245: -1
      2246: -1
      2247: -1
      2248: -1
      2249: -1
      2250: -1
      2251: -1
      2252: -1
      2253: -1
      2254: -1
      2255: -1
      2256: -1
      2257: -1
      2258: -1
      2259: -1
      2260: -1
      2261: -1
      2262: -1
      2263: -1
      2264: -1
      2265: -1
      2266: -1
      2267: -1
      2268: -1
      2269: -1
      2270: -1
      2271: -1
      2272: -1
      2273: -1
      2274: -1
      2275: -1
      2276: -1
      2277: -1
      2278: -1
      2279: -1
      2280: -1
      2281: -1
      2282: -1
      2283: -1
      2284: -1
      2285: -1
      2286: -1
      2287: -1
      2288: -1
      2289: -1
      2290: -1
      2291: -1
      2292: -1
      2293: -1
      2294: -1
      2295: -1
      2296: -1
      2297: -1
      2298: -1
      2299: -1
      2300: -1
      2301: -1
      2302: -1
      2303: -1
      2304: -1
      2305: -1
      2306: -1
      2307: -1
      2308: -1
      2309: -1
      2310: -1
      2311: -1
      2312: -1
      2313: -1
      2314: -1
      2315: -1
      2316: -1
      2317: -1
      2318: -1
      2319: -1
      2320: -1
      2321: -1
      2322: -1
      2323: -1
      2324: -1
      2325: -1
      2326: -1
      2327: -1
      2328: -1
      2329: -1
      2330: -1
      2331: -1
      2332: -1
      2333: -1
      2334: -1
      2335: -1
      2336: -1
      2337: -1
      2338: -1
      2339: -1
      2340: -1
      2341: -1
      2342: -1
      2343: -1
      2344: -1
      2345: -1
      2346: -1
      2347: -1
      2348: -1
      2349: -1
      2350: -1
      2351: -1
      2352: -1
      2353: -1
      2354: -1
      2355: -1
      2356: -1
      2357: -1
      2358: -1
      2359: -1
      2360: -1
      2361: -1
      2362: -1
      2363: -1
      2364: -1
      2365: -1
      2366: -1
      2367: -1
      2368: -1
      2369: -1
      2370: -1
      2371: -1
      2372: -1
      2373: -1
      2374: -1
      2375: -1
      2376: -1
      2377: -1
      2378: -1
      2379: -1
      2380: -1
      2381: -1
      2382: -1
      2383: -1
      2384: -1
      2385: -1
      2386: -1
      2387: -1
      2388: -1
      2389: -1
      2390: -1
      2391: -1
      2392: -1
      2393: -1
      2394: -1
      2395: -1
      2396: -1
      2397: -1
      2398: -1
      2399: -1
      2400: -1
      2401: -1
      2402: -1
      2403: -1
      2404: -1
      2405: -1
      2406: -1
      2407: -1
      2408: -1
      2409: -1
      2410: -1
      2411: -1
      2412: -1
      2413: -1
      2414: -1
      2415: -1
      2416: -1
      2417: -1
      2418: -1
      2419: -1
      2420: -1
      2421: -1
      2422: -1
      2423: -1
      2424: -1
      2425: -1
      2426: -1
      2427: -1
      2428: -1
      2429: -1
      2430: -1
      2431: -1
      2432: -1
      2433: -1
      2434: -1
      2435: -1
      2436: -1
      2437: -1
      2438: -1
      2439: -1
      2440: -1
      2441: -1
      2442: -1
      2443: -1
      2444: -1
      2445: -1
      2446: -1
      2447: -1
      2448: -1
      2449: -1
      2450: -1
      2451: -1
      2452: -1
      2453: -1
      2454: -1
      2455: -1
      2456: -1
      2457: -1
      2458: -1
      2459: -1
      2460: -1
      2461: -1
      2462: -1
      2463: -1
      2464: -1
      2465: -1
      2466: -1
      2467: -1
      2468: -1
      2469: -1
      2470: -1
      2471: -1
      2472: -1
      2473: -1
      2474: -1
      2475: -1
      2476: -1
      2477: -1
      2478: -1
      2479: -1
      2480: -1
      2481: -1
      2482: -1
      2483: -1
      2484: -1
      2485: -1
      2486: -1
      2487: -1
      2488: -1
      2489: -1
      2490: -1
      2491: -1
      2492: -1
      2493: -1
      2494: -1
      2495: -1
      2496: -1
      2497: -1
      2498: -1
      2499: -1
      2500: -1
      2501: -1
      2502: -1
      2503: -1
      2504: -1
      2505: -1
      2506: -1
      2507: -1
      2508: -1
      2509: -1
      2510: -1
      2511: -1
      2512: -1
      2513: -1
      2514: -1
      2515: -1
      2516: -1
      2517: -1
      2518: -1
      2519: -1
      2520: -1
      2521: -1
      2522: -1
      2523: -1
      2524: -1
      2525: -1
      2526: -1
      2527: -1
      2528: -1
      2529: -1
      2530: -1
      2531: -1
      2532: -1
      2533: -1
      2534: -1
      2535: -1
      2536: -1
      2537: -1
      2538: -1
      2539: -1
      2540: -1
      2541: -1
      2542: -1
      2543: -1
      2544: -1
      2545: -1
      2546: -1
      2547: -1
      2548: -1
      2549: -1
      2550: -1
      2551: -1
      2552: -1
      2553: -1
      2554: -1
      2555: -1
      2556: -1
      2557: -1
      2558: -1
      2559: -1
      2560: -1
      2561: -1
      2562: -1
      2563: -1
      2564: -1
      2565: -1
      2566: -1
      2567: -1
      2568: -1
      2569: -1
      2570: -1
      2571: -1
      2572: -1
      2573: -1
      2574: -1
      2575: -1
      2576: -1
      2577: -1
      2578: -1
      2579: -1
      2580: -1
      2581: -1
      2582: -1
      2583: -1
      2584: -1
      2585: -1
      2586: -1
      2587: -1
      2588: -1
      2589: -1
      2590: -1
      2591: -1
      2592: -1
      2593: -1
      2594: -1
      2595: -1
      2596: -1
      2597: -1
      2598: -1
      2599: -1
      2600: -1
      2601: -1
      2602: -1
      2603: -1
      2604: -1
      2605: -1
      2606: -1
      2607: -1
      2608: -1
      2609: -1
      2610: -1
      2611: -1
      2612: -1
      2613: -1
      2614: -1
      2615: -1
      2616: -1
      2617: -1
      2618: -1
      2619: -1
      2620: -1
      2621: -1
      2622: -1
      2623: -1
      2624: -1
      2625: -1
      2626: -1
      2627: -1
      2628: -1
      2629: -1
      2630: -1
      2631: -1
      2632: -1
      2633: -1
      2634: -1
      2635: -1
      2636: -1
      2637: -1
      2638: -1
      2639: -1
      2640: -1
      2641: -1
      2642: -1
      2643: -1
      2644: -1
      2645: -1
      2646: -1
      2647: -1
      2648: -1
      2649: -1
      2650: -1
      2651: -1
      2652: -1
      2653: -1
      2654: -1
      2655: -1
      2656: -1
      2657: -1
      2658: -1
      2659: -1
      2660: -1
      2661: -1
      2662: -1
      2663: -1
      2664: -1
      2665: -1
      2666: -1
      2667: -1
      2668: -1
      2669: -1
      2670: -1
      2671: -1
      2672: -1
      2673: -1
      2674: -1
      2675: -1
      2676: -1
      2677: -1
      2678: -1
      2679: -1
      2680: -1
      2681: -1
      2682: -1
      2683: -1
      2684: -1
      2685: -1
      2686: -1
      2687: -1
      2688: -1
      2689: -1
      2690: -1
      2691: -1
      2692: -1
      2693: -1
      2694: -1
      2695: -1
      2696: -1
      2697: -1
      2698: -1
      2699: -1
      2700: -1
      2701: -1
      2702: -1
      2703: -1
      2704: -1
      2705: -1
      2706: -1
      2707: -1
      2708: -1
      2709: -1
      2710: -1
      2711: -1
      2712: -1
      2713: -1
      2714: -1
      2715: -1
      2716: -1
      2717: -1
      2718: -1
      2719: -1
      2720: -1
      2721: -1
      2722: -1
      2723: -1
      2724: -1
      2725: -1
      2726: -1
      2727: -1
      2728: -1
      2729: -1
      2730: -1
      2731: -1
      2732: -1
      2733: -1
      2734: -1
      2735: -1
      2736: -1
      2737: -1
      2738: -1
      2739: -1
      2740: -1
      2741: -1
      2742: -1
      2743: -1
      2744: -1
      2745: -1
      2746: -1
      2747: -1
      2748: -1
      2749: -1
      2750: -1
      2751: -1
      2752: -1
      2753: -1
      2754: -1
      2755: -1
      2756: -1
      2757: -1
      2758: -1
      2759: -1
      2760: -1
      2761: -1
      2762: -1
      2763: -1
      2764: -1
      2765: -1
      2766: -1
      2767: -1
      2768: -1
      2769: -1
      2770: -1
      2771: -1
      2772: -1
      2773: -1
      2774: -1
      2775: -1
      2776: -1
      2777: -1
      2778: -1
      2779: -1
      2780: -1
      2781: -1
      2782: -1
      2783: -1
      2784: -1
      2785: -1
      2786: -1
      2787: -1
      2788: -1
      2789: -1
      2790: -1
      2791: -1
      2792: -1
      2793: -1
      2794: -1
      2795: -1
      2796: -1
      2797: -1
      2798: -1
      2799: -1
      2800: -1
      2801: -1
      2802: -1
      2803: -1
      2804: -1
      2805: -1
      2806: -1
      2807: -1
      2808: -1
      2809: -1
      2810: -1
      2811: -1
      2812: -1
      2813: -1
      2814: -1
      2815: -1
      2816: -1
      2817: -1
      2818: -1
      2819: -1
      2820: -1
      2821: -1
      2822: -1
      2823: -1
      2824: -1
      2825: -1
      2826: -1
      2827: -1
      2828: -1
      2829: -1
      2830: -1
      2831: -1
      2832: -1
      2833: -1
      2834: -1
      2835: -1
      2836: -1
      2837: -1
      2838: -1
      2839: -1
      2840: -1
      2841: -1
      2842: -1
      2843: -1
      2844: -1
      2845: -1
      2846: -1
      2847: -1
      2848: -1
      2849: -1
      2850: -1
      2851: -1
      2852: -1
      2853: -1
      2854: -1
      2855: -1
      2856: -1
      2857: -1
      2858: -1
      2859: -1
      2860: -1
      2861: -1
      2862: -1
      2863: -1
      2864: -1
      2865: -1
      2866: -1
      2867: -1
      2868: -1
      2869: -1
      2870: -1
      2871: -1
      2872: -1
      2873: -1
      2874: -1
      2875: -1
      2876: -1
      2877: -1
      2878: -1
      2879: -1
      2880: -1
      2881: -1
      2882: -1
      2883: -1
      2884: -1
      2885: -1
      2886: -1
      2887: -1
      2888: -1
      2889: -1
      2890: -1
      2891: -1
      2892: -1
      2893: -1
      2894: -1
      2895: -1
      2896: -1
      2897: -1
      2898: -1
      2899: -1
      2900: -1
      2901: -1
      2902: -1
      2903: -1
      2904: -1
      2905: -1
      2906: -1
      2907: -1
      2908: -1
      2909: -1
      2910: -1
      2911: -1
      2912: -1
      2913: -1
      2914: -1
      2915: -1
      2916: -1
      2917: -1
      2918: -1
      2919: -1
      2920: -1
      2921: -1
      2922: -1
      2923: -1
      2924: -1
      2925: -1
      2926: -1
      2927: -1
      2928: -1
      2929: -1
      2930: -1
      2931: -1
      2932: -1
      2933: -1
      2934: -1
      2935: -1
      2936: -1
      2937: -1
      2938: -1
      2939: -1
      2940: -1
      2941: -1
      2942: -1
      2943: -1
      2944: -1
      2945: -1
      2946: -1
      2947: -1
      2948: -1
      2949: -1
      2950: -1
      2951: -1
      2952: -1
      2953: -1
      2954: -1
      2955: -1
      2956: -1
      2957: -1
      2958: -1
      2959: -1
      2960: -1
      2961: -1
      2962: -1
      2963: -1
      2964: -1
      2965: -1
      2966: -1
      2967: -1
      2968: -1
      2969: -1
      2970: -1
      2971: -1
      2972: -1
      2973: -1
      2974: -1
      2975: -1
      2976: -1
      2977: -1
      2978: -1
      2979: -1
      2980: -1
      2981: -1
      2982: -1
      2983: -1
      2984: -1
      2985: -1
      2986: -1
      2987: -1
      2988: -1
      2989: -1
      2990: -1
      2991: -1
      2992: -1
      2993: -1
      2994: -1
      2995: -1
      2996: -1
      2997: -1
      2998: -1
      2999: -1
      3000: -1
      3001: -1
      3002: -1
      3003: -1
      3004: -1
      3005: -1
      3006: -1
      3007: -1
      3008: -1
      3009: -1
      3010: -1
      3011: -1
      3012: -1
      3013: -1
      3014: -1
      3015: -1
      3016: -1
      3017: -1
      3018: -1
      3019: -1
      3020: -1
      3021: -1
      3022: -1
      3023: -1
      3024: -1
      3025: -1
      3026: -1
      3027: -1
      3028: -1
      3029: -1
      3030: -1
      3031: -1
      3032: -1
      3033: -1
      3034: -1
      3035: -1
      3036: -1
      3037: -1
      3038: -1
      3039: -1
      3040: -1
      3041: -1
      3042: -1
      3043: -1
      3044: -1
      3045: -1
      3046: -1
      3047: -1
      3048: -1
      3049: -1
      3050: -1
      3051: -1
      3052: -1
      3053: -1
      3054: -1
      3055: -1
      3056: -1
      3057: -1
      3058: -1
      3059: -1
      3060: -1
      3061: -1
      3062: -1
      3063: -1
      3064: -1
      3065: -1
      3066: -1
      3067: -1
      3068: -1
      3069: -1
      3070: -1
      3071: -1
      3072: -1
      3073: -1
      3074: -1
      3075: -1
      3076: -1
      3077: -1
      3078: -1
      3079: -1
      3080: -1
      3081: -1
      3082: -1
      3083: -1
      3084: -1
      3085: -1
      3086: -1
      3087: -1
      3088: -1
      3089: -1
      3090: -1
      3091: -1
      3092: -1
      3093: -1
      3094: -1
      3095: -1
      3096: -1
      3097: -1
      3098: -1
      3099: -1
      3100: -1
      3101: -1
      3102: -1
      3103: -1
      3104: -1
      3105: -1
      3106: -1
      3107: -1
      3108: -1
      3109: -1
      3110: -1
      3111: -1
      3112: -1
      3113: -1
      3114: -1
      3115: -1
      3116: -1
      3117: -1
      3118: -1
      3119: -1
      3120: -1
      3121: -1
      3122: -1
      3123: -1
      3124: -1
      3125: -1
      3126: -1
      3127: -1
      3128: -1
      3129: -1
      3130: -1
      3131: -1
      3132: -1
      3133: -1
      3134: -1
      3135: -1
      3136: -1
      3137: -1
      3138: -1
      3139: -1
      3140: -1
      3141: -1
      3142: -1
      3143: -1
      3144: -1
      3145: -1
      3146: -1
      3147: -1
      3148: -1
      3149: -1
      3150: -1
      3151: -1
      3152: -1
      3153: -1
      3154: -1
      3155: -1
      3156: -1
      3157: -1
      3158: -1
      3159: -1
      3160: -1
      3161: -1
      3162: -1
      3163: -1
      3164: -1
      3165: -1
      3166: -1
      3167: -1
      3168: -1
      3169: -1
      3170: -1
      3171: -1
      3172: -1
      3173: -1
      3174: -1
      3175: -1
      3176: -1
      3177: -1
      3178: -1
      3179: -1
      3180: -1
      3181: -1
      3182: -1
      3183: -1
      3184: -1
      3185: -1
      3186: -1
      3187: -1
      3188: -1
      3189: -1
      3190: -1
      3191: -1
      3192: -1
      3193: -1
      3194: -1
      3195: -1
      3196: -1
      3197: -1
      3198: -1
      3199: -1
      3200: -1
      3201: -1
      3202: -1
      3203: -1
      3204: -1
      3205: -1
      3206: -1
      3207: -1
      3208: -1
      3209: -1
      3210: -1
      3211: -1
      3212: -1
      3213: -1
      3214: -1
      3215: -1
      3216: -1
      3217: -1
      3218: -1
      3219: -1
      3220: -1
      3221: -1
      3222: -1
      3223: -1
      3224: -1
      3225: -1
      3226: -1
      3227: -1
      3228: -1
      3229: -1
      3230: -1
      3231: -1
      3232: -1
      3233: -1
      3234: -1
      3235: -1
      3236: -1
      3237: -1
      3238: -1
      3239: -1
      3240: -1
      3241: -1
      3242: -1
      3243: -1
      3244: -1
      3245: -1
      3246: -1
      3247: -1
      3248: -1
      3249: -1
      3250: -1
      3251: -1
      3252: -1
      3253: -1
      3254: -1
      3255: -1
      3256: -1
      3257: -1
      3258: -1
      3259: -1
      3260: -1
      3261: -1
      3262: -1
      3263: -1
      3264: -1
      3265: -1
      3266: -1
      3267: -1
      3268: -1
      3269: -1
      3270: -1
      3271: -1
      3272: -1
      3273: -1
      3274: -1
      3275: -1
      3276: -1
      3277: -1
      3278: -1
      3279: -1
      3280: -1
      3281: -1
      3282: -1
      3283: -1
      3284: -1
      3285: -1
      3286: -1
      3287: -1
      3288: -1
      3289: -1
      3290: -1
      3291: -1
      3292: -1
      3293: -1
      3294: -1
      3295: -1
      3296: -1
      3297: -1
      3298: -1
      3299: -1
      3300: -1
      3301: -1
      3302: -1
      3303: -1
      3304: -1
      3305: -1
      3306: -1
      3307: -1
      3308: -1
      3309: -1
      3310: -1
      3311: -1
      3312: -1
      3313: -1
      3314: -1
      3315: -1
      3316: -1
      3317: -1
      3318: -1
      3319: -1
      3320: -1
      3321: -1
      3322: -1
      3323: -1
      3324: -1
      3325: -1
      3326: -1
      3327: -1
      3328: -1
      3329: -1
      3330: -1
      3331: -1
      3332: -1
      3333: -1
      3334: -1
      3335: -1
      3336: -1
      3337: -1
      3338: -1
      3339: -1
      3340: -1
      3341: -1
      3342: -1
      3343: -1
      3344: -1
      3345: -1
      3346: -1
      3347: -1
      3348: -1
      3349: -1
      3350: -1
      3351: -1
      3352: -1
      3353: -1
      3354: -1
      3355: -1
      3356: -1
      3357: -1
      3358: -1
      3359: -1
      3360: -1
      3361: -1
      3362: -1
      3363: -1
      3364: -1
      3365: -1
      3366: -1
      3367: -1
      3368: -1
      3369: -1
      3370: -1
      3371: -1
      3372: -1
      3373: -1
      3374: -1
      3375: -1
      3376: -1
      3377: -1
      3378: -1
      3379: -1
      3380: -1
      3381: -1
      3382: -1
      3383: -1
      3384: -1
      3385: -1
      3386: -1
      3387: -1
      3388: -1
      3389: -1
      3390: -1
      3391: -1
      3392: -1
      3393: -1
      3394: -1
      3395: -1
      3396: -1
      3397: -1
      3398: -1
      3399: -1
      3400: -1
      3401: -1
      3402: -1
      3403: -1
      3404: -1
      3405: -1
      3406: -1
      3407: -1
      3408: -1
      3409: -1
      3410: -1
      3411: -1
      3412: -1
      3413: -1
      3414: -1
      3415: -1
      3416: -1
      3417: -1
      3418: -1
      3419: -1
      3420: -1
      3421: -1
      3422: -1
      3423: -1
      3424: -1
      3425: -1
      3426: -1
      3427: -1
      3428: -1
      3429: -1
      3430: -1
      3431: -1
      3432: -1
      3433: -1
      3434: -1
      3435: -1
      3436: -1
      3437: -1
    engagements:
    buffer: 200
    asmManual: 0
    dirty: true
    fallen:
      0: false
      1: false
      2: false
      3: false
      4: false
      5: false
      6: false
      7: false
      8: false
      9: false
      10: false
      11: false
      12: false
      13: false
      14: false
      15: false
      16: false
      17: false
      18: false
      19: false
      20: false
      21: false
      22: false
      23: false
      24: false
      25: false
      26: false
      27: false
      28: false
      29: false
      30: false
      31: false
      32: false
      33: false
      34: false
      35: false
      36: false
      37: false
      38: false
      39: false
      40: false
      41: false
      42: false
      43: false
      44: false
      45: false
      46: false
      47: false
      48: false
      49: false
      50: false
      51: false
      52: false
      53: false
      54: false
      55: false
      56: false
      57: false
      58: false
      59: false
      60: false
      61: false
      62: false
      63: false
      64: false
      65: false
      66: false
      67: false
      68: false
      69: false
      70: false
      71: false
      72: false
      73: false
      74: false
      75: false
      76: false
      77: false
      78: false
      79: false
      80: false
      81: false
      82: false
      83: false
      84: false
      85: false
      86: false
      87: false
      88: false
      89: false
      90: false
      91: false
      92: false
      93: false
      94: false
      95: false
      96: false
      97: false
      98: false
      99: false
      100: false
      101: false
      102: false
      103: false
      104: false
      105: false
      106: false
      107: false
      108: false
      109: false
      110: false
      111: false
      112: false
      113: false
      114: false
      115: false
      116: false
      117: false
      118: false
      119: false
      120: false
      121: false
      122: false
      123: false
      124: false
      125: false
      126: false
      127: false
      128: false
      129: false
      130: false
      131: false
      132: false
      133: false
      134: false
      135: false
      136: false
      137: false
      138: false
      139: false
      140: false
      141: false
      142: false
      143: false
      144: false
      145: false
      146: false
      147: false
      148: false
      149: false
      150: false
      151: false
      152: false
      153: false
      154: false
      155: false
      156: false
      157: false
      158: false
      159: false
      160: false
      161: false
      162: false
      163: false
      164: false
      165: false
      166: false
      167: false
      168: false
      169: false
      170: false
      171: false
      172: false
      173: false
      174: false
      175: false
      176: false
      177: false
      178: false
      179: false
      180: false
      181: false
      182: false
      183: false
      184: false
      185: false
      186: false
      187: false
      188: false
      189: false
      190: false
      191: false
      192: false
      193: false
      194: false
      195: false
      196: false
      197: false
      198: false
      199: false
      200: false
      201: false
      202: false
      203: false
      204: false
      205: false
      206: false
      207: false
      208: false
      209: false
      210: false
      211: false
      212: false
      213: false
      214: false
      215: false
      216: false
      217: false
      218: false
      219: false
      220: false
      221: false
      222: false
      223: false
      224: false
      225: false
      226: false
      227: false
      228: false
      229: false
      230: false
      231: false
      232: false
      233: false
      234: false
      235: false
      236: false
      237: false
      238: false
      239: false
      240: false
      241: false
      242: false
      243: false
      244: false
      245: false
      246: false
      247: false
      248: false
      249: false
      250: false
      251: false
      252: false
      253: false
      254: false
      255: false
      256: false
      257: false
      258: false
      259: false
      260: false
      261: false
      262: false
      263: false
      264: false
      265: false
      266: false
      267: false
      268: false
      269: false
      270: false
      271: false
      272: false
      273: false
      274: false
      275: false
      276: false
      277: false
      278: false
      279: false
      280: false
      281: false
      282: false
      283: false
      284: false
      285: false
      286: false
      287: false
      288: false
      289: false
      290: false
      291: false
      292: false
      293: false
      294: false
      295: false
      296: false
      297: false
      298: false
      299: false
      300: false
      301: false
      302: false
      303: false
      304: false
      305: false
      306: false
      307: false
      308: false
      309: false
      310: false
      311: false
      312: false
      313: false
      314: false
      315: false
      316: false
      317: false
      318: false
      319: false
      320: false
      321: false
      322: false
      323: false
      324: false
      325: false
      326: false
      327: false
      328: false
      329: false
      330: false
      331: false
      332: false
      333: false
      334: false
      335: false
      336: false
      337: false
      338: false
      339: false
      340: false
      341: false
      342: false
      343: false
      344: false
      345: false
      346: false
      347: false
      348: false
      349: false
      350: false
      351: false
      352: false
      353: false
      354: false
      355: false
      356: false
      357: false
      358: false
      359: false
      360: false
      361: false
      362: false
      363: false
      364: false
      365: false
      366: false
      367: false
      368: false
      369: false
      370: false
      371: false
      372: false
      373: false
      374: false
      375: false
      376: false
      377: false
      378: false
      379: false
      380: false
      381: false
    recentRounds:
      0: 0
      1: 0
      2: 0
      3: 0
      4: 0
      5: 0
      6: 0
      7: 0
      8: 0
      9: 0
      10: 0
      11: 0
      12: 0
      13: 0
      14: 0
      15: 0
      16: 0
      17: 0
      18: 0
      19: 0
      20: 0
      21: 0
      22: 0
      23: 0
      24: 0
      25: 0
      26: 0
      27: 0
      28: 0
      29: 0
      30: 0
      31: 0
      32: 0
      33: 0
      34: 0
      35: 0
      36: 0
      37: 0
      38: 0
      39: 0
      40: 0
      41: 0
      42: 0
      43: 0
      44: 0
      45: 0
      46: 0
      47: 0
      48: 0
      49: 0
      50: 0
      51: 0
      52: 0
      53: 0
      54: 0
      55: 0
      56: 0
      57: 0
      58: 0
      59: 0
      60: 0
      61: 0
      62: 0
      63: 0
      64: 0
      65: 0
      66: 0
      67: 0
      68: 0
      69: 0
      70: 0
      71: 0
      72: 0
      73: 0
      74: 0
      75: 0
      76: 0
      77: 0
      78: 0
      79: 0
      80: 0
      81: 0
      82: 0
      83: 0
      84: 0
      85: 0
      86: 0
      87: 0
      88: 0
      89: 0
      90: 0
      91: 0
      92: 0
      93: 0
      94: 0
      95: 0
      96: 0
      97: 0
      98: 0
      99: 0
      100: 0
      101: 0
      102: 0
      103: 0
      104: 0
      105: 0
      106: 0
      107: 0
      108: 0
      109: 0
      110: 0
      111: 0
      112: 0
      113: 0
      114: 0
      115: 0
      116: 0
      117: 0
      118: 0
      119: 0
      120: 0
      121: 0
      122: 0
      123: 0
      124: 0
      125: 0
      126: 0
      127: 0
      128: 0
      129: 0
      130: 0
      131: 0
      132: 0
      133: 0
      134: 0
      135: 0
      136: 0
      137: 0
      138: 0
      139: 0
      140: 0
      141: 0
      142: 0
      143: 0
      144: 0
      145: 0
      146: 0
      147: 0
      148: 0
      149: 0
      150: 0
      151: 0
      152: 0
      153: 0
      154: 0
      155: 0
      156: 0
      157: 0
      158: 0
      159: 0
      160: 0
      161: 0
      162: 0
      163: 0
      164: 0
      165: 0
      166: 0
      167: 0
      168: 0
      169: 0
      170: 0
      171: 0
      172: 0
      173: 0
      174: 0
      175: 0
      176: 0
      177: 0
      178: 0
      179: 0
      180: 0
      181: 0
      182: 0
      183: 0
      184: 0
      185: 0
      186: 0
      187: 0
      188: 0
      189: 0
      190: 0
      191: 0
      192: 0
      193: 0
      194: 0
      195: 0
      196: 0
      197: 0
      198: 0
      199: 0
      200: 0
      201: 0
      202: 0
      203: 0
      204: 0
      205: 0
      206: 0
      207: 0
      208: 0
      209: 0
      210: 0
      211: 0
      212: 0
      213: 0
      214: 0
      215: 0
      216: 0
      217: 0
      218: 0
      219: 0
      220: 0
      221: 0
      222: 0
      223: 0
      224: 0
      225: 0
      226: 0
      227: 0
      228: 0
      229: 0
      230: 0
      231: 0
      232: 0
      233: 0
      234: 0
      235: 0
      236: 0
      237: 0
      238: 0
      239: 0
      240: 0
      241: 0
      242: 0
      243: 0
      244: 0
      245: 0
      246: 0
      247: 0
      248: 0
      249: 0
      250: 0
      251: 0
      252: 0
      253: 0
      254: 0
      255: 0
      256: 0
      257: 0
      258: 0
      259: 0
      260: 0
      261: 0
      262: 0
      263: 0
      264: 0
      265: 0
      266: 0
      267: 0
      268: 0
      269: 0
      270: 0
      271: 0
      272: 0
      273: 0
      274: 0
      275: 0
      276: 0
      277: 0
      278: 0
      279: 0
      280: 0
      281: 0
      282: 0
      283: 0
      284: 0
      285: 0
      286: 0
      287: 0
      288: 0
      289: 0
      290: 0
      291: 0
      292: 0
      293: 0
      294: 0
      295: 0
      296: 0
      297: 0
      298: 0
      299: 0
      300: 0
      301: 0
      302: 0
      303: 0
      304: 0
      305: 0
      306: 0
      307: 0
      308: 0
      309: 0
      310: 0
      311: 0
      312: 0
      313: 0
      314: 0
      315: 0
      316: 0
      317: 0
      318: 0
      319: 0
      320: 0
      321: 0
      322: 0
      323: 0
      324: 0
      325: 0
      326: 0
      327: 0
      328: 0
      329: 0
      330: 0
      331: 0
      332: 0
      333: 0
      334: 0
      335: 0
      336: 0
      337: 0
      338: 0
      339: 0
      340: 0
      341: 0
      342: 0
      343: 0
      344: 0
      345: 0
      346: 0
      347: 0
      348: 0
      349: 0
      350: 0
      351: 0
      352: 0
      353: 0
      354: 0
      355: 0
      356: 0
      357: 0
      358: 0
      359: 0
      360: 0
      361: 0
      362: 0
      363: 0
      364: 0
      365: 0
      366: 0
      367: 0
      368: 0
      369: 0
      370: 0
      371: 0
      372: 0
      373: 0
      374: 0
      375: 0
      376: 0
      377: 0
      378: 0
      379: 0
      380: 0
      381: 0
      382: 0
      383: 0
      384: 0
      385: 0
      386: 0
      387: 0
      388: 0
      389: 0
      390: 0
      391: 0
      392: 0
      393: 0
      394: 0
      395: 0
      396: 0
      397: 0
      398: 0
      399: 0
      400: 0
      401: 0
      402: 0
      403: 0
      404: 0
      405: 0
      406: 0
      407: 0
      408: 0
      409: 0
      410: 0
      411: 0
      412: 0
      413: 0
      414: 0
      415: 0
      416: 0
      417: 0
      418: 0
      419: 0
      420: 0
      421: 0
      422: 0
      423: 0
      424: 0
      425: 0
      426: 0
      427: 0
      428: 0
      429: 0
      430: 0
      431: 0
      432: 0
      433: 0
      434: 0
      435: 0
      436: 0
      437: 0
      438: 0
      439: 0
      440: 0
      441: 0
      442: 0
      443: 0
      444: 0
      445: 0
      446: 0
      447: 0
      448: 0
      449: 0
      450: 0
      451: 0
      452: 0
      453: 0
      454: 0
      455: 0
      456: 0
      457: 0
      458: 0
      459: 0
      460: 0
      461: 0
      462: 0
      463: 0
      464: 0
      465: 0
      466: 0
      467: 0
      468: 0
      469: 0
      470: 0
      471: 0
      472: 0
      473: 0
      474: 0
      475: 0
      476: 0
      477: 0
      478: 0
      479: 0
      480: 0
      481: 0
      482: 0
      483: 0
      484: 0
      485: 0
      486: 0
      487: 0
      488: 0
      489: 0
      490: 0
      491: 0
      492: 0
      493: 0
      494: 0
      495: 0
      496: 0
      497: 0
      498: 0
      499: 0
      500: 0
      501: 0
      502: 0
      503: 0
      504: 0
      505: 0
      506: 0
      507: 0
      508: 0
      509: 0
      510: 0
      511: 0
      512: 0
      513: 0
      514: 0
      515: 0
      516: 0
      517: 0
      518: 0
      519: 0
      520: 0
      521: 0
      522: 0
      523: 0
      524: 0
      525: 0
      526: 0
      527: 0
      528: 0
      529: 0
      530: 0
      531: 0
      532: 0
      533: 0
      534: 0
      535: 0
      536: 0
      537: 0
      538: 0
      539: 0
      540: 0
      541: 0
      542: 0
      543: 0
      544: 0
      545: 0
      546: 0
      547: 0
      548: 0
      549: 0
      550: 0
      551: 0
      552: 0
      553: 0
      554: 0
      555: 0
      556: 0
      557: 0
      558: 0
      559: 0
      560: 0
      561: 0
      562: 0
      563: 0
      564: 0
      565: 0
      566: 0
      567: 0
      568: 0
      569: 0
      570: 0
      571: 0
      572: 0
      573: 0
      574: 0
      575: 0
      576: 0
      577: 0
      578: 0
      579: 0
      580: 0
      581: 0
      582: 0
      583: 0
      584: 0
      585: 0
      586: 0
      587: 0
      588: 0
      589: 0
      590: 0
      591: 0
      592: 0
      593: 0
      594: 0
      595: 0
      596: 0
      597: 0
      598: 0
      599: 0
    recentShells:
      0: 0
      1: 0
      2: 0
      3: 0
      4: 0
      5: 0
      6: 0
      7: 0
      8: 0
      9: 0
      10: 0
      11: 0
      12: 0
      13: 0
      14: 0
      15: 0
      16: 0
      17: 0
      18: 0
      19: 0
      20: 0
      21: 0
      22: 0
      23: 0
      24: 0
      25: 0
      26: 0
      27: 0
      28: 0
      29: 0
      30: 0
      31: 0
      32: 0
      33: 0
      34: 0
      35: 0
      36: 0
      37: 0
      38: 0
      39: 0
      40: 0
      41: 0
      42: 0
      43: 0
      44: 0
      45: 0
      46: 0
      47: 0
      48: 0
      49: 0
      50: 0
      51: 0
      52: 0
      53: 0
      54: 0
      55: 0
      56: 0
      57: 0
      58: 0
      59: 0
      60: 0
      61: 0
      62: 0
      63: 0
      64: 0
      65: 0
      66: 0
      67: 0
      68: 0
      69: 0
      70: 0
      71: 0
      72: 0
      73: 0
      74: 0
      75: 0
      76: 0
      77: 0
      78: 0
      79: 0
      80: 0
      81: 0
      82: 0
      83: 0
      84: 0
      85: 0
      86: 0
      87: 0
      88: 0
      89: 0
      90: 0
      91: 0
      92: 0
      93: 0
      94: 0
      95: 0
      96: 0
      97: 0
      98: 0
      99: 0
      100: 0
      101: 0
      102: 0
      103: 0
      104: 0
      105: 0
      106: 0
      107: 0
      108: 0
      109: 0
      110: 0
      111: 0
      112: 0
      113: 0
      114: 0
      115: 0
      116: 0
      117: 0
      118: 0
      119: 0
      120: 0
      121: 0
      122: 0
      123: 0
      124: 0
      125: 0
      126: 0
      127: 0
      128: 0
      129: 0
      130: 0
      131: 0
      132: 0
      133: 0
      134: 0
      135: 0
      136: 0
      137: 0
      138: 0
      139: 0
      140: 0
      141: 0
      142: 0
      143: 0
      144: 0
      145: 0
      146: 0
      147: 0
      148: 0
      149: 0
      150: 0
      151: 0
      152: 0
      153: 0
      154: 0
      155: 0
      156: 0
      157: 0
      158: 0
      159: 0
      160: 0
      161: 0
      162: 0
      163: 0
      164: 0
      165: 0
      166: 0
      167: 0
      168: 0
      169: 0
      170: 0
      171: 0
      172: 0
      173: 0
      174: 0
      175: 0
      176: 0
      177: 0
      178: 0
      179: 0
      180: 0
      181: 0
      182: 0
      183: 0
      184: 0
      185: 0
      186: 0
      187: 0
      188: 0
      189: 0
      190: 0
      191: 0
      192: 0
      193: 0
      194: 0
      195: 0
      196: 0
      197: 0
      198: 0
      199: 0
      200: 0
      201: 0
      202: 0
      203: 0
      204: 0
      205: 0
      206: 0
      207: 0
      208: 0
      209: 0
      210: 0
      211: 0
      212: 0
      213: 0
      214: 0
      215: 0
      216: 0
      217: 0
      218: 0
      219: 0
      220: 0
      221: 0
      222: 0
      223: 0
      224: 0
      225: 0
      226: 0
      227: 0
      228: 0
      229: 0
      230: 0
      231: 0
      232: 0
      233: 0
      234: 0
      235: 0
      236: 0
      237: 0
      238: 0
      239: 0
      240: 0
      241: 0
      242: 0
      243: 0
      244: 0
      245: 0
      246: 0
      247: 0
      248: 0
      249: 0
      250: 0
      251: 0
      252: 0
      253: 0
      254: 0
      255: 0
      256: 0
      257: 0
      258: 0
      259: 0
      260: 0
      261: 0
      262: 0
      263: 0
      264: 0
      265: 0
      266: 0
      267: 0
      268: 0
      269: 0
      270: 0
      271: 0
      272: 0
      273: 0
      274: 0
      275: 0
      276: 0
      277: 0
      278: 0
      279: 0
      280: 0
      281: 0
      282: 0
      283: 0
      284: 0
      285: 0
      286: 0
      287: 0
      288: 0
      289: 0
      290: 0
      291: 0
      292: 0
      293: 0
      294: 0
      295: 0
      296: 0
      297: 0
      298: 0
      299: 0
      300: 0
      301: 0
      302: 0
      303: 0
      304: 0
      305: 0
      306: 0
      307: 0
      308: 0
      309: 0
      310: 0
      311: 0
      312: 0
      313: 0
      314: 0
      315: 0
      316: 0
      317: 0
      318: 0
      319: 0
      320: 0
      321: 0
      322: 0
      323: 0
      324: 0
      325: 0
      326: 0
      327: 0
      328: 0
      329: 0
      330: 0
      331: 0
      332: 0
      333: 0
      334: 0
      335: 0
      336: 0
      337: 0
      338: 0
      339: 0
      340: 0
      341: 0
      342: 0
      343: 0
      344: 0
      345: 0
      346: 0
      347: 0
      348: 0
      349: 0
      350: 0
      351: 0
      352: 0
      353: 0
      354: 0
      355: 0
      356: 0
      357: 0
      358: 0
      359: 0
      360: 0
      361: 0
      362: 0
      363: 0
      364: 0
      365: 0
      366: 0
      367: 0
      368: 0
      369: 0
      370: 0
      371: 0
      372: 0
      373: 0
      374: 0
      375: 0
      376: 0
      377: 0
      378: 0
      379: 0
      380: 0
      381: 0
      382: 0
      383: 0
      384: 0
      385: 0
      386: 0
      387: 0
      388: 0
      389: 0
      390: 0
      391: 0
      392: 0
      393: 0
      394: 0
      395: 0
      396: 0
      397: 0
      398: 0
      399: 0
      400: 0
      401: 0
      402: 0
      403: 0
      404: 0
      405: 0
      406: 0
      407: 0
      408: 0
      409: 0
      410: 0
      411: 0
      412: 0
      413: 0
      414: 0
      415: 0
      416: 0
      417: 0
      418: 0
      419: 0
      420: 0
      421: 0
      422: 0
      423: 0
      424: 0
      425: 0
      426: 0
      427: 0
      428: 0
      429: 0
      430: 0
      431: 0
      432: 0
      433: 0
      434: 0
      435: 0
      436: 0
      437: 0
      438: 0
      439: 0
      440: 0
      441: 0
      442: 0
      443: 0
      444: 0
      445: 0
      446: 0
      447: 0
      448: 0
      449: 0
      450: 0
      451: 0
      452: 0
      453: 0
      454: 0
      455: 0
      456: 0
      457: 0
      458: 0
      459: 0
      460: 0
      461: 0
      462: 0
      463: 0
      464: 0
      465: 0
      466: 0
      467: 0
      468: 0
      469: 0
      470: 0
      471: 0
      472: 0
      473: 0
      474: 0
      475: 0
      476: 0
      477: 0
      478: 0
      479: 0
      480: 0
      481: 0
      482: 0
      483: 0
      484: 0
      485: 0
      486: 0
      487: 0
      488: 0
      489: 0
      490: 0
      491: 0
      492: 0
      493: 0
      494: 0
      495: 0
      496: 0
      497: 0
      498: 0
      499: 0
      500: 0
      501: 0
      502: 0
      503: 0
      504: 0
      505: 0
      506: 0
      507: 0
      508: 0
      509: 0
      510: 0
      511: 0
      512: 0
      513: 0
      514: 0
      515: 0
      516: 0
      517: 0
      518: 0
      519: 0
      520: 0
      521: 0
      522: 0
      523: 0
      524: 0
      525: 0
      526: 0
      527: 0
      528: 0
      529: 0
      530: 0
      531: 0
      532: 0
      533: 0
      534: 0
      535: 0
      536: 0
      537: 0
      538: 0
      539: 0
      540: 0
      541: 0
      542: 0
      543: 0
      544: 0
      545: 0
      546: 0
      547: 0
      548: 0
      549: 0
      550: 0
      551: 0
      552: 0
      553: 0
      554: 0
      555: 0
      556: 0
      557: 0
      558: 0
      559: 0
      560: 0
      561: 0
      562: 0
      563: 0
      564: 0
      565: 0
      566: 0
      567: 0
      568: 0
      569: 0
      570: 0
      571: 0
      572: 0
      573: 0
      574: 0
      575: 0
      576: 0
      577: 0
      578: 0
      579: 0
      580: 0
      581: 0
      582: 0
      583: 0
      584: 0
      585: 0
      586: 0
      587: 0
      588: 0
      589: 0
      590: 0
      591: 0
      592: 0
      593: 0
      594: 0
      595: 0
      596: 0
      597: 0
      598: 0
      599: 0
    recentRoundsSum: 0
    recentShellsSum: 0
    totalRounds: 0
    totalShells: 0
    hourly:
    stats:
      lost: 0
      retakes: 0
      claims: 0
      firstInterior: -1
      firstFall: -1
      firstUnfed: -1
      unfedTotal: 0
      lostLog:
      ringReorders: 0
      assemblersAdded: 0
      claimsRejected: 0
      magsMade: 0
      machinesLost: 0
      ranDry: 0
      dryLog:
      firstBrownout: -1
      brownoutS: 0
      throttleMin: 1
      lostInWindow: 0
      lostAfterWindow: 0
      wellsDead: 0
      ringDraw: 0
      ringFired: 0
      spentSteel: 0
      spentCopper: 0
      roundsLost: 0
    stock:
      stone: 50
      copper: 100
      steel: 200
    patch:
      steel: 7680
      copper: 3840
    power:
      supply: 300
      throttle: 1
      short: false
      shortAt: -1
      okAt: -999
      asmActive: 0
      demandKw:
      supplyKw:
    asmTrack:
      n: 0
      at: -1
    wellDead:
      0: false
      1: false
      2: false
      3: false
      4: false
    wellEnclosedSince:
      0: -1
      1: -1
      2: -1
      3: -1
      4: -1
    events:
      0:
        type: 'stalker'
        t: 0
        id: 1
        what: 'spawn'
        x: 378
        y: 599
        site: 332
    flow:
      version: 1
      tick: 0
      next: 3
      rev: 3
      tw: 800
      machines:
        0:
          id: 1
          kind: 'depot'
          x: 418
          y: 632
          dir: 0
          size: 6
          items:
          hold: ~
          timer: 0
          phase: 0
          inv:
          out: 0
          busy: false
        1:
          id: 2
          kind: 'generator'
          x: 428
          y: 631
          dir: 0
          size: 2
          items:
          hold: ~
          timer: 0
          phase: 0
          inv:
            coal: 40
          out: 0
          busy: false
      occ:
        505228: 2
        505229: 2
        506018: 1
        506019: 1
        506020: 1
        506021: 1
        506022: 1
        506023: 1
        506028: 2
        506029: 2
        506818: 1
        506819: 1
        506820: 1
        506821: 1
        506822: 1
        506823: 1
        507618: 1
        507619: 1
        507620: 1
        507621: 1
        507622: 1
        507623: 1
        508418: 1
        508419: 1
        508420: 1
        508421: 1
        508422: 1
        508423: 1
        509218: 1
        509219: 1
        509220: 1
        509221: 1
        509222: 1
        509223: 1
        510018: 1
        510019: 1
        510020: 1
        510021: 1
        510022: 1
        510023: 1
      dug:
      units:
      store:
        coal: 40
        wire: 0
        frame: 0
        board: 0
      hand:
        mine: ~
        prog: 0
        crafts: 0
        crafting: false
        craftProg: 0
        full: false
        away: false
      stats:
        magsMade: 0
        magsDelivered: 0
        mined: 0
        handMined: 0
        handCrafted: 0
        delivered:
          steel: 0
          copper: 0
          stone: 0
          coal: 0
          magazine: 0
          wire: 0
          frame: 0
          board: 0
        putBack:
          steel: 0
          copper: 0
          stone: 0
          coal: 0
          magazine: 0
          wire: 0
          frame: 0
          board: 0
        fired: 0
        coalBurned: 0
        handFed: 0
        handFedMags: 0
        handFedCoal: 0
        chestTrips: 0
        reachRefused: 0
        minedOf:
          steel: 0
          copper: 0
          stone: 0
          coal: 0
          magazine: 0
          wire: 0
          frame: 0
          board: 0
        handMinedOf:
          steel: 0
          copper: 0
          stone: 0
          coal: 0
          magazine: 0
          wire: 0
          frame: 0
          board: 0
        railCoal: 0
        made:
          steel: 0
          copper: 0
          stone: 0
          coal: 0
          magazine: 0
          wire: 0
          frame: 0
          board: 0
        consumed:
          steel: 0
          copper: 0
          stone: 0
          coal: 0
          magazine: 0
          wire: 0
          frame: 0
          board: 0
        turretFed: 0
        genFed: 0
        placed:
          steel: 0
          copper: 0
        tramMoved: 0
        beltDelivered: 0
      pending:
      delivered:
      commissionSeq: 0
      projects:
      power:
        supply: 0
        demand: 0
        load: 0
        overS: 0
        throttle: 1
      ledger:
        tick: 0
        base:
          steel: 200
          copper: 100
          stone: 50
          coal: 80
          magazine: 20
          wire: 0
          frame: 0
          board: 0
          concrete: 0
  operator: 'deepStrictEqual'
  stack: |-
    TestContext.<anonymous> (/mnt/e/Factorio2/packages/sim/test/campaignCityValidation.test.ts:17:34)
    Test.runInAsyncScope (node:async_hooks:214:14)
    Test.run (node:internal/test_runner/test:1047:25)
    Test.processPendingSubtests (node:internal/test_runner/test:744:18)
    Test.postRun (node:internal/test_runner/test:1173:19)
    Test.run (node:internal/test_runner/test:1101:12)
    async startSubtestAfterBootstrap (node:internal/test_runner/harness:296:3)
  ...
# Subtest: bad reservation rectangles, overlapping sites, source identity and rail topology are independently reported
ok 3 - bad reservation rectangles, overlapping sites, source identity and rail topology are independently reported
  ---
  duration_ms: 704.395598
  type: 'test'
  ...
# Subtest: blocked interactions are found from the final shared collision mask, not just the site centre
ok 4 - blocked interactions are found from the final shared collision mask, not just the site centre
  ---
  duration_ms: 462.402541
  type: 'test'
  ...
# Subtest: runner retains failed generation and seed identity; invalid or duplicate seed requests refuse
ok 5 - runner retains failed generation and seed identity; invalid or duplicate seed requests refuse
  ---
  duration_ms: 1.212978
  type: 'test'
  ...
1..5
# tests 5
# suites 0
# pass 3
# fail 2
# cancelled 0
# skipped 0
# todo 0
# duration_ms 8512.6285
